cafe_id,name,picture,detail_url,latitude,longitude
1,コーヒーの大学院 ルミエール・ド・パリ,https://img.cafesnap.me/img-a/320/320/cafeapp/cafe-app/ontributions/03bb30d7dbe28c5005cbc55fe0a4c8b1/185452896603fa445f2eff_image.jpg,https://cafesnap.me/c/9455,35.4454063,139.639864
2,おやつ処 cafe 茶寿,https://img.cafesnap.me/img-a/320/320/cafeapp/cafe-app/ontributions/fb69d271aad785e9ac9389e57e4e71fd/10225146536031ea909e942_image.jpg,https://cafesnap.me/c/6032,35.4981633,139.6326669
3,Cafe douce,https://img.cafesnap.me/img-a/320/320/cafeapp/cafe-app/ontributions/a038ab95f279494130f13e6f27c72b39/2073153801603e6a84a404a_user.jpg,https://cafesnap.me/c/4802,35.4845889,139.627529
4,Star Jewelry CAFE & Chocolatier,https://img.cafesnap.me/img-a/320/320/cafeapp/cafe-app/ontributions/930d6a7ae8cbf99189a32b267ec5f1b4/909414619603e5f4019bcc_image.jpg,https://cafesnap.me/c/6624,35.4404995,139.6496215
5,yokohama coffee stand,https://img.cafesnap.me/img-a/320/320/cafeapp/cafe-app/ontributions/e143c5eb3f706761486edd9b49abd39c/311880396604033daca592_user.jpg,https://cafesnap.me/c/6594,35.44193,139.648639
6,シルスマリア 馬車道本店,https://img.cafesnap.me/img-a/320/320/cafeapp/cafe-app/ontributions/596bf4bc6fc77620af1a171eee7745da/1370580589603d999bc18a3_user.jpg,https://cafesnap.me/c/13379,35.4484978,139.6362442
7,ZEBRA Coffee & Croissant,https://img.cafesnap.me/img-a/320/320/cafeapp/cafe-app/ontributions/ee3119eecc155a513c0907982b0e2443/534769112603b9557dd7cf_user.jpg,https://cafesnap.me/c/14903,35.4548694,139.641962
8,マーロウブラザーズコーヒー そごう横浜店,https://img.cafesnap.me/img-a/320/320/cafeapp/cafe-app/ontributions/fb69d271aad785e9ac9389e57e4e71fd/179200500560377787dfac9_image.jpg,https://cafesnap.me/c/14697,35.4654249,139.6250954
9,サモアール 馬車道店,https://img.cafesnap.me/img-a/320/320/cafeapp/cafe-app/ontributions/a038ab95f279494130f13e6f27c72b39/1792457767603727a44699f_user.jpg,https://cafesnap.me/c/6974,35.4484961,139.6365635
10,ブルーボトルコーヒー  みなとみらいカフェ,https://img.cafesnap.me/img-a/320/320/cafeapp/cafe-app/ontributions/853a5a16cb538d5bf6312a6d1cea3552/19633433116037176aaea0d_user.jpg,https://cafesnap.me/c/14454,35.4583369,139.6309036
11,えの木てい,https://img.cafesnap.me/img-a/320/320/cafeapp/cafe-app/ontributions/5c8359da7bfaeb12dc99bdd7f9b4a9a1/3542697696034eeba39709_user.jpg,https://cafesnap.me/c/202,35.4375446,139.6520055
12,CHILLULU COFFEE,https://img.cafesnap.me/img-a/320/320/cafeapp/cafe-app/ontributions/9a6d2e49990b49d4dac4ee6c25c3740a/13006707806034a76e28afb_user.jpg,https://cafesnap.me/c/6348,35.442858,139.647136
13,Kurumicco Factory Cafe,https://img.cafesnap.me/img-a/320/320/cafeapp/cafe-app/ontributions/9852283b277e8f55c4f0f56680a0072d/308414679603483a859d34_user.jpg,https://cafesnap.me/c/13656,35.4563306,139.642262
14,rokucafe,https://img.cafesnap.me/img-a/320/320/cafeapp/cafe-app/ontributions/0a005c6fefdeb56b061f9f0e1ebb821e/127225660460322c7f3b57c_user.jpg,https://cafesnap.me/c/1424,35.4651645,139.6147781
15,ブルーボトルコーヒー NEWoMan YOKOHAMA カフェスタンド,https://img.cafesnap.me/img-a/320/320/cafeapp/cafe-app/ontributions/9c5cb1cbd8b973f6b2aafa38a979d1a5/81851165160321c8000b74_user.jpg,https://cafesnap.me/c/14156,35.4666479,139.6219983
16,カフェ・ド・ピオン,https://img.cafesnap.me/img-a/320/320/cafeapp/cafe-app/ontributions/d3aa70d95ffa4bc84107228ead91881a/6997114816030bba7ae301_image.jpg,https://cafesnap.me/c/14860,35.5221549,139.6283552
17,SAND GLASS,https://img.cafesnap.me/img-a/320/320/cafeapp/cafe-app/ontributions/d3aa70d95ffa4bc84107228ead91881a/6689698006030bb0ac1b07_image.jpg,https://cafesnap.me/c/6464,35.4488792,139.6385025
18,珈琲専科 小島屋,https://img.cafesnap.me/img-a/320/320/cafeapp/cafe-app/ontributions/a038ab95f279494130f13e6f27c72b39/72937000760305a178354e_user.jpg,https://cafesnap.me/c/9788,35.4459159,139.6391087
19,POTIER COFFEE 新横浜店,https://img.cafesnap.me/img-a/320/320/cafeapp/cafe-app/ontributions/bdf42b868eb039948c5ba073a11b672d/2043586292602ef651ef8e5_user.jpg,https://cafesnap.me/c/3060,35.5083196,139.6131379
20,DAILY ESCAPE COFFEE,https://img.cafesnap.me/img-a/320/320/cafeapp/cafe-app/ontributions/5b4bc9d2ce253ee9ef988f4e0ff18abb/206572942860294b5b6a7c2_user.jpg,https://cafesnap.me/c/13360,35.5349478,139.5619048
21,POE COFFEE,https://img.cafesnap.me/img-a/320/320/cafeapp/cafe-app/ontributions/a038ab95f279494130f13e6f27c72b39/137410739560291440f087e_user.jpg,https://cafesnap.me/c/13719,35.4839631,139.6274103
22,CARAVAN COFFEE STAND,https://img.cafesnap.me/img-a/320/320/cafeapp/cafe-app/ontributions/8dc6f57d6d27c8c12b2efd8fed6f2878/15447480836028e17c4fce8_user.jpg,https://cafesnap.me/c/1615,35.4423467,139.6503711
23,GOOD on YOU Coffee Stand,https://img.cafesnap.me/img-a/320/320/cafeapp/cafe-app/ontributions/596bf4bc6fc77620af1a171eee7745da/1962524359602827d30a86a_user.jpg,https://cafesnap.me/c/6655,35.440902,139.63124
24,菓舎,https://img.cafesnap.me/img-a/320/320/cafeapp/cafe-app/ontributions/3f91eb8c4ea90b8b45392dfb6abf339f/425716251602776dc6ed40_user.jpg,https://cafesnap.me/c/10411,35.474776,139.6229548
25,Little Village Cafe,https://img.cafesnap.me/img-a/320/320/cafeapp/cafe-app/ontributions/fb69d271aad785e9ac9389e57e4e71fd/20249864356020bf45be07c_image.jpg,https://cafesnap.me/c/13546,35.4308816,139.6483709
26,資生堂パーラー 横浜高島屋店,https://img.cafesnap.me/img-a/320/320/cafeapp/cafe-app/ontributions/fb69d271aad785e9ac9389e57e4e71fd/1053233962601ced9083618_image.jpg,https://cafesnap.me/c/8787,35.4650341,139.6205794
27,モンレオン,https://img.cafesnap.me/img-a/320/320/cafeapp/cafe-app/ontributions/a038ab95f279494130f13e6f27c72b39/1063715983601be459ed2cc_user.jpg,https://cafesnap.me/c/9777,35.4431674,139.6328463
28,焼菓子工務店,https://img.cafesnap.me/img-a/320/320/cafeapp/cafe-app/ontributions/fb69d271aad785e9ac9389e57e4e71fd/8293504260138dd85f29d_image.jpg,https://cafesnap.me/c/11721,35.4869651,139.6223268
29,minato coffee,https://img.cafesnap.me/img-a/320/320/cafeapp/cafe-app/ontributions/1d5139e1d4b437f62e31572730062fa2/157608238601116cbdbe87_image.jpg,https://cafesnap.me/c/11404,35.4558328,139.6327446
30,コーヒースタイルUCC,https://img.cafesnap.me/img-a/320/320/cafeapp/cafe-app/ontributions/9638eaf1bf7580f58dc5b4d934fe2fb0/7383398506010147b016b6_user.jpg,https://cafesnap.me/c/10138,35.4643705,139.6204128
31,トラヤカフェ・あんスタンド　横浜店,https://img.cafesnap.me/img-a/320/320/cafeapp/cafe-app/ontributions/9638eaf1bf7580f58dc5b4d934fe2fb0/101728125660101288b604e_user.jpg,https://cafesnap.me/c/14417,35.4671442,139.6230141
32,珈琲苑,https://img.cafesnap.me/img-a/320/320/cafeapp/cafe-app/ontributions/a038ab95f279494130f13e6f27c72b39/1753508045600d44d19208c_user.jpg,https://cafesnap.me/c/9684,35.5138942,139.6741717
33,Sky produce by TOSHI YOROIZUKA,https://img.cafesnap.me/img-a/320/320/cafeapp/cafe-app/ontributions/fb69d271aad785e9ac9389e57e4e71fd/592137043600baf3f41276_image.jpg,https://cafesnap.me/c/14733,35.4965587,139.6214257
34,Cafe issui,https://img.cafesnap.me/img-a/320/320/cafeapp/cafe-app/ontributions/0e82978c56dfdcb42ee4d5fa2e104cc9/1146415486600ab7b1164af_user.jpg,https://cafesnap.me/c/13640,35.5537193,139.6448705
35,しょうゆ きゃふぇ,https://img.cafesnap.me/img-a/320/320/cafeapp/cafe-app/ontributions/5bc2909e6d3b460e4bb6b32e22dce048/158822946460044a31e99dd_user.jpg,https://cafesnap.me/c/1911,35.4409703,139.6501756
36,プルメリアカフェ,https://img.cafesnap.me/img-a/320/320/cafeapp/cafe-app/ontributions/5bc2909e6d3b460e4bb6b32e22dce048/5856888426004480de5c13_user.jpg,https://cafesnap.me/c/11540,35.4658237,139.6175086
37,果実園リーベル 横浜ランドマークプラザ店,https://img.cafesnap.me/img-a/320/320/cafeapp/cafe-app/ontributions/5bc2909e6d3b460e4bb6b32e22dce048/154298627360043ece7f0a9_user.jpg,https://cafesnap.me/c/10837,35.4556963,139.6321834
38,無,https://img.cafesnap.me/img-a/320/320/cafeapp/cafe-app/ontributions/a038ab95f279494130f13e6f27c72b39/3659815126002df39e454d_user.jpg,https://cafesnap.me/c/9710,35.4412303,139.6499666
39,pukutto食堂,https://img.cafesnap.me/img-a/320/320/cafeapp/cafe-app/ontributions/d3aa70d95ffa4bc84107228ead91881a/197235492860024e8da76e0_image.jpg,https://cafesnap.me/c/1763,35.5211088,139.6294523
40,アジアンカフェ 883 ,https://img.cafesnap.me/img-a/320/320/cafeapp/cafe-app/ontributions/d3aa70d95ffa4bc84107228ead91881a/16153812536000f6a844460_image.jpg,https://cafesnap.me/c/8510,35.5683766,139.5527152
41,JIKE STUDIO,https://img.cafesnap.me/img-a/320/320/cafeapp/cafe-app/ontributions/e7817315a992fac4160463063d0199a2/19230816465ffcd42b6cca1_user.jpg,https://cafesnap.me/c/2387,35.5712446,139.5082321
42,エレーナ,https://img.cafesnap.me/img-a/320/320/cafeapp/cafe-app/ontributions/d3aa70d95ffa4bc84107228ead91881a/21321059475ffbd220a71b2_image.jpg,https://cafesnap.me/c/7259,35.43595,139.6449402
43,Pain de U,https://img.cafesnap.me/img-a/320/320/cafeapp/cafe-app/ontributions/fb69d271aad785e9ac9389e57e4e71fd/1934405355ff5a350338cc_image.jpg,https://cafesnap.me/c/14573,35.4770416,139.6316531
44,CAFE シトカ,https://img.cafesnap.me/img-a/320/320/cafeapp/cafe-app/ontributions/a5aa6aa16f56014eaec52dcc3dc007f7/8378082275ff3c2b494a0e_user.jpg,https://cafesnap.me/c/11882,35.4309553,139.630026
45,COFFEE AND BEER &9,https://img.cafesnap.me/img-a/320/320/cafeapp/cafe-app/ontributions/1b66dc397c116441d6d8ba212f5f48d4/15150134245fed9f247ec52_user.jpg,https://cafesnap.me/c/14451,35.4651769,139.6216332
46,横濱珈琲店 五番街,https://img.cafesnap.me/img-a/320/320/cafeapp/cafe-app/ontributions/a038ab95f279494130f13e6f27c72b39/191686885feada03ef5cf_user.jpg,https://cafesnap.me/c/9619,35.4644724,139.6201092
47,カフェ　アメンドロ,https://img.cafesnap.me/img-a/320/320/cafeapp/cafe-app/ontributions/22a11e3d1eee149af25a7bebf87147ed/8387316935fe87bfe8ec22_user.jpg,https://cafesnap.me/c/12604,35.4880521,139.626316
48,Cafe de UN,https://img.cafesnap.me/img-a/320/320/cafeapp/cafe-app/ontributions/a038ab95f279494130f13e6f27c72b39/10166835725fe82df53605f_user.jpg,https://cafesnap.me/c/10077,35.4788105,139.6314815
49,CAFE Elliott Avenue,https://img.cafesnap.me/img-a/320/320/cafeapp/cafe-app/ontributions/cd8b252deeff172c004d4f10d21b7948/8027660585fe7f8f450763_image.jpg,https://cafesnap.me/c/893,35.4433772,139.6521821
50,TERA COFFEE and ROASTER 白楽店,https://img.cafesnap.me/img-a/320/320/cafeapp/cafe-app/ontributions/fb69d271aad785e9ac9389e57e4e71fd/8070773025fe6ca91b559c_image.jpg,https://cafesnap.me/c/9747,35.4902069,139.6277088
51,【休業中】コの字カフェ,https://img.cafesnap.me/img-a/320/320/cafeapp/cafe-app/ontributions/a038ab95f279494130f13e6f27c72b39/15376603025fddf508b9848_user.jpg,https://cafesnap.me/c/11719,35.5437532,139.627813
52,ecomo bakery YOKOHAMA MOTOMACHI,https://img.cafesnap.me/img-a/320/320/cafeapp/cafe-app/ontributions/22a11e3d1eee149af25a7bebf87147ed/1034231525fdcc2fb6dde6_user.jpg,https://cafesnap.me/c/3857,35.4415054,139.6509431
53,Pâtisserie Cafe Sora,https://img.cafesnap.me/img-a/320/320/cafeapp/cafe-app/ontributions/22a11e3d1eee149af25a7bebf87147ed/11821432975fdcc1d26ee88_user.jpg,https://cafesnap.me/c/13669,35.4916583,139.6297697
54,モデル,https://img.cafesnap.me/img-a/320/320/cafeapp/cafe-app/ontributions/22a11e3d1eee149af25a7bebf87147ed/20368073315fdcc101ac80c_user.jpg,https://cafesnap.me/c/9301,35.4397416,139.6423616
55,京はやしや そごう横浜店,https://img.cafesnap.me/img-a/320/320/cafeapp/cafe-app/ontributions/fb69d271aad785e9ac9389e57e4e71fd/4734181315fdc32d31418e_image.jpg,https://cafesnap.me/c/13290,35.4650325,139.6249642
56,UNI COFFEE ROASTERY,https://img.cafesnap.me/img-a/320/320/cafeapp/cafe-app/ontributions/fb69d271aad785e9ac9389e57e4e71fd/2665563285fd99fe2354b1_image.jpg,https://cafesnap.me/c/14126,35.4632419,139.6154701
57,水信フルーツパーラー,https://img.cafesnap.me/img-a/320/320/cafeapp/cafe-app/ontributions/50bbab1b7346ede12a44b7213226e59d/10773973145fd7f6ca9e799_image.jpg,https://cafesnap.me/c/14216,35.4509653,139.6359248
58,niko and…KITCHEN,https://img.cafesnap.me/img-a/320/320/cafeapp/cafe-app/ontributions/899a81cf06d1c3bca1afb1e95b9d254f/17055564905fd6e696c1e05_user.jpg,https://cafesnap.me/c/13474,35.4663121,139.6268565
59,珈琲文明,https://img.cafesnap.me/img-a/320/320/cafeapp/cafe-app/ontributions/22a11e3d1eee149af25a7bebf87147ed/2789238615fd4d7aa1d737_user.jpg,https://cafesnap.me/c/2500,35.4881182,139.6263449
60,comma tea みなとみらい コレットマーレ店,https://img.cafesnap.me/img-a/320/320/cafeapp/cafe-app/ontributions/4a901c8cb426243cf3392e8023764070/1671806825fd46b0955ca1_user.jpg,https://cafesnap.me/c/14619,35.4521512,139.6310569
61,R Baker,https://img.cafesnap.me/img-a/320/320/cafeapp/cafe-app/ontributions/9852283b277e8f55c4f0f56680a0072d/6673014445fd4645851b8b_user.jpg,https://cafesnap.me/c/10862,35.459652,139.6272622
62,HARBS 横浜ランドマークプラザ店,https://img.cafesnap.me/img-a/320/320/cafeapp/cafe-app/ontributions/d3aa70d95ffa4bc84107228ead91881a/11471231725fd4412be038c_image.jpg,https://cafesnap.me/c/5312,35.454527,139.6307155
63,Chai Tea Cafe,https://img.cafesnap.me/img-a/320/320/cafeapp/cafe-app/ontributions/84845a6df1e1b8de6df43f29a569aa63/13461960275fd0b28f63665_user.jpg,https://cafesnap.me/c/3590,35.4433613,139.6477701
64,ANTICO CAFFE AL AVIS 横浜ジョイナス店,https://img.cafesnap.me/img-a/320/320/cafeapp/cafe-app/ontributions/5e6e6b0191625a8e516129ea065b02d5/15010362475fd02e990981d_user.jpg,https://cafesnap.me/c/8378,35.4648438,139.6208384
65,pie Holic,https://img.cafesnap.me/img-a/320/320/cafeapp/cafe-app/ontributions/27ddbe4fcbac45adce3722ad86eca297/19319249135fcff55ad44b1_image.jpg,https://cafesnap.me/c/8847,35.4549361,139.6417673
66,Au jardin de Perry,https://img.cafesnap.me/img-a/320/320/cafeapp/cafe-app/ontributions/27ddbe4fcbac45adce3722ad86eca297/9433833095fce9ecfb8e8f_image.jpg,https://cafesnap.me/c/1921,35.4473214,139.6439408
67,Teafanny,https://img.cafesnap.me/img-a/320/320/cafeapp/cafe-app/ontributions/eff1dde420f40a94a753712b9461e544/8496432035fc9f9908b14e_user.jpg,https://cafesnap.me/c/10682,35.4385092,139.6616067
68,【閉店】&ima,https://img.cafesnap.me/img-a/320/320/cafeapp/cafe-app/ontributions/8f117a4a37bbc0622032d91656de3e83/4715272885fc57bd44572f_user.jpg,https://cafesnap.me/c/6625,35.4682966,139.4940351
69,NAGI COFFEE,https://img.cafesnap.me/img-a/320/320/cafeapp/cafe-app/ontributions/fb69d271aad785e9ac9389e57e4e71fd/7807377055fc485717d4b6_image.jpg,https://cafesnap.me/c/5597,35.4758942,139.6215782
70,CAFE BLOOM,https://img.cafesnap.me/img-a/320/320/cafeapp/cafe-app/ontributions/bd360fb47d3e2f7e7e910e854302e582/17805536095fc35a61318a6_user.jpg,https://cafesnap.me/c/7193,35.4821331,139.6304865
71,丘の上のパン屋,https://img.cafesnap.me/img-a/320/320/cafeapp/cafe-app/ontributions/a5aa6aa16f56014eaec52dcc3dc007f7/8306989105fbfcf2a5ffe7_user.jpg,https://cafesnap.me/c/11538,35.5838637,139.5364198
72,TSUKIKOYA 中華街店,https://img.cafesnap.me/img-a/320/320/cafeapp/cafe-app/ontributions/3dbc5addcc3706511ca37ac5cbdd4b63/13666122755fbf2ad967806_user.jpg,https://cafesnap.me/c/9743,35.4416931,139.6481884
73,innergie CAFE,https://img.cafesnap.me/img-a/320/320/cafeapp/cafe-app/ontributions/a038ab95f279494130f13e6f27c72b39/19130260815fb636ca42594_user.jpg,https://cafesnap.me/c/14531,35.4446728,139.6429022
74,むさしの森珈琲 六ツ川店,https://img.cafesnap.me/img-a/320/320/cafeapp/cafe-app/ontributions/2bde0b6c81a063067e87e98121a59b9f/14252602235fb4ca4e52545_user.jpg,https://cafesnap.me/c/2648,35.4258543,139.5830339
75,Pavlov,https://img.cafesnap.me/img-a/320/320/cafeapp/cafe-app/ontributions/9c5cb1cbd8b973f6b2aafa38a979d1a5/3230451695fb3bffb218fe_user.jpg,https://cafesnap.me/c/1672,35.4423658,139.6493223
76,hana cafe,https://img.cafesnap.me/img-a/320/320/cafeapp/cafe-app/ontributions/d3aa70d95ffa4bc84107228ead91881a/18089059155fafa670ed477_image.jpg,https://cafesnap.me/c/14503,35.3331981,139.6217617
77,【閉店】cafe くの家,https://img.cafesnap.me/img-a/320/320/cafeapp/cafe-app/ontributions/fb69d271aad785e9ac9389e57e4e71fd/14829491725faf642864c85_image.jpg,https://cafesnap.me/c/8458,35.4814032,139.6305084
78,CAFE KALDI,https://img.cafesnap.me/img-a/320/320/cafeapp/cafe-app/ontributions/a038ab95f279494130f13e6f27c72b39/18517382655fad52aee33a6_user.jpg,https://cafesnap.me/c/6949,35.535645,139.630674
79,Cafe de lento,https://img.cafesnap.me/img-a/320/320/cafeapp/cafe-app/ontributions/39a8e96ea988d205c917eb58a97497c1/17346592935fab4631429af_user.jpg,https://cafesnap.me/c/1332,35.4387507,139.6458531
80,bakery&cafe　BASE+1,https://img.cafesnap.me/img-a/320/320/cafeapp/cafe-app/ontributions/7430701061be45b9b88f6af0b06aa838/2746364505fa94af14a2d2_user.jpg,https://cafesnap.me/c/12039,35.4848724,139.6269921
81,白楽ベーグル,https://img.cafesnap.me/img-a/320/320/cafeapp/cafe-app/ontributions/7430701061be45b9b88f6af0b06aa838/9065353555fa94ad13a6cf_user.jpg,https://cafesnap.me/c/2418,35.4865711,139.6227546
82,CRAFT BEER DINING &9,https://img.cafesnap.me/img-a/320/320/cafeapp/cafe-app/ontributions/1b66dc397c116441d6d8ba212f5f48d4/18887675685fa7f1264665e_user.jpg,https://cafesnap.me/c/8670,35.4449561,139.6415711
83,SODA BAR,https://img.cafesnap.me/img-a/320/320/cafeapp/cafe-app/ontributions/13c97ddcd41785426a1766ad63debd38/19440919875fa7c21ba8e78_user.jpg,https://cafesnap.me/c/2642,35.4544186,139.6427055
84,カフェ コクテル堂 横浜みなとみらい店,https://img.cafesnap.me/img-a/320/320/cafeapp/cafe-app/ontributions/d3aa70d95ffa4bc84107228ead91881a/16390722225fa1275943c8d_image.jpg,https://cafesnap.me/c/9845,35.457567,139.63154
85,port of call ビブレ横浜店,https://img.cafesnap.me/img-a/320/320/cafeapp/cafe-app/ontributions/d3aa70d95ffa4bc84107228ead91881a/12753504825fa12699047c6_image.jpg,https://cafesnap.me/c/6778,35.4648783,139.6181916
86,Peace Flower Market & Cafe,https://img.cafesnap.me/img-a/320/320/cafeapp/cafe-app/ontributions/9aef9f017083462bfed46a1ce1ff4036/13011953215fa0cbd311694_user.jpg,https://cafesnap.me/c/852,35.4406526,139.6508305
87,馬車道十番館,https://img.cafesnap.me/img-a/320/320/cafeapp/cafe-app/ontributions/2f52dc40bef4f858d652e118df816a9c/2207240685f960178473a7_user.jpg,https://cafesnap.me/c/5129,35.4473888,139.6348273
88,まめや 本店,https://img.cafesnap.me/img-a/320/320/cafeapp/cafe-app/ontributions/282bec13ef8d06f0aa9e128648bd5de2/19981695135f95d59b3ab40_user.jpg,https://cafesnap.me/c/1918,35.4405146,139.6272511
89,cafe & dining blue terminal,https://img.cafesnap.me/img-a/320/320/cafeapp/cafe-app/ontributions/c02c3d24ca6816f163fb625d20952da5/17771139625f956f2971da6_user.jpg,https://cafesnap.me/c/7439,35.4512124,139.6472356
90,Shinha,https://img.cafesnap.me/img-a/320/320/cafeapp/cafe-app/ontributions/c02c3d24ca6816f163fb625d20952da5/19096904055f956de3a1d45_user.jpg,https://cafesnap.me/c/2904,35.4499169,139.6378069
91,Caffè Sanpopola,https://img.cafesnap.me/img-a/320/320/cafeapp/cafe-app/ontributions/d3aa70d95ffa4bc84107228ead91881a/6683228445f9376a56ddca_image.jpg,https://cafesnap.me/c/11321,35.4515836,139.6305437
92,BUBBLE OVER,https://img.cafesnap.me/img-a/320/320/cafeapp/cafe-app/ontributions/733e016bcc100d33b26e3125b2a30a16/18106539725f91548108c09_image.jpg,https://cafesnap.me/c/5856,35.546537,139.546005
93,ELOISE's Cafe 横浜ハンマーヘッド店,https://img.cafesnap.me/img-a/320/320/cafeapp/cafe-app/ontributions/eff1dde420f40a94a753712b9461e544/20060657325f900c4a54fcb_user.jpg,https://cafesnap.me/c/14305,35.4566535,139.6419573
94,bills 横浜赤レンガ倉庫,https://img.cafesnap.me/img-a/320/320/cafeapp/cafe-app/ontributions/1b66dc397c116441d6d8ba212f5f48d4/8634353535f8e09fc76ca4_user.jpg,https://cafesnap.me/c/204,35.4527312,139.6435794
95,VanillaBeans みなとみらい本店,https://img.cafesnap.me/img-a/320/320/cafeapp/cafe-app/ontributions/9c5cb1cbd8b973f6b2aafa38a979d1a5/5439040285f8d92e9c8f45_user.jpg,https://cafesnap.me/c/3474,35.4513523,139.6382679
96,LE SALON DE NINA’S クィーンズスクエア横浜,https://img.cafesnap.me/img-a/320/320/cafeapp/cafe-app/ontributions/1b66dc397c116441d6d8ba212f5f48d4/16779007675f8cbdde54a88_user.jpg,https://cafesnap.me/c/7529,35.4562079,139.6339235
97,24/7 coffee&roaster yokohama,https://img.cafesnap.me/img-a/320/320/cafeapp/cafe-app/ontributions/22a11e3d1eee149af25a7bebf87147ed/15392790485f8be64dacb4f_user.jpg,https://cafesnap.me/c/6378,35.465264,139.622848
98,ウエスト ベイカフェ ヨコハマ,https://img.cafesnap.me/img-a/320/320/cafeapp/cafe-app/ontributions/ea761cc9b906eaa5d2ea3a05d03d5ba1/4500740485f84744f1bdbe_user.jpg,https://cafesnap.me/c/8786,35.4661722,139.6205728
99,kikcafe,https://img.cafesnap.me/img-a/320/320/cafeapp/cafe-app/ontributions/6056667460fe285e2c012720d25fb386/5008258745f82c518c7bbd_user.jpg,https://cafesnap.me/c/13001,35.4456409,139.5981128
100,CAFE GIANG,https://img.cafesnap.me/img-a/320/320/cafeapp/cafe-app/ontributions/99e08ebe57644060feac545668ad8837/10402895585f82bdf40cb56_user.jpg,https://cafesnap.me/c/9914,35.4438632,139.6472701
101,AOKATI roaster,https://img.cafesnap.me/img-a/320/320/cafeapp/cafe-app/ontributions/28b5f05a61640d9308e2efaebb53d8c9/1781852485f828c96a60f9_user.jpg,https://cafesnap.me/c/11598,35.5693861,139.5456932
102,chano-ma 横浜,https://img.cafesnap.me/img-a/320/320/cafeapp/cafe-app/ontributions/55234d6611f181e4e14c96f28188cf59/5923097115f7c2f0e3f6ae_user.jpg,https://cafesnap.me/c/341,35.4526178,139.6428859
103,Mother Leaf 横浜スカイビル店,https://img.cafesnap.me/img-a/320/320/cafeapp/cafe-app/ontributions/fb69d271aad785e9ac9389e57e4e71fd/4331649745f7ab91785a70_image.jpg,https://cafesnap.me/c/7161,35.4647384,139.6244816
104,メレンゲ みなとみらい店,https://img.cafesnap.me/img-a/320/320/cafeapp/cafe-app/ontributions/1c442667a67975153045456a3d047471/2912179645f79bc1163df1_user.jpg,https://cafesnap.me/c/11643,35.4591472,139.6272474
105,Wraps Crepe,https://img.cafesnap.me/img-a/320/320/cafeapp/cafe-app/ontributions/fb69d271aad785e9ac9389e57e4e71fd/2320983085f71d08200e9f_image.jpg,https://cafesnap.me/c/14362,35.4866639,139.6231224
106,萬來行カフェ,https://img.cafesnap.me/img-a/320/320/cafeapp/cafe-app/ontributions/845d4c7bb599f21d31d7558235eb587c/5158009335f6322e5e74d5_user.jpg,https://cafesnap.me/c/8493,35.4433633,139.6459176
107,Eat & Smile,https://img.cafesnap.me/img-a/320/320/cafeapp/cafe-app/ontributions/7430701061be45b9b88f6af0b06aa838/9351762915f608ef91a467_user.jpg,https://cafesnap.me/c/13702,35.5640763,139.5539972
108,cafe sorale Tsumugi FOOD&TIME ISETAN YOKOHAMA,https://img.cafesnap.me/img-a/320/320/cafeapp/cafe-app/ontributions/7430701061be45b9b88f6af0b06aa838/853527925f5f5a7cd45bf_user.jpg,https://cafesnap.me/c/14317,35.4644694,139.6190716
109,バウハウス,https://img.cafesnap.me/img-a/320/320/cafeapp/cafe-app/ontributions/b06b62894a2a786791b68d81209d41a6/17953173525f5dbb8f82d43_image.jpg,https://cafesnap.me/c/12154,35.5344879,139.5899129
110,GRANNY SMITH APPLE PIE & COFFEE CIAL 横浜店,https://img.cafesnap.me/img-a/320/320/cafeapp/cafe-app/ontributions/79ca45f04d20376a90f95d1fc7bcffff/5448993355f5db54e33f50_image.jpg,https://cafesnap.me/c/14298,35.4671442,139.6230141
111,S/PARK CAFE,https://img.cafesnap.me/img-a/320/320/cafeapp/cafe-app/ontributions/8035275486dbe1086630c23e95b9d732/20744891155f5d8aed94a20_user.jpg,https://cafesnap.me/c/12827,35.4614452,139.6261333
112,お茶の子 まめ,https://img.cafesnap.me/img-a/320/320/cafeapp/cafe-app/ontributions/a038ab95f279494130f13e6f27c72b39/15011780105f5cccec1b15e_user.jpg,https://cafesnap.me/c/14281,35.4870494,139.6228369
113,1tas1 sewing&coffee,https://img.cafesnap.me/img-a/320/320/cafeapp/cafe-app/ontributions/3be0f661d8f1cfa3c52dd8c7b4072d90/7379996355f5c6b2c3e7d0_user.jpg,https://cafesnap.me/c/14185,35.4731298,139.4833412
114,水信フルーツパーラー ラボ,https://img.cafesnap.me/img-a/320/320/cafeapp/cafe-app/ontributions/8035275486dbe1086630c23e95b9d732/20674146355f5a12871f1c4_user.jpg,https://cafesnap.me/c/10040,35.4523161,139.6310682
115,Art and Syrup,https://img.cafesnap.me/img-a/320/320/cafeapp/cafe-app/ontributions/be04e6bb0fbadaf1f38f49f9de44346c/1173849285f58e2058ee37_user.jpg,https://cafesnap.me/c/10274,35.4380176,139.6239013
116,美女と野獣のカフェ＆レストランBeauty＆the Beast,https://img.cafesnap.me/img-a/320/320/cafeapp/cafe-app/ontributions/8035275486dbe1086630c23e95b9d732/17926660135f50fb18a9026_user.jpg,https://cafesnap.me/c/11190,35.4420831,139.6438294
117,アデリータ,https://img.cafesnap.me/img-a/320/320/cafeapp/cafe-app/ontributions/3f91eb8c4ea90b8b45392dfb6abf339f/18956856285f4dcd4ce1dcb_user.jpg,https://cafesnap.me/c/1476,35.5365365,139.6308241
118,雫カフェ,https://img.cafesnap.me/img-a/320/320/cafeapp/cafe-app/ontributions/fb69d271aad785e9ac9389e57e4e71fd/11250795425f49ad59ca607_image.jpg,https://cafesnap.me/c/4794,35.4909523,139.6293085
119,たいやきかふぇ浪花家,https://img.cafesnap.me/img-a/320/320/cafeapp/cafe-app/ontributions/fb69d271aad785e9ac9389e57e4e71fd/8742537675f4989f706aa0_image.jpg,https://cafesnap.me/c/11702,35.488948,139.6252181
120,【休業中】喫茶Amber,https://img.cafesnap.me/img-a/320/320/cafeapp/cafe-app/ontributions/b06b62894a2a786791b68d81209d41a6/18384296265f460e328c0df_image.jpg,https://cafesnap.me/c/9309,35.5150055,139.535885
121,ブルーマウンテン,https://img.cafesnap.me/img-a/320/320/cafeapp/cafe-app/ontributions/f899022d2d301dc28cef829cfc06dba3/2535508795f45969fe028d_user.jpg,https://cafesnap.me/c/9802,35.4653561,139.625485
122,OSLO COFFEE 横浜ジョイナス店,https://img.cafesnap.me/img-a/320/320/cafeapp/cafe-app/ontributions/7e0c9088ee72d2eaceec0b05e6d3abd9/6561345725f3e59dbe9b34_user.jpg,https://cafesnap.me/c/2862,35.4668989,139.6211188
123,BEANS & ROASTERS by UCC エトモあざみ野店,https://img.cafesnap.me/img-a/320/320/cafeapp/cafe-app/ontributions/557da2b08b6246ba4c9569173e0237a0/19420603235f38e7d77c483_image.jpg,https://cafesnap.me/c/13547,35.5677121,139.5529569
124,Pepper,https://img.cafesnap.me/img-a/320/320/cafeapp/cafe-app/ontributions/d3aa70d95ffa4bc84107228ead91881a/18669206645f373205ef74e_image.jpg,https://cafesnap.me/c/14207,35.4673502,139.6195176
125,ABALLON COFFEE,https://img.cafesnap.me/img-a/320/320/cafeapp/cafe-app/ontributions/d3aa70d95ffa4bc84107228ead91881a/1191503135f3731c00f4f8_image.jpg,https://cafesnap.me/c/9101,35.4069568,139.595966
126,小川珈琲 たまプラーザ東急SC店,https://img.cafesnap.me/img-a/320/320/cafeapp/cafe-app/ontributions/557da2b08b6246ba4c9569173e0237a0/12142438115f3657336f1e5_image.jpg,https://cafesnap.me/c/9639,35.5786215,139.5583326
127,24/7 restaurant ,https://img.cafesnap.me/img-a/320/320/cafeapp/cafe-app/ontributions/b27f48389bdd5d450e64bcff8c05851b/4729709715f313f8489e19_user.jpg,https://cafesnap.me/c/6823,35.4566503,139.6344394
128,TERA COFFEE and ROASTER　大倉山店,https://img.cafesnap.me/img-a/320/320/cafeapp/cafe-app/ontributions/284bc3aa31d996814c380e13c849e06d/1779934485f2ed7ee5e040_user.jpg,https://cafesnap.me/c/1477,35.5221991,139.630044
129,BAYSIDE ROASTERY COFFEE  MOP横浜ベイサイド,https://img.cafesnap.me/img-a/320/320/cafeapp/cafe-app/ontributions/8c794d4e1bb81967d8d67102487d424e/6134010015f2b98103c537_user.jpg,https://cafesnap.me/c/14008,35.3797657,139.6462201
130,タカノフルーツパーラー 横浜高島屋店,https://img.cafesnap.me/img-a/320/320/cafeapp/cafe-app/ontributions/79ca45f04d20376a90f95d1fc7bcffff/20821824205f28cf851e9a6_image.jpg,https://cafesnap.me/c/7829,35.4661528,139.620612
131,tenowa,https://img.cafesnap.me/img-a/320/320/cafeapp/cafe-app/ontributions/284bc3aa31d996814c380e13c849e06d/16976758395f28ad3d9882e_user.jpg,https://cafesnap.me/c/6100,35.5387886,139.623354
132,Buy Me Stand motomachi,https://img.cafesnap.me/img-a/320/320/cafeapp/cafe-app/ontributions/284bc3aa31d996814c380e13c849e06d/20603863905f2751d971f3e_user.jpg,https://cafesnap.me/c/4495,35.4392369,139.6496512
133,RH CAFE MINATOMIRAI,https://img.cafesnap.me/img-a/320/320/cafeapp/cafe-app/ontributions/d3aa70d95ffa4bc84107228ead91881a/11462852605f20e50658886_image.jpg,https://cafesnap.me/c/3602,35.4568678,139.6321516
134,NOBLE COFFEE ROASTERS ,https://img.cafesnap.me/img-a/320/320/cafeapp/cafe-app/ontributions/0e82978c56dfdcb42ee4d5fa2e104cc9/5675442085f1fa8029f86e_user.jpg,https://cafesnap.me/c/1661,35.5540584,139.6455722
135,GRANNY SMITH APPLE PIE & COFFEE 横浜店,https://img.cafesnap.me/img-a/320/320/cafeapp/cafe-app/ontributions/518d556103ef40ed8e1a242cdab45d0d/19803912735f1c3b57a80a7_user.jpg,https://cafesnap.me/c/1191,35.4525717,139.6426763
136,TASU MUFFIN,https://img.cafesnap.me/img-a/320/320/cafeapp/cafe-app/ontributions/407d4cfbec23e205f7c62849381c9c0c/13224283395f1c2cebd23b0_user.jpg,https://cafesnap.me/c/8763,35.4554731,139.6190655
137,Lucy's Bakery,https://img.cafesnap.me/img-a/320/320/cafeapp/cafe-app/ontributions/f4bcc9fdb52a345e86e1c2665fe1ba2e/11445129615f1a3f7a3a03f_user.jpg,https://cafesnap.me/c/8260,35.540335,139.520339
138,タケヤ,https://img.cafesnap.me/img-a/320/320/cafeapp/cafe-app/ontributions/df593af706af0d37ed5cd18f85b8c1e5/3478437985f1946e763f3e_user.jpg,https://cafesnap.me/c/9124,35.43855955,139.6231269
139,橙灯,https://img.cafesnap.me/img-a/320/320/cafeapp/cafe-app/ontributions/f4bcc9fdb52a345e86e1c2665fe1ba2e/10111286525f1418b753e72_user.jpg,https://cafesnap.me/c/7710,35.539773,139.517043
140,12.cafe,https://img.cafesnap.me/img-a/320/320/cafeapp/cafe-app/ontributions/518d556103ef40ed8e1a242cdab45d0d/8969819455f13f1c688155_user.jpg,https://cafesnap.me/c/6316,35.4682141,139.6250375
141,ブーランジェリー14区,https://img.cafesnap.me/img-a/320/320/cafeapp/cafe-app/ontributions/284bc3aa31d996814c380e13c849e06d/10093363205f13b1a7f2c63_user.jpg,https://cafesnap.me/c/2976,35.4982503,139.6324619
142,Cafe 小倉山,https://img.cafesnap.me/img-a/320/320/cafeapp/cafe-app/ontributions/df593af706af0d37ed5cd18f85b8c1e5/5653439805f133d90cffad_user.jpg,https://cafesnap.me/c/13437,35.4568305,139.6309989
143,楊貴妃 Cafe Chinois,https://img.cafesnap.me/img-a/320/320/cafeapp/cafe-app/ontributions/df593af706af0d37ed5cd18f85b8c1e5/18923939335f13340cb4e80_user.jpg,https://cafesnap.me/c/8406,35.4427495,139.6440344
144,ぱぁらー泉 六ッ川店,https://img.cafesnap.me/img-a/320/320/cafeapp/cafe-app/ontributions/df593af706af0d37ed5cd18f85b8c1e5/12712806975f1332b4e328b_user.jpg,https://cafesnap.me/c/9578,35.4260435,139.5957476
145,自家焙煎珈琲 アステカ,https://img.cafesnap.me/img-a/320/320/cafeapp/cafe-app/ontributions/4716e36e6251a2dc81507009b4d4f647/11753491775f0ea911c2f83_user.jpg,https://cafesnap.me/c/9850,35.361158,139.629252
146,cafe  doudou,https://img.cafesnap.me/img-a/320/320/cafeapp/cafe-app/ontributions/66a010b904ae05a507b65c15c2085215/3860810195f05455527059_image.jpg,https://cafesnap.me/c/8769,35.4893878,139.6275192
147,HONOLULU COFFEE  みなとみらい店,https://img.cafesnap.me/img-a/320/320/cafeapp/cafe-app/ontributions/93033e6f5deda51e52d2814a35a1169f/16881232655f043f6290a53_user.jpg,https://cafesnap.me/c/9919,35.4574006,139.6319215
148,LE BIHAN  ルミネ横浜店,https://img.cafesnap.me/img-a/320/320/cafeapp/cafe-app/ontributions/7430701061be45b9b88f6af0b06aa838/3237400165f03ac8e3f614_user.jpg,https://cafesnap.me/c/10689,35.4651864,139.6228456
149,Konditorei KALAS,https://img.cafesnap.me/img-a/320/320/cafeapp/cafe-app/ontributions/594342cacca75fba54169d4f066bc82b/6078892055e590fcddc2d4_user.jpg,https://cafesnap.me/c/12751,35.5289212,139.6324338
150,BLUE DOOR COFFEE,https://img.cafesnap.me/img-a/320/320/cafeapp/cafe-app/ontributions/f899022d2d301dc28cef829cfc06dba3/4539651165ee348f4326a2_user.jpg,https://cafesnap.me/c/1006,35.567474,139.507001
151,La Maison ensoleille table ルミネ横浜店,https://img.cafesnap.me/img-a/320/320/cafeapp/cafe-app/ontributions/79ca45f04d20376a90f95d1fc7bcffff/3365174415ee20ce3c602c_image.jpg,https://cafesnap.me/c/2474,35.4652388,139.6228479
152,Leonard's 横浜ワールドポーターズ店,https://img.cafesnap.me/img-a/320/320/cafeapp/cafe-app/ontributions/93033e6f5deda51e52d2814a35a1169f/16362421225eddf1e7edbda_user.jpg,https://cafesnap.me/c/10293,35.4537577,139.6391956
153,ギンゴウカフェ,https://img.cafesnap.me/img-a/320/320/cafeapp/cafe-app/ontributions/3be0f661d8f1cfa3c52dd8c7b4072d90/16604046325edc53378caec_user.jpg,https://cafesnap.me/c/8335,35.4686084,139.4823975
154,Rin5 Life,https://img.cafesnap.me/img-a/320/320/cafeapp/cafe-app/ontributions/21b087ca9d063feb46bd10da076d24fa/1308644305ebf1d4a280bc_user.jpg,https://cafesnap.me/c/7827,35.5430353,139.5148004
155,POINT WEATHER,https://img.cafesnap.me/img-a/320/320/cafeapp/cafe-app/ontributions/3f91eb8c4ea90b8b45392dfb6abf339f/15184270865eb54a1a11d5a_user.jpg,https://cafesnap.me/c/1560,35.5373827,139.6316411
156,珈琲問屋 横浜西店,https://img.cafesnap.me/img-a/320/320/cafeapp/cafe-app/ontributions/6bf5d3d2e89c1bc38dd5452af9fceeac/20548267865eab389837914_image.jpg,https://cafesnap.me/c/9762,35.467407,139.6171254
157,e.a.gran そごう横浜店,https://img.cafesnap.me/img-a/320/320/cafeapp/cafe-app/ontributions/38e082f245ce401ad591d830c3de55fc/6106240325ea97c98ef8b7_image.jpg,https://cafesnap.me/c/13880,35.4655417,139.6248602
158,幸せのパンケーキ 横浜店,https://img.cafesnap.me/img-a/320/320/cafeapp/cafe-app/ontributions/eff1dde420f40a94a753712b9461e544/7971147105e9580ac5e713_user.jpg,https://cafesnap.me/c/6296,35.4427666,139.6480709
159,カフェアライバル,https://img.cafesnap.me/img-a/320/320/cafeapp/cafe-app/ontributions/3be0f661d8f1cfa3c52dd8c7b4072d90/12469750305e8c175ac950c_user.jpg,https://cafesnap.me/c/8837,35.4786723,139.5483372
160,cafe&bar T'amo,https://img.cafesnap.me/img-a/320/320/cafeapp/cafe-app/ontributions/d5fedcd231a4094fd4b569bad8e20eab/19638143035e8ad61b34064_user.jpg,https://cafesnap.me/c/8982,35.3661368,139.5504439
161,わみん,https://img.cafesnap.me/img-a/320/320/cafeapp/cafe-app/ontributions/d3aa70d95ffa4bc84107228ead91881a/10472178895e72afe253d22_image.jpg,https://cafesnap.me/c/10278,35.4299781,139.6102588
162,Drop Coffee,https://img.cafesnap.me/img-a/320/320/cafeapp/cafe-app/ontributions/407d4cfbec23e205f7c62849381c9c0c/16548304205e6dbba3e51bd_user.jpg,https://cafesnap.me/c/4994,35.4660658,139.6215207
163,アスカ,https://img.cafesnap.me/img-a/320/320/cafeapp/cafe-app/ontributions/a038ab95f279494130f13e6f27c72b39/19996456745e6c3d63d0f43_user.jpg,https://cafesnap.me/c/9086,35.454954,139.6313859
164,サガン,https://img.cafesnap.me/img-a/320/320/cafeapp/cafe-app/ontributions/ebb192fd43d7dff13fcb8b967dc68fd7/9067460395e5be4485925e_user.jpg,https://cafesnap.me/c/6155,35.5371559,139.6346209
165,UNDER BLUFF COFFEE,https://img.cafesnap.me/img-a/320/320/cafeapp/cafe-app/ontributions/d3aa70d95ffa4bc84107228ead91881a/21064497115e5b713b718ea_image.jpg,https://cafesnap.me/c/8185,35.4321849,139.6514772
166,LeBRESSO 横浜元町店,https://img.cafesnap.me/img-a/320/320/cafeapp/cafe-app/ontributions/4a901c8cb426243cf3392e8023764070/2242369795e4f20943b595_user.jpg,https://cafesnap.me/c/13573,35.4411197,139.6493471
167,ROUROU Cafe,https://img.cafesnap.me/img-a/320/320/cafeapp/cafe-app/ontributions/8035275486dbe1086630c23e95b9d732/3876698765e4dd2b656c22_user.jpg,https://cafesnap.me/c/12030,35.4420108,139.6456081
168,Cafe aplicie,https://img.cafesnap.me/img-a/320/320/cafeapp/cafe-app/ontributions/53a5cdb3e157a67c0e6b6047feb5a2ed/9333481955e4a4d11ba91e_user.jpg,https://cafesnap.me/c/4785,35.4397133,139.647838
169,Toasty's,https://img.cafesnap.me/img-a/320/320/cafeapp/cafe-app/ontributions/86ad28eadb27c68518b8e9034d7dc4ab/13379292495e4a43628f948_user.jpg,https://cafesnap.me/c/3024,35.4657078,139.6213652
170,ミルピグ・パフェ部,https://img.cafesnap.me/img-a/320/320/cafeapp/cafe-app/ontributions/d3aa70d95ffa4bc84107228ead91881a/476243765e49cb05d2e6b_image.jpg,https://cafesnap.me/c/13429,35.4475446,139.6356346
171,CAFE LEXCEL CIAL桜木町店,https://img.cafesnap.me/img-a/320/320/cafeapp/cafe-app/ontributions/d3aa70d95ffa4bc84107228ead91881a/20946222715e49c991a7b6e_image.jpg,https://cafesnap.me/c/478,35.4515836,139.6305437
172,SOMER HOUSE,https://img.cafesnap.me/img-a/320/320/cafeapp/cafe-app/ontributions/b59ee1377b5f4420f8f3b555db2b752f/14912458695e4258c22bfbb_image.jpg,https://cafesnap.me/c/10496,35.4568928,139.635175
173,poro珈琲,https://img.cafesnap.me/img-a/320/320/cafeapp/cafe-app/ontributions/1c442667a67975153045456a3d047471/8841306275e40aa101a1e4_user.jpg,https://cafesnap.me/c/8511,35.4566122,139.6043942
174,Handmade cafe USAGIUMA,https://img.cafesnap.me/img-a/320/320/cafeapp/cafe-app/ontributions/1c442667a67975153045456a3d047471/3158276995e40a92e43b01_user.jpg,https://cafesnap.me/c/2425,35.4562687,139.6049275
175,玉木屋珈琲,https://img.cafesnap.me/img-a/320/320/cafeapp/cafe-app/ontributions/e0e1b1093ee2a90eb2dab09bdeec0447/794627665e403ca42b087_user.jpg,https://cafesnap.me/c/1853,35.5454034,139.5750048
176,カフェ 亀の橋,https://img.cafesnap.me/img-a/320/320/cafeapp/cafe-app/ontributions/e0e1b1093ee2a90eb2dab09bdeec0447/11640339585e403b3898110_user.jpg,https://cafesnap.me/c/8910,35.4374101,139.6410697
177,Ω-Cafe,https://img.cafesnap.me/img-a/320/320/cafeapp/cafe-app/ontributions/594342cacca75fba54169d4f066bc82b/18997032955e4039754bcd1_user.jpg,https://cafesnap.me/c/10472,35.4465658,139.6316398
178,純喫茶モネ,https://img.cafesnap.me/img-a/320/320/cafeapp/cafe-app/ontributions/e0e1b1093ee2a90eb2dab09bdeec0447/10939781595e40380f688c1_user.jpg,https://cafesnap.me/c/10244,35.401313,139.5345754
179,MEATCAFE OJIMA,https://img.cafesnap.me/img-a/320/320/cafeapp/cafe-app/ontributions/4a901c8cb426243cf3392e8023764070/18641537195e3ff2433e0dc_user.jpg,https://cafesnap.me/c/9986,35.4488941,139.6296322
180,グリーンメドウズ,https://img.cafesnap.me/img-a/320/320/cafeapp/cafe-app/ontributions/a038ab95f279494130f13e6f27c72b39/519780745e3fa09b3dfcc_user.jpg,https://cafesnap.me/c/11106,35.4826937,139.6308185
181,cafe emo. espresso,https://img.cafesnap.me/img-a/320/320/cafeapp/cafe-app/ontributions/91c7679a21bbf6f3ee94cf08ff0a0618/17762661155e37b8aba2312_user.jpg,https://cafesnap.me/c/1907,35.4440345,139.632852
182,ノチハレ珈琲店,https://img.cafesnap.me/img-a/320/320/cafeapp/cafe-app/ontributions/f3f44541af0a6b674f52baf233f98f7e/13420887725e35a7d281bfb_user.jpg,https://cafesnap.me/c/1823,35.5388779,139.6830138
183,Herriott,https://img.cafesnap.me/img-a/320/320/cafeapp/cafe-app/ontributions/be5e61232ce416dd5ad4181d72aeab67/6659493845e31a2dc61d10_user.jpg,https://cafesnap.me/c/7855,35.532712,139.631213
184,CAFE CUE,https://img.cafesnap.me/img-a/320/320/cafeapp/cafe-app/ontributions/1c442667a67975153045456a3d047471/16080172305e2c1fe2a3494_user.jpg,https://cafesnap.me/c/11680,35.4542139,139.5841663
185,カフェ やさしいちから。,https://img.cafesnap.me/img-a/320/320/cafeapp/cafe-app/ontributions/1c442667a67975153045456a3d047471/19683503905e2c1df83a971_user.jpg,https://cafesnap.me/c/1669,35.4778311,139.5652444
186,喫茶 昭和堂,https://img.cafesnap.me/img-a/320/320/cafeapp/cafe-app/ontributions/65744ec8a05d906385d75e5270f3392a/6333018955e205f4cf0297_user.jpg,https://cafesnap.me/c/8460,35.4575518,139.5341349
187,Roof Top Cafe YOKOHAMA,https://img.cafesnap.me/img-a/320/320/cafeapp/cafe-app/ontributions/1c442667a67975153045456a3d047471/13403527855e1d121281090_user.jpg,https://cafesnap.me/c/6410,35.4647331,139.6140769
188,Cafe Accueil Yokohama,https://img.cafesnap.me/img-a/320/320/cafeapp/cafe-app/ontributions/1c442667a67975153045456a3d047471/12519508445e149aaf906be_user.jpg,https://cafesnap.me/c/2545,35.4644736,139.6244589
189,Bondolfi boncaffe ブランズタワーみなとみらい店,https://img.cafesnap.me/img-a/320/320/cafeapp/cafe-app/ontributions/8d62d9ce3675219ffb75d0fa6807f364/5497358825e109f3d80f8c_user.jpg,https://cafesnap.me/c/6793,35.4590186,139.6342352
190,SHAKE SHACK みなとみらい店,https://img.cafesnap.me/img-a/320/320/cafeapp/cafe-app/ontributions/4a901c8cb426243cf3392e8023764070/7188904865e0b84d931857_user.jpg,https://cafesnap.me/c/13336,35.4559879,139.632676
191,象の鼻カフェ ,https://img.cafesnap.me/img-a/320/320/cafeapp/cafe-app/ontributions/04983b3f276da1ada88aaaa73ffcb0bd/5226262335e09bb8de508d_user.jpg,https://cafesnap.me/c/3206,35.4495748,139.6431524
192,横浜キャラメルラボ,https://img.cafesnap.me/img-a/320/320/cafeapp/cafe-app/ontributions/d3aa70d95ffa4bc84107228ead91881a/21378646915e042c95875a2_image.jpg,https://cafesnap.me/c/13305,35.456286,139.6418104
193,横浜ロータス,https://img.cafesnap.me/img-a/320/320/cafeapp/cafe-app/ontributions/e7817315a992fac4160463063d0199a2/16414788745e03ef124a6c4_user.jpg,https://cafesnap.me/c/3434,35.5402586,139.5665264
194,Aloha Table Ocean Breeze,https://img.cafesnap.me/img-a/320/320/cafeapp/cafe-app/ontributions/dea799e7c4e1550fdf7fe830c7faaaf3/4078776395e00abfc3e548_user.jpg,https://cafesnap.me/c/3867,35.4665745,139.6265709
195,Cafe BLanCo,https://img.cafesnap.me/img-a/320/320/cafeapp/cafe-app/ontributions/733e016bcc100d33b26e3125b2a30a16/7699951695e003fbdb798d_image.jpg,https://cafesnap.me/c/5777,35.5863278,139.5361924
196,Butter 横浜ベイクォーター,https://img.cafesnap.me/img-a/320/320/cafeapp/cafe-app/ontributions/2bde0b6c81a063067e87e98121a59b9f/1071828455df8c054df633_user.jpg,https://cafesnap.me/c/2740,35.4664891,139.6261646
197,SAMOVAR ジョイナス本店,https://img.cafesnap.me/img-a/320/320/cafeapp/cafe-app/ontributions/2e1d3174bd2d9152581395c9fc41d216/13709169415df534fc73e28_user.jpg,https://cafesnap.me/c/8310,35.465455,139.6207929
198,AMAZING COFFEE YOKOHAMA BAY with LIVE LOVE LAUGH,https://img.cafesnap.me/img-a/320/320/cafeapp/cafe-app/ontributions/e7817315a992fac4160463063d0199a2/16694622805df1575c78d3a_user.jpg,https://cafesnap.me/c/7426,35.446209,139.6440551
199,食堂たんと,https://img.cafesnap.me/img-a/320/320/cafeapp/cafe-app/ontributions/e99d53d6c9436b768d7ddaac56c855f1/15774953925def6c206cd98_user.jpg,https://cafesnap.me/c/6430,35.5363779,139.6294557
200,405 ROASTERS,https://img.cafesnap.me/img-a/320/320/cafeapp/cafe-app/ontributions/f4a5efe368f3eff4cf3471fdea33f697/19082448215deb640218b6d_user.jpg,https://cafesnap.me/c/11572,35.4525213,139.616104
201,文明堂茶館 ル・カフェ,https://img.cafesnap.me/img-a/320/320/cafeapp/cafe-app/ontributions/7430701061be45b9b88f6af0b06aa838/8226958005de6c64bcc104_user.jpg,https://cafesnap.me/c/9442,35.4449315,139.6332043
202,アミーコ,https://img.cafesnap.me/img-a/320/320/cafeapp/cafe-app/ontributions/a038ab95f279494130f13e6f27c72b39/1162993265de4532b1f04d_user.jpg,https://cafesnap.me/c/10200,35.4476861,139.6382977
203,花壇,https://img.cafesnap.me/img-a/320/320/cafeapp/cafe-app/ontributions/7430701061be45b9b88f6af0b06aa838/7610763315de188f499f35_user.jpg,https://cafesnap.me/c/13229,35.4493449,139.6312249
204,PATISSERIE Laplace,https://img.cafesnap.me/img-a/320/320/cafeapp/cafe-app/ontributions/d3aa70d95ffa4bc84107228ead91881a/18192236015de07bc1c0719_image.jpg,https://cafesnap.me/c/13211,35.5102669,139.6781963
205,アンプリュース,https://img.cafesnap.me/img-a/320/320/cafeapp/cafe-app/ontributions/d3aa70d95ffa4bc84107228ead91881a/3425190775de07b29dfb1a_image.jpg,https://cafesnap.me/c/13175,35.42309585,139.5878575
206,CAFE de la PRESSE,https://img.cafesnap.me/img-a/320/320/cafeapp/cafe-app/ontributions/3f91eb8c4ea90b8b45392dfb6abf339f/18142108645ddf50d370c41_user.jpg,https://cafesnap.me/c/5002,35.446458,139.642724
207,cafe&shop kaguya,https://img.cafesnap.me/img-a/320/320/cafeapp/cafe-app/ontributions/06cbfd152c0df492dcd4a2743c8a71af/13803889655dd9ac120573e_user.jpg,https://cafesnap.me/c/8716,35.4483429,139.6432686
208,ベッカライ徳多朗,https://img.cafesnap.me/img-a/320/320/cafeapp/cafe-app/ontributions/5f205042310bdd5fa4b8c2e89d696978/20893938285dd17e2ea2be9_user.jpg,https://cafesnap.me/c/10166,35.5842453,139.5434881
209,& Swell,https://img.cafesnap.me/img-a/320/320/cafeapp/cafe-app/ontributions/27ea63f58a8120960ec287ae6b6aceed/19588440665dcf8b3ddc1b9_user.jpg,https://cafesnap.me/c/3691,35.4545318,139.6425032
210,MOON Cafe,https://img.cafesnap.me/img-a/320/320/cafeapp/cafe-app/ontributions/7e0c9088ee72d2eaceec0b05e6d3abd9/1755732305dc6aed9b1666_user.jpg,https://cafesnap.me/c/8478,35.4285067,139.6651621
211,WAEN,https://img.cafesnap.me/img-a/320/320/cafeapp/cafe-app/ontributions/b6acb8c675f847d197c1073c4bbdf966/9500051805dbe8a205fa57_image.jpg,https://cafesnap.me/c/8516,35.4456879,139.6256214
212,アイランドヴィンテージコーヒー ベイクォーター店,https://img.cafesnap.me/img-a/320/320/cafeapp/cafe-app/ontributions/7f76315c8fc726e0f0b7e0b4fa1759d1/7190012185db98dafc51ed_image.jpg,https://cafesnap.me/c/667,35.4662603,139.6267005
213,HAMA CAFE,https://img.cafesnap.me/img-a/320/320/cafeapp/cafe-app/ontributions/d3aa70d95ffa4bc84107228ead91881a/14389926985db7e47124711_image.jpg,https://cafesnap.me/c/2336,35.4485846,139.6450292
214,WEST BAY CAFE 横浜,https://img.cafesnap.me/img-a/320/320/cafeapp/cafe-app/ontributions/5ba81ee0ad8a37a2107e860e1b55e3ac/3177225925daea6b1af1ed_user.jpg,https://cafesnap.me/c/13082,35.4661722,139.6205728
215,むさしの森珈琲 三ツ沢店,https://img.cafesnap.me/img-a/320/320/cafeapp/cafe-app/ontributions/f9f20e6ebe53325c9efb22572b1a43c0/18050563205daabe4197da6_user.jpg,https://cafesnap.me/c/6812,35.4766822,139.6030999
216,Bon Coin COFFEE,https://img.cafesnap.me/img-a/320/320/cafeapp/cafe-app/ontributions/18b0e7613b6fa68979ae7f4b20933dec/10953007065da40416f232d_user.jpg,https://cafesnap.me/c/7775,35.400102,139.5705067
217,横浜かをり 山下町本店,https://img.cafesnap.me/img-a/320/320/cafeapp/cafe-app/ontributions/8c794d4e1bb81967d8d67102487d424e/12379566045da2e96e0776c_user.jpg,https://cafesnap.me/c/12019,35.4455828,139.6435426
218,THE ROYAL CAFE YOKOHAMA,https://img.cafesnap.me/img-a/320/320/cafeapp/cafe-app/ontributions/2e1d3174bd2d9152581395c9fc41d216/6723615915d9e1f8763ab7_user.jpg,https://cafesnap.me/c/8290,35.4667467,139.6226028
219,Urth Caffé 横浜ベイクォーター,https://img.cafesnap.me/img-a/320/320/cafeapp/cafe-app/ontributions/7426ff91ba04273afdbc51bdbabaeea5/2184443125d9459ac06785_user.jpg,https://cafesnap.me/c/10412,35.4665745,139.6265709
220,CAFE SALON sonjin,https://img.cafesnap.me/img-a/320/320/cafeapp/cafe-app/ontributions/5a0eed76dc9b80b1a4bffc44b632d9a1/19375176605d8b0a02b6280_user.jpg,https://cafesnap.me/c/3307,35.5519144,139.5766432
221,BUKATSUDO COFFEE,https://img.cafesnap.me/img-a/320/320/cafeapp/cafe-app/ontributions/2e1d3174bd2d9152581395c9fc41d216/13539511495d88f8647f637_user.jpg,https://cafesnap.me/c/4541,35.4548771,139.6323151
222,cafe du paris,https://img.cafesnap.me/img-a/320/320/cafeapp/cafe-app/ontributions/144b2870262627ec702e5f588613176f/13838372105d849710c3e7b_image.jpg,https://cafesnap.me/c/9683,35.5539445,139.646811
223,たまごcafeごはん,https://img.cafesnap.me/img-a/320/320/cafeapp/cafe-app/ontributions/2e1d3174bd2d9152581395c9fc41d216/2522719915d7c6c2cc9f10_user.jpg,https://cafesnap.me/c/7393,35.4694716,139.4832024
224,カフェ Knopf,https://img.cafesnap.me/img-a/320/320/cafeapp/cafe-app/ontributions/23dcf3160e963c1c328d2b9a5a6c3837/6273299555d74c90007d9d_user.jpg,https://cafesnap.me/c/2098,35.5686849,139.5474718
225,悟空茶荘,https://img.cafesnap.me/img-a/320/320/cafeapp/cafe-app/ontributions/a5aa6aa16f56014eaec52dcc3dc007f7/8000050545d655adfb7a09_user.jpg,https://cafesnap.me/c/1550,35.4419112,139.6455396
226,LA Coppe,https://img.cafesnap.me/img-a/320/320/cafeapp/cafe-app/ontributions/210ee4b27b2931c6f0990ded0d031177/18053952125d5ca6930a76a_user.jpg,https://cafesnap.me/c/10665,35.4529771,139.6231144
227,paty cafe,https://img.cafesnap.me/img-a/320/320/cafeapp/cafe-app/ontributions/b27f48389bdd5d450e64bcff8c05851b/9002159355d5b2fa18c0d8_image.jpg,https://cafesnap.me/c/1916,35.4389681,139.6497368
228,hidamari,https://img.cafesnap.me/img-a/320/320/cafeapp/cafe-app/ontributions/a038ab95f279494130f13e6f27c72b39/7578730155d537a4e33707_user.jpg,https://cafesnap.me/c/12755,35.5253419,139.6317011
229,【改装中】珈琲松,https://img.cafesnap.me/img-a/320/320/cafeapp/cafe-app/ontributions/ffbd4c16fff9061ace1cebc2c684f097/8635600645d4d257f41586_image.jpg,https://cafesnap.me/c/2036,35.4321939,139.6499325
230,Three Penguins Coffee&Roaster,https://img.cafesnap.me/img-a/320/320/cafeapp/cafe-app/ontributions/ffbd4c16fff9061ace1cebc2c684f097/18378821575d43e0c02ece1_image.jpg,https://cafesnap.me/c/4951,35.419153,139.624516
231,春水堂 横浜ポルタ店,https://img.cafesnap.me/img-a/320/320/cafeapp/cafe-app/ontributions/210ee4b27b2931c6f0990ded0d031177/16935708185d3e4f7521fac_user.jpg,https://cafesnap.me/c/10733,35.465123,139.6230732
232,イノダコーヒ 横浜高島屋店,https://img.cafesnap.me/img-a/320/320/cafeapp/cafe-app/ontributions/ffbd4c16fff9061ace1cebc2c684f097/4991930705d39e9029236e_image.jpg,https://cafesnap.me/c/2624,35.4656996,139.6213662
233,鼎雲茶倉,https://img.cafesnap.me/img-a/320/320/cafeapp/cafe-app/ontributions/ffbd4c16fff9061ace1cebc2c684f097/7010535415d2d541381e85_image.jpg,https://cafesnap.me/c/1951,35.4428911,139.6453009
234,ROAR BROTHERS,https://img.cafesnap.me/img-a/320/320/cafeapp/cafe-app/ontributions/ffbd4c16fff9061ace1cebc2c684f097/12486859735d2c46186865f_image.jpg,https://cafesnap.me/c/11555,35.4539404,139.6389925
235,boulangerie onni,https://img.cafesnap.me/img-a/320/320/cafeapp/cafe-app/ontributions/2bde0b6c81a063067e87e98121a59b9f/17880100815d244814af2be_user.jpg,https://cafesnap.me/c/6703,35.4033837,139.5977839
236,kaoris,https://img.cafesnap.me/img-a/320/320/cafeapp/cafe-app/ontributions/d03c18c33564cb213587f0420736aa1b/15197273295d22200a6d13e_user.jpg,https://cafesnap.me/c/851,35.4395952,139.6479217
237,二俣川 Cafe space 二階,https://img.cafesnap.me/img-a/320/320/cafeapp/cafe-app/ontributions/efde27b54c164c2c0556a0835594f394/14149976015d2175eae84fd_image.jpg,https://cafesnap.me/c/8836,35.4651453,139.5315314
238,BUTTERMILK CHANNEL 横浜,https://img.cafesnap.me/img-a/320/320/cafeapp/cafe-app/ontributions/210ee4b27b2931c6f0990ded0d031177/9973294725d1a052c8b456_user.jpg,https://cafesnap.me/c/12469,35.4664086,139.6270832
239,ALOHA SALADS 桜木町,https://img.cafesnap.me/img-a/320/320/cafeapp/cafe-app/ontributions/4a901c8cb426243cf3392e8023764070/14710073895d1415de547af_user.jpg,https://cafesnap.me/c/12592,35.4512468,139.6306656
240,バニアンツリー,https://img.cafesnap.me/img-a/320/320/cafeapp/cafe-app/ontributions/2bde0b6c81a063067e87e98121a59b9f/7064146875d1309d34486f_user.jpg,https://cafesnap.me/c/9107,35.4009349,139.532416
241,MARFA CAFE,https://img.cafesnap.me/img-a/320/320/cafeapp/cafe-app/ontributions/5e6e6b0191625a8e516129ea065b02d5/18200583925d0475e7d1a18_user.jpg,https://cafesnap.me/c/4862,35.467005,139.6221972
242,T's cafe,https://img.cafesnap.me/img-a/320/320/cafeapp/cafe-app/ontributions/2bde0b6c81a063067e87e98121a59b9f/12810339785cff986b1e02b_user.jpg,https://cafesnap.me/c/2369,35.3985493,139.5735023
243,CAFE HANZ,https://img.cafesnap.me/img-a/320/320/cafeapp/cafe-app/ontributions/8414b6c9a9864b770b19b8642695e74f/13320898855cfd0839b66d3_image.jpg,https://cafesnap.me/c/3130,35.4182667,139.6410222
244,【閉店】KAKA'AKO DINING&CAFE,https://img.cafesnap.me/img-a/320/320/cafeapp/cafe-app/ontributions/210ee4b27b2931c6f0990ded0d031177/16641776575cf33b850e2e2_user.jpg,https://cafesnap.me/c/3014,35.4545132,139.6419635
245,日本茶専門店 茶倉,https://img.cafesnap.me/img-a/320/320/cafeapp/cafe-app/ontributions/d3aa70d95ffa4bc84107228ead91881a/14062395695cea3a432737a_image.jpg,https://cafesnap.me/c/1910,35.4399661,139.6498437
246,ローストコーヒーハウス サプリング,https://img.cafesnap.me/img-a/320/320/cafeapp/cafe-app/ontributions/4716e36e6251a2dc81507009b4d4f647/10378638505ce38e45c5bf6_user.jpg,https://cafesnap.me/c/12351,35.408104,139.593208
247,ストラスブール NOVA カフェ,https://img.cafesnap.me/img-a/320/320/cafeapp/cafe-app/ontributions/d3aa70d95ffa4bc84107228ead91881a/17291128165ce2b67d0e631_image.jpg,https://cafesnap.me/c/12363,35.3911767,139.5717708
248,pLus & Kalita,https://img.cafesnap.me/img-a/320/320/cafeapp/cafe-app/ontributions/7e17450bb706139bdc436a52a2ffc21d/11251045785ce278ffd73cd_user.jpg,https://cafesnap.me/c/10459,35.439757,139.6472237
249,薬膳茶カフェ 茶音,https://img.cafesnap.me/img-a/320/320/cafeapp/cafe-app/ontributions/210ee4b27b2931c6f0990ded0d031177/19821139195cdbf922e6de5_user.jpg,https://cafesnap.me/c/12037,35.4433973,139.6478296
250,hanau❀cafe,https://img.cafesnap.me/img-a/320/320/cafeapp/cafe-app/ontributions/2bde0b6c81a063067e87e98121a59b9f/5154700075cdac661ef129_user.jpg,https://cafesnap.me/c/12347,35.366334,139.5507687
251,unwind,https://img.cafesnap.me/img-a/320/320/cafeapp/cafe-app/ontributions/c9e64117127e53aee69aa2701ae0bde7/8827769515ccfc2c2a9dcd_user.jpg,https://cafesnap.me/c/7355,35.5538921,139.6467651
252,双実堂コーヒー,https://img.cafesnap.me/img-a/320/320/cafeapp/cafe-app/ontributions/6d84029e7402a2ff7ce17f8d28e71dbb/9231514935ccc203335252_user.jpg,https://cafesnap.me/c/12209,35.3412271,139.6231424
253,DUMBO Doughnuts and Coffee アソビル店,https://img.cafesnap.me/img-a/320/320/cafeapp/cafe-app/ontributions/210ee4b27b2931c6f0990ded0d031177/19977537415ccbb1215c75f_user.jpg,https://cafesnap.me/c/12284,35.4638036,139.6221619
254,ラ・メゾン アンソレイユターブル 横浜ランドマーク店,https://img.cafesnap.me/img-a/320/320/cafeapp/cafe-app/ontributions/8e8759a1dce9961373b68219f8b1cda0/8191119715cbd7cbf6c158_user.jpg,https://cafesnap.me/c/3830,35.4550024,139.6313978
255,Dolce Zucchero,https://img.cafesnap.me/img-a/320/320/cafeapp/cafe-app/ontributions/210ee4b27b2931c6f0990ded0d031177/12210043305cbd05a4a375e_user.jpg,https://cafesnap.me/c/3443,35.4653216,139.620794
256,オークラ珈琲館,https://img.cafesnap.me/img-a/320/320/cafeapp/cafe-app/ontributions/ebb192fd43d7dff13fcb8b967dc68fd7/20249428155cbc11d16fcd2_user.jpg,https://cafesnap.me/c/6473,35.5365917,139.6335747
257,Lu's CAFE,https://img.cafesnap.me/img-a/320/320/cafeapp/cafe-app/ontributions/5b4bc9d2ce253ee9ef988f4e0ff18abb/5949471885cb327376396d_user.jpg,https://cafesnap.me/c/220,35.4659396,139.6122104
258,モカ,https://img.cafesnap.me/img-a/320/320/cafeapp/cafe-app/ontributions/65744ec8a05d906385d75e5270f3392a/20588146195c745e6007770_user.jpg,https://cafesnap.me/c/9192,35.542727,139.640704
259,PourOver,https://img.cafesnap.me/img-a/320/320/cafeapp/cafe-app/ontributions/210ee4b27b2931c6f0990ded0d031177/20464776345cb14af7ee3a6_user.jpg,https://cafesnap.me/c/2188,35.4646949,139.6246702
260,POTIER COFFEE 石川町元町口店,https://img.cafesnap.me/img-a/320/320/cafeapp/cafe-app/ontributions/c1424dafc28e58d79d32bd5bb649d81e/16554778445cabe05371589_user.jpg,https://cafesnap.me/c/12152,35.4382449,139.6433641
261,Oriental Grace Coffee,https://img.cafesnap.me/img-a/320/320/cafeapp/cafe-app/ontributions/210ee4b27b2931c6f0990ded0d031177/8517729575ca7f75aab3f8_user.jpg,https://cafesnap.me/c/4901,35.440203,139.6343851
262,CAFE SIESTA,https://img.cafesnap.me/img-a/320/320/cafeapp/cafe-app/ontributions/8e8759a1dce9961373b68219f8b1cda0/10976318495ca0bea8387c3_user.jpg,https://cafesnap.me/c/8522,35.5366125,139.5884211
263,With Green,https://img.cafesnap.me/img-a/320/320/cafeapp/cafe-app/ontributions/0f7f0caddbcf86951320f7bbfa29caef/19518965025c9c5cc2486b2_user.jpg,https://cafesnap.me/c/11111,35.4643748,139.6204623
264,tables cook & LIVING HOUSE,https://img.cafesnap.me/img-a/320/320/cafeapp/cafe-app/ontributions/5b4bc9d2ce253ee9ef988f4e0ff18abb/19348369795c99e1cbaed76_user.jpg,https://cafesnap.me/c/10091,35.4666157,139.6260747
265,Cafe Ruban,https://img.cafesnap.me/img-a/320/320/cafeapp/cafe-app/ontributions/a038ab95f279494130f13e6f27c72b39/16695831985c93083a2d356_user.jpg,https://cafesnap.me/c/9893,35.520369,139.630774
266,ジャムおじさんのパン工場,https://img.cafesnap.me/img-a/320/320/cafeapp/cafe-app/ontributions/9638eaf1bf7580f58dc5b4d934fe2fb0/4043321955c8a92b9a6c3b_user.jpg,https://cafesnap.me/c/9251,35.4630963,139.6289023
267,kissaten くらの,https://img.cafesnap.me/img-a/320/320/cafeapp/cafe-app/ontributions/27ddbe4fcbac45adce3722ad86eca297/9088329195c898e9511a3f_image.jpg,https://cafesnap.me/c/7070,35.4163909,139.5361376
268,猿楽珈琲,https://img.cafesnap.me/img-a/320/320/cafeapp/cafe-app/ontributions/27ddbe4fcbac45adce3722ad86eca297/28619065c8830458dd87_image.jpg,https://cafesnap.me/c/7665,35.4236548,139.6024292
269,kacha kacha cafe,https://img.cafesnap.me/img-a/320/320/cafeapp/cafe-app/ontributions/27ddbe4fcbac45adce3722ad86eca297/18927267365c85854e9d8e5_image.jpg,https://cafesnap.me/c/7709,35.4895905,139.6483278
270,鹿鳴舘,https://img.cafesnap.me/img-a/320/320/cafeapp/cafe-app/ontributions/27ddbe4fcbac45adce3722ad86eca297/12575601155c84e7e51e0ba_image.jpg,https://cafesnap.me/c/10677,35.4656146,139.6247582
271,yukuri,https://img.cafesnap.me/img-a/320/320/cafeapp/cafe-app/ontributions/d3aa70d95ffa4bc84107228ead91881a/8755717375c84bc7b9aa2a_image.jpg,https://cafesnap.me/c/12035,35.3996628,139.5910742
272,Blue Tree Cafe,https://img.cafesnap.me/img-a/320/320/cafeapp/cafe-app/ontributions/3f91eb8c4ea90b8b45392dfb6abf339f/12606452985c837c84e5eef_user.jpg,https://cafesnap.me/c/10855,35.4512124,139.6472356
273,グラスハープ ,https://img.cafesnap.me/img-a/320/320/cafeapp/cafe-app/ontributions/2bde0b6c81a063067e87e98121a59b9f/1389600475c7d65c85c7df_user.jpg,https://cafesnap.me/c/9951,35.3780711,139.5761762
274,cafe amacha,https://img.cafesnap.me/img-a/320/320/cafeapp/cafe-app/ontributions/65744ec8a05d906385d75e5270f3392a/20596208365c7b3eb30dbf3_user.jpg,https://cafesnap.me/c/11138,35.5540164,139.6002851
275,Rotties,https://img.cafesnap.me/img-a/320/320/cafeapp/cafe-app/ontributions/65145e5816c065e737cf493fe62307e9/3799160635c79cc6a3657c_user.jpg,https://cafesnap.me/c/6607,35.5386299,139.6789842
276,ブラフテラス,https://img.cafesnap.me/img-a/320/320/cafeapp/cafe-app/ontributions/7430701061be45b9b88f6af0b06aa838/15210622395c71bda479311_user.jpg,https://cafesnap.me/c/8801,35.432957,139.638657
277,すなづか珈琲店,https://img.cafesnap.me/img-a/320/320/cafeapp/cafe-app/ontributions/c3cd5da0b3e2984f8084f78330228f72/4363742375c7121bb72a86_image.jpg,https://cafesnap.me/c/12000,35.578734,139.5550682
278,LES BIEN AIMES,https://img.cafesnap.me/img-a/320/320/cafeapp/cafe-app/ontributions/d3aa70d95ffa4bc84107228ead91881a/21447311815c6b643dca39f_image.jpg,https://cafesnap.me/c/7975,35.437753,139.643692
279,湘南パンケーキ　ランドマークプラザ店,https://img.cafesnap.me/img-a/320/320/cafeapp/cafe-app/ontributions/359e465b6d1551dd87a8a6220d10fa7c/975662955c69748a0a353_user.jpg,https://cafesnap.me/c/8934,35.4554264,139.6324566
280,Shortcake Shortcake,https://img.cafesnap.me/img-a/320/320/cafeapp/cafe-app/ontributions/65744ec8a05d906385d75e5270f3392a/17069624135c5552825916a_user.jpg,https://cafesnap.me/c/11769,35.4173114,139.6296584
281,YUKIMURA NOODLES & COFFEE,https://img.cafesnap.me/img-a/320/320/cafeapp/cafe-app/ontributions/594f30e7459a36fd3c17b1c2c2977014/12974179455c452768dbbb8_user.jpg,https://cafesnap.me/c/11656,35.386177,139.526415
282,ポムポムプリンカフェ 横浜,https://img.cafesnap.me/img-a/320/320/cafeapp/cafe-app/ontributions/0f7f0caddbcf86951320f7bbfa29caef/1083899355bb01b192f0db_user.jpg,https://cafesnap.me/c/8749,35.6707568,139.7054113
283,喫茶 KeN,https://img.cafesnap.me/img-a/320/320/cafeapp/cafe-app/contributions/d3aa70d95ffa4bc84107228ead91881a/9604977715b134c93dc674_image.jpg,https://cafesnap.me/c/9597,35.4232513,139.6001427
284,三和珈琲館 今宿店,https://img.cafesnap.me/img-a/320/320/cafeapp/cafe-app/ontributions/7e42227dc0594510ba3f5cf2ef4140d4/16170962765c3e14862bed5_image.jpg,https://cafesnap.me/c/11749,33.5821118,130.2614651
285,Coffret,https://img.cafesnap.me/img-a/320/320/cafeapp/cafe-app/ontributions/d3aa70d95ffa4bc84107228ead91881a/1202342065c36f08b81c38_image.jpg,https://cafesnap.me/c/10503,35.4485343,139.6370413
286,COFFEE TERMINAL,https://img.cafesnap.me/img-a/320/320/cafeapp/cafe-app/ontributions/b4dd1dad52f49246f78f952f8ff3be75/10537186845c36cb33cc9eb_user.jpg,https://cafesnap.me/c/5210,35.5354419,139.5630673
287,Gong cha 横浜西口店,https://img.cafesnap.me/img-a/320/320/cafeapp/cafe-app/ontributions/518d556103ef40ed8e1a242cdab45d0d/9961234085c2f5bac8a71a_user.jpg,https://cafesnap.me/c/10734,35.4641154,139.6204021
288,珈茶問屋 アンジェ,https://img.cafesnap.me/img-a/320/320/cafeapp/cafe-app/ontributions/2bde0b6c81a063067e87e98121a59b9f/7672967445c25dec7976ca_user.jpg,https://cafesnap.me/c/11681,35.4576316,139.600816
289,SLOW FARM,https://img.cafesnap.me/img-a/320/320/cafeapp/cafe-app/ontributions/5b4bc9d2ce253ee9ef988f4e0ff18abb/17810066275c256ff407f3b_user.jpg,https://cafesnap.me/c/10246,35.4785617,139.5663552
290,Mano Kitchen Cafe みなとみらい店,https://img.cafesnap.me/img-a/320/320/cafeapp/cafe-app/ontributions/1c626296612950e75434529a7af78803/5640884425c19a5693d7ab_user.jpg,https://cafesnap.me/c/5714,35.4589138,139.6294557
291,ジャズ喫茶 ちぐさ,https://img.cafesnap.me/img-a/320/320/cafeapp/cafe-app/ontributions/d6e26ae046de60e26d1fe851af4cf349/4698619205c0ed644b5036_image.jpg,https://cafesnap.me/c/10678,35.448787,139.629931
292,ALLISON HOUSE Cafe AZAMINO,https://img.cafesnap.me/img-a/320/320/cafeapp/cafe-app/ontributions/35b6c55396a3a9aebcd44c6abde71864/19991556355c0b1063a523f_user.jpg,https://cafesnap.me/c/7603,35.5680116,139.5525546
293,森の輪カフェ,https://img.cafesnap.me/img-a/320/320/cafeapp/cafe-app/ontributions/2bde0b6c81a063067e87e98121a59b9f/452014945c0a28efb765f_user.jpg,https://cafesnap.me/c/8788,35.4337479,139.6064065
294,Cafe chocolat,https://img.cafesnap.me/img-a/320/320/cafeapp/cafe-app/ontributions/f7ebcb6db97748e1e3fa63b59fda2d9a/21193300885c067f847484e_user.jpg,https://cafesnap.me/c/5822,35.4369583,139.6217307
295,cafe KUKURU,https://img.cafesnap.me/img-a/320/320/cafeapp/cafe-app/ontributions/f7ebcb6db97748e1e3fa63b59fda2d9a/13749475295c067bd0e33fc_user.jpg,https://cafesnap.me/c/8462,35.4315126,139.5995882
296,AMALFI CAFFÉ ,https://img.cafesnap.me/img-a/320/320/cafeapp/cafe-app/ontributions/204489db94626cfd2b7463c68e4b081e/13716339045c03ba0fbf924_image.jpg,https://cafesnap.me/c/282,35.4574842,139.6316342
297,Cafe orangegate,https://img.cafesnap.me/img-a/320/320/cafeapp/cafe-app/ontributions/8420dcb43f0c24448b8e97965e9f37e4/20233830935bfa11911b808_image.jpg,https://cafesnap.me/c/10292,35.3423537,139.6245237
298,季楽荘,https://img.cafesnap.me/img-a/320/320/cafeapp/cafe-app/ontributions/a038ab95f279494130f13e6f27c72b39/18632475205bf00fb506df4_user.jpg,https://cafesnap.me/c/10557,35.5112277,139.5403107
299,A16 YOKOHAMA,https://img.cafesnap.me/img-a/320/320/cafeapp/cafe-app/ontributions/284bc3aa31d996814c380e13c849e06d/7203346135bd2dcaab5700_user.jpg,https://cafesnap.me/c/2791,35.4546617,139.6423273
300,CAFE GEEK,https://img.cafesnap.me/img-a/320/320/cafeapp/cafe-app/ontributions/406bba6ffcb51627352252c281c57645/21303236785bcdf6d0a723e_image.jpg,https://cafesnap.me/c/10905,35.4451284,139.6275606
301,cafe leaf,https://img.cafesnap.me/img-a/320/320/cafeapp/cafe-app/ontributions/ed954c248ef4194b41b4ecb5db90d57d/11165592825bc56afe6f278_user.jpg,https://cafesnap.me/c/10263,35.435727,139.628284
302,Edamame COFFEE,https://img.cafesnap.me/img-a/320/320/cafeapp/cafe-app/ontributions/b353f57c722d16c3fb7a27992f0db712/3953621945bc51cf94831a_image.jpg,https://cafesnap.me/c/11171,35.548921,139.560319
303,リンツショコラカフェ 横浜ベイクォーター店,https://img.cafesnap.me/img-a/320/320/cafeapp/cafe-app/contributions/cb79632a89901eb319d434d3eea209b0/67752016959a7c7158773f_contribution.jpg,https://cafesnap.me/c/3655,35.466612,139.626456
304,Brooklyn Stand dining+cafe,https://img.cafesnap.me/img-a/320/320/cafeapp/cafe-app/ontributions/1d8590281f29d8d31a3e034397914f2b/20202545215bb0e98298db9_user.jpg,https://cafesnap.me/c/11076,35.5368459,139.6340079
305,Cafe+Dinner STYLE,https://img.cafesnap.me/img-a/320/320/cafeapp/cafe-app/ontributions/1d8590281f29d8d31a3e034397914f2b/11577060735b9de02892b4a_user.jpg,https://cafesnap.me/c/285,35.4623472,139.6171933
306,Mrs.Elizabeth Muffin ランドマークプラザ店,https://img.cafesnap.me/img-a/320/320/cafeapp/cafe-app/ontributions/8b6a0c31acd4788777b2d514ba860423/16529170315b94a01f93557_image.jpg,https://cafesnap.me/c/4173,35.4551377,139.6316225
307,Cafe NAVY,https://img.cafesnap.me/img-a/320/320/cafeapp/cafe-app/ontributions/236eb53a8925e45ab3cf9b43355d84d2/252246125b93f01e5b2f6_user.jpg,https://cafesnap.me/c/6750,35.5821477,139.5327873
308,HEART BREAD ANTIQUE 菊名駅東口店,https://img.cafesnap.me/img-a/320/320/cafeapp/cafe-app/contributions/2bde0b6c81a063067e87e98121a59b9f/15429883855b76a8d332b04_user.jpg,https://cafesnap.me/c/9703,35.5096793,139.6326755
309,涼み屋,https://img.cafesnap.me/img-a/320/320/cafeapp/cafe-app/contributions/65744ec8a05d906385d75e5270f3392a/8955849465b7420c5e5cc5_user.jpg,https://cafesnap.me/c/10716,35.4557335,139.61945
310,十三番地,https://img.cafesnap.me/img-a/320/320/cafeapp/cafe-app/contributions/d3aa70d95ffa4bc84107228ead91881a/5664403305b6e808c3acd5_image.jpg,https://cafesnap.me/c/10498,35.4095904,139.5933647
311,食堂POCO,https://img.cafesnap.me/img-a/320/320/cafeapp/cafe-app/contributions/ae0a4f241d24f52b13df2ea28c357f4b/1882819995b696dece4cd1_user.jpg,https://cafesnap.me/c/9719,35.552356,139.523454
312,Cafe & Curry Hygge,https://img.cafesnap.me/img-a/320/320/cafeapp/cafe-app/contributions/5ba81ee0ad8a37a2107e860e1b55e3ac/19884143405b69015637c59_user.jpg,https://cafesnap.me/c/10683,35.4437993,139.5255464
313,one da full day cafe,https://img.cafesnap.me/img-a/320/320/cafeapp/cafe-app/contributions/65744ec8a05d906385d75e5270f3392a/8636389655b6692569bb27_user.jpg,https://cafesnap.me/c/8472,35.4562914,139.6199723
314,パセラ珈琲店 横浜関内店,https://img.cafesnap.me/img-a/320/320/cafeapp/cafe-app/contributions/06b98a14676f88848ffbe23a9579268c/11994733565b1b74d0f20b8_contribution.jpg,https://cafesnap.me/c/9668,35.4435585,139.6325541
315,Cafe Next-door,https://img.cafesnap.me/img-a/320/320/cafeapp/cafe-app/contributions/d3aa70d95ffa4bc84107228ead91881a/18850309305b530b1b975af_image.jpg,https://cafesnap.me/c/9395,35.440273,139.648982
316,NAVY 045,https://img.cafesnap.me/img-a/320/320/cafeapp/cafe-app/contributions/3ca9bbd9019f8c5f6664216df1c79789/2243342635b486c916fadb_contribution.jpg,https://cafesnap.me/c/8514,35.4396537,139.6478718
317,ちゃま珈琲,https://img.cafesnap.me/img-a/320/320/cafeapp/cafe-app/contributions/65744ec8a05d906385d75e5270f3392a/2274004975b419f4fb89ac_contribution.jpg,https://cafesnap.me/c/10028,35.441303,139.626376
318,ANNIVERSAIRE CAFE みなとみらい横浜,https://img.cafesnap.me/img-a/320/320/cafeapp/cafe-app/contributions/9e1ab1868ff9453a30984adffbe75fb2/13257809425b3341ba30c6c_contribution.jpg,https://cafesnap.me/c/9709,35.4546867,139.6356275
319,MiCKE CAFE,https://img.cafesnap.me/img-a/320/320/cafeapp/cafe-app/contributions/2bde0b6c81a063067e87e98121a59b9f/8035753155b320a38cb1a1_contribution.jpg,https://cafesnap.me/c/10251,35.4065702,139.5961764
320,ガーデンテラスカフェ,https://img.cafesnap.me/img-a/320/320/cafeapp/cafe-app/contributions/a5aa6aa16f56014eaec52dcc3dc007f7/8117264385b3174982c2cc_contribution.jpg,https://cafesnap.me/c/2006,35.4584129,139.5367305
321,conqueror,https://img.cafesnap.me/img-a/320/320/cafeapp/cafe-app/contributions/65744ec8a05d906385d75e5270f3392a/2009969635b2cfd68ec95b_contribution.jpg,https://cafesnap.me/c/10285,35.451674,139.6219004
322,coppice garden cafe,https://img.cafesnap.me/img-a/320/320/cafeapp/cafe-app/contributions/115018d1e94067875fdd4c5a3d950408/1753644965b2bd0cc62597_contribution.jpg,https://cafesnap.me/c/7247,35.455972,139.6115067
323,MAX CAFE 横浜中華街店,https://img.cafesnap.me/img-a/320/320/cafeapp/cafe-app/contributions/f7c17dd2419459e27c2617c68696e3f0/15447265955b0501ec1ca63_contribution.jpg,https://cafesnap.me/c/10087,35.4428678,139.6476487
324,柴原珈琲店,https://img.cafesnap.me/img-a/320/320/cafeapp/cafe-app/contributions/663eb4afaa78eead431227191f7cd34c/4750518785b02c457dfa77_contribution.jpg,https://cafesnap.me/c/9734,35.4153092,139.6280936
325,Coffee&Beer LeBron ,https://img.cafesnap.me/img-a/320/320/cafeapp/cafe-app/contributions/d27d404bf7685e295e11cae4b27d86ea/12337562525afd77c4d3a12_contribution.jpg,https://cafesnap.me/c/9372,35.4383302,139.6452258
326,Flashback cafe,https://img.cafesnap.me/img-a/320/320/cafeapp/cafe-app/contributions/88efed15a434476117eb35385df8b7ee/14046686065af7dd291b160_contribution.jpg,https://cafesnap.me/c/7076,35.4441594,139.6423897
327,Roof Okurayama,https://img.cafesnap.me/img-a/320/320/cafeapp/cafe-app/contributions/96c4c767457b510da59db571c7f6dda3/8937305665ad6148b4f677_image.jpg,https://cafesnap.me/c/8461,35.5235475,139.6304208
328,珈琲まめや,https://img.cafesnap.me/img-a/320/320/cafeapp/cafe-app/contributions/1d8590281f29d8d31a3e034397914f2b/15244516265ad1e2c55eee7_contribution.jpg,https://cafesnap.me/c/2473,35.5446369,139.5696768
329,cafe & bar MÉLI-MÉLO,https://img.cafesnap.me/img-a/320/320/cafeapp/cafe-app/contributions/2bde0b6c81a063067e87e98121a59b9f/8841031075ac9e06d27794_contribution.jpg,https://cafesnap.me/c/1660,35.4387891,139.6457345
330,Melior Eterno,https://img.cafesnap.me/img-a/320/320/cafeapp/cafe-app/contributions/2e1d3174bd2d9152581395c9fc41d216/20901743025abc2f0c7a81c_contribution.jpg,https://cafesnap.me/c/9717,35.4793164,139.6311527
331,ANTICO CAFFE AL AVIS 横浜ランドマークプラザ店,https://img.cafesnap.me/img-a/320/320/cafeapp/cafe-app/contributions/77237d8eefe7c2132f01b972f529f939/7755370295abbc41428740_contribution.jpg,https://cafesnap.me/c/9689,35.4546187,139.6307289
332,Bake Room,https://img.cafesnap.me/img-a/320/320/cafeapp/cafe-app/contributions/669e1aa506b9cc80ecc7d0ad2afa64f8/6870740175ab394dd93adf_contribution.jpg,https://cafesnap.me/c/7549,35.446428,139.631722
333,蕎麦cafe 粉々奈,https://img.cafesnap.me/img-a/320/320/cafeapp/cafe-app/contributions/1c442667a67975153045456a3d047471/6097650765aab31f438b07_contribution.jpg,https://cafesnap.me/c/5320,35.4541,139.602972
334,ジャン・フランソワ 横浜ポルタ,https://img.cafesnap.me/img-a/320/320/cafeapp/cafe-app/contributions/a405ca89c3f6a4cfca211ba8a48d35fb/17597130925aa7de19dfa6b_contribution.jpg,https://cafesnap.me/c/4157,35.4657141,139.6235059
335,横濱港町ベーカリー 玉手麦,https://img.cafesnap.me/img-a/320/320/cafeapp/cafe-app/contributions/2e1d3174bd2d9152581395c9fc41d216/18006763235aa235fb52a35_contribution.jpg,https://cafesnap.me/c/5657,35.476609,139.630159
336,KEYUCA CAFE,https://img.cafesnap.me/img-a/320/320/cafeapp/cafe-app/contributions/4e7ac1a1dbc0b51c3eb1daebac885976/19576767825a9ae46a09ca6_contribution.jpg,https://cafesnap.me/c/4443,35.4563999,139.6330545
337,PEOPLE WISE CAFE,https://img.cafesnap.me/img-a/320/320/cafeapp/cafe-app/contributions/9ef4a5c21fa0934a503d3b92d123046b/5224007335a939b03d41b8_contribution.jpg,https://cafesnap.me/c/9457,35.5825578,139.5570453
338,エスプラン,https://img.cafesnap.me/img-a/320/320/cafeapp/cafe-app/contributions/e210e15feb2a2fe2fb5c644366211aa3/10592457475a8d0c2ef413e_contribution.jpg,https://cafesnap.me/c/9396,35.5069178,139.6780263
339,帷子珈琲,https://img.cafesnap.me/img-a/320/320/cafeapp/cafe-app/contributions/0d0d7351175b50abb260044204c81dd3/20863006855a7d97218d5aa_contribution.jpg,https://cafesnap.me/c/6351,35.446162,139.5971335
340,SEASON'S Cafe,https://img.cafesnap.me/img-a/320/320/cafeapp/cafe-app/contributions/23003b547833431426eccce37c14ec94/47449490857d8cd7e4b0a4_image.jpg,https://cafesnap.me/c/4614,35.4559629,139.6114616
341,旅湾喫茶 TA TA TEA,https://img.cafesnap.me/img-a/320/320/cafeapp/cafe-app/contributions/0e6dfe454466c85e1b6758c223c81374/20901926355937fd16ed9e7_contribution.jpg,https://cafesnap.me/c/2123,35.452713,139.5951149
342,REBECCA's EATERY,https://img.cafesnap.me/img-a/320/320/cafeapp/cafe-app/contributions/aa1fb4cd81376158f65cbf1f0ec3c36b/20600371655a52f57da3288_contribution.jpg,https://cafesnap.me/c/8984,35.5778038,139.5585358
343,STOVES,https://img.cafesnap.me/img-a/320/320/cafeapp/cafe-app/contributions/65744ec8a05d906385d75e5270f3392a/9714068795a2d11296f47e_contribution.jpg,https://cafesnap.me/c/3357,35.4636823,139.619303
344,BURGERS NEW YORK,https://img.cafesnap.me/img-a/320/320/cafeapp/cafe-app/contributions/65744ec8a05d906385d75e5270f3392a/18128589515a1bff9b57a7d_contribution.jpg,https://cafesnap.me/c/8743,35.4510899,139.6010723
345,ローラーコースト,https://img.cafesnap.me/img-a/320/320/cafeapp/cafe-app/contributions/65744ec8a05d906385d75e5270f3392a/7312936855a1762eecbde2_contribution.jpg,https://cafesnap.me/c/8728,35.5642595,139.5699451
346,TONERICO,https://img.cafesnap.me/img-a/320/320/cafeapp/cafe-app/contributions/65744ec8a05d906385d75e5270f3392a/47697406559f6fd46403c3_contribution.jpg,https://cafesnap.me/c/8518,35.4438944,139.6250861
347,HARBOR'S CAFE,https://img.cafesnap.me/img-a/320/320/cafeapp/cafe-app/contributions/65744ec8a05d906385d75e5270f3392a/16482965085a02fb81a51f7_contribution.jpg,https://cafesnap.me/c/938,35.4509085,139.6475008
348,tobago cafe&bar,https://img.cafesnap.me/img-a/320/320/cafeapp/cafe-app/contributions/65744ec8a05d906385d75e5270f3392a/132521502759fb16b1819b0_contribution.jpg,https://cafesnap.me/c/6547,35.4666218,139.6161195
349,Healing cafe しぐさ,https://img.cafesnap.me/img-a/320/320/cafeapp/cafe-app/contributions/65744ec8a05d906385d75e5270f3392a/2122414559f86da153121_contribution.jpg,https://cafesnap.me/c/2658,35.4647817,139.4842773
350,canti,https://img.cafesnap.me/img-a/320/320/cafeapp/cafe-app/contributions/65744ec8a05d906385d75e5270f3392a/79427786059f11c0e8a742_contribution.jpg,https://cafesnap.me/c/8492,35.4402326,139.6240636
351,キリン食堂,https://img.cafesnap.me/img-a/320/320/cafeapp/cafe-app/contributions/65744ec8a05d906385d75e5270f3392a/28631046759ec9fb2e3de7_contribution.jpg,https://cafesnap.me/c/8448,35.4884808,139.6092681
352,【休業】ミカンバコ,https://img.cafesnap.me/img-a/320/320/cafeapp/cafe-app/contributions/d864c96975b510f730c5ae4ffbe8f1a7/133192770959da9f8d1db53_contribution.jpg,https://cafesnap.me/c/6247,35.452713,139.5951149
353,village vanguard diner 横浜ルミネ,https://img.cafesnap.me/img-a/320/320/cafeapp/cafe-app/contributions/8035275486dbe1086630c23e95b9d732/1395875459b9394a74253_contribution.jpg,https://cafesnap.me/c/8091,35.4652932,139.6227547
354,禅カフェ 坐月一葉,https://img.cafesnap.me/img-a/320/320/cafeapp/cafe-app/contributions/6a89ce357eb14a31c403955e6459a569/159426128659b61cd833e7b_contribution.jpg,https://cafesnap.me/c/3421,35.507925,139.6767936
355,BREIZH Cafe express,https://img.cafesnap.me/img-a/320/320/cafeapp/cafe-app/contributions/784e09c613fc861abae40de48e74ca85/32607623156c5553e04439_contribution.jpg,https://cafesnap.me/c/2360,35.4526089,139.6429776
356,カフェらいさー,https://img.cafesnap.me/img-a/320/320/cafeapp/cafe-app/contributions/cf8233c0498ff47854328c685611282f/139564045599d34b3ee4d4_image.jpg,https://cafesnap.me/c/7758,35.452713,139.5951149
357,Teracce & Living,https://img.cafesnap.me/img-a/320/320/cafeapp/cafe-app/contributions/a0589fc0beb1ab8a9a11d0fd1aa20e63/1059408995967939ddf6ef_contribution.jpg,https://cafesnap.me/c/2842,35.5529608,139.645578
358,Mitsu Tea,https://img.cafesnap.me/img-a/320/320/cafeapp/cafe-app/contributions/03731d2340923eb9cc5a6e7c7044edbd/325830478593cdc2f76767_contribution.jpg,https://cafesnap.me/c/2542,35.4376881,139.6424831
359,Honolulu Coffee ららぽーと横浜店,https://img.cafesnap.me/img-a/320/320/cafeapp/cafe-app/contributions/0e6dfe454466c85e1b6758c223c81374/3724900285938120a933d1_contribution.jpg,https://cafesnap.me/c/7000,35.5173048,139.5666241
360,GOOD MORNING COFFEE,https://img.cafesnap.me/img-a/320/320/cafeapp/cafe-app/contributions/fe9d7fddb5133be87ce36cfa445424d5/1570876223592e093032f28_contribution.jpg,https://cafesnap.me/c/3473,35.440902,139.63124
361,DUMBO PIZZA FACTORY,https://img.cafesnap.me/img-a/320/320/cafeapp/cafe-app/contributions/d458856e866ea229203e834e917048c9/135119674959134ed5262a6_contribution.jpg,https://cafesnap.me/c/6730,35.4653598,139.6195895
362,オンザディッシュ,https://img.cafesnap.me/img-a/320/320/cafeapp/cafe-app/contributions/e22cdf21222b33c1a3b49c85d69382e1/165204969259040b27e7ac4_contribution.jpg,https://cafesnap.me/c/3228,35.4248102,139.6438668
363,岩田焙煎珈琲,https://img.cafesnap.me/img-a/320/320/cafeapp/cafe-app/contributions/899de9ccf6d348e5b5e7a2800684019b/97648203358f3999195db2_contribution.jpg,https://cafesnap.me/c/4660,35.5477054,139.5258877
364,BLUE WATER SHRINP,https://img.cafesnap.me/img-a/320/320/cafeapp/cafe-app/contributions/7a2f8701c4280450b9b39ab869453f5e/157662999058bd198dd4eba_contribution.jpg,https://cafesnap.me/c/4174,35.4537883,139.6392085
365,ISHIDA COFFEE ,https://img.cafesnap.me/img-a/320/320/cafeapp/cafe-app/contributions/7e555422057bb74c0a1bca17619e90ad/173066643058b67f4ce1633_image.jpg,https://cafesnap.me/c/6194,35.5534051,139.5143887
366,cafe MITSUIKE ,https://img.cafesnap.me/img-a/320/320/cafeapp/cafe-app/contributions/81d30bc9203453364546e3a4a1fbeb89/209409636558a916f29a2ec_contribution.jpg,https://cafesnap.me/c/4027,35.521194,139.663022
367,Cafe Lotus,https://img.cafesnap.me/img-a/320/320/cafeapp/cafe-app/contributions/34745d74439cafa310a4e9d314bf93e5/210951251758a5c52de3c29_image.jpg,https://cafesnap.me/c/5659,35.4657637,139.619489
368,Midsummer Cafe 夏至茶屋,https://img.cafesnap.me/img-a/320/320/cafeapp/cafe-app/contributions/dd102c6dea8b84f24ec41e934e9b731c/13551737175893d9e094d52_contribution.jpg,https://cafesnap.me/c/4043,35.4593837,139.6075307
369,Audi Delight Cafe,https://img.cafesnap.me/img-a/320/320/cafeapp/cafe-app/contributions/efb498adfe854e81bf7a151ec01348b6/14062329655850fd2cc990a_contribution.jpg,https://cafesnap.me/c/1055,35.455083,139.6393767
370,MANOA  AlohaTable,https://img.cafesnap.me/img-a/320/320/cafeapp/cafe-app/contributions/bd800c8609d26a94a85c48057c1e1ab1/8202787465786650cac085_contribution.jpg,https://cafesnap.me/c/2200,35.4522664,139.6308904
371,タンゴ,https://img.cafesnap.me/img-a/320/320/cafeapp/cafe-app/contributions/fa4e5295c8652a8038034f2053bdb5bb/430425630574e6f4b044dd_image.jpg,https://cafesnap.me/c/2792,35.5148551,139.6725299
372,Cafe 35mm,https://img.cafesnap.me/img-a/320/320/cafeapp/cafe-app/contributions/71ef5d4f4d7d8dd2041bda9b5fe91920/121790312256ec1d6c6226e_image.jpg,https://cafesnap.me/c/2790,35.4541635,139.6385211
373,トラットリア　ピッツェリア　ロジック 横浜,https://img.cafesnap.me/img-a/320/320/cafeapp/cafe-app/contributions/a54c675fb1ac165cfae0a8a25d93e5cc/28646012256dee6b14e7e8_contribution.jpg,https://cafesnap.me/c/2482,35.4658799,139.6175726
374,cafe moo,https://img.cafesnap.me/img-a/320/320/cafeapp/cafe-app/contributions/7cbcbfe3bfddb2f0427ed0fea7820138/81191541456de6ec280673_contribution.jpg,https://cafesnap.me/c/2589,35.4850819,139.4744053
375,LocoSoul Records&Cafe Yokohama,https://img.cafesnap.me/img-a/320/320/cafeapp/cafe-app/contributions/55669058a28ab0877341f7424bfae061/8968144156c70a2ed3f88_contribution.jpg,https://cafesnap.me/c/2392,35.452713,139.5951149
376,ZAIM CAFE ANNEX,https://img.cafesnap.me/img-a/320/320/cafeapp/cafe-app/contributions/dc9e38950ff545914f233e1345818089/134962710855ff8dd4c5f2c_contribution.jpg,https://cafesnap.me/c/767,35.4366554,139.6449344
377,荒田珈琲,https://img.cafesnap.me/img-a/320/320/cafeapp/cafe-app/contributions/4717e4b0b5896e881945abe0bb2d8ffd/949427951600fc6d96e168.jpg,https://cafesnap.me/c/14775,35.5517806,139.5141359
378,コーヒーハウス ザ・カフェ,https://img.cafesnap.me/img-a/320/320/cafeapp/cafe-app/ontributions/27ddbe4fcbac45adce3722ad86eca297/23109405960400c565cfc8_image.jpg,https://cafesnap.me/c/14902,35.4448182,139.6500125
