コーヒーの大学院 ルミエール・ド・パリ,"https://img.cafesnap.me/img-a/320/320/cafeapp/cafe-app/ontributions/03bb30d7dbe28c5005cbc55fe0a4c8b1/185452896603fa445f2eff_image.jpg","https://cafesnap.me/c/9455",35.44675528029151,35.44405731970851,139.6412129802915,139.6385150197085
おやつ処 cafe 茶寿,"https://img.cafesnap.me/img-a/320/320/cafeapp/cafe-app/ontributions/fb69d271aad785e9ac9389e57e4e71fd/10225146536031ea909e942_image.jpg","https://cafesnap.me/c/6032",35.4995122802915,35.4968143197085,139.6340158802915,139.6313179197085
Cafe douce,"https://img.cafesnap.me/img-a/320/320/cafeapp/cafe-app/ontributions/a038ab95f279494130f13e6f27c72b39/2073153801603e6a84a404a_user.jpg","https://cafesnap.me/c/4802",35.4859378802915,35.4832399197085,139.6288779802915,139.6261800197085
Star Jewelry CAFE & Chocolatier,"https://img.cafesnap.me/img-a/320/320/cafeapp/cafe-app/ontributions/930d6a7ae8cbf99189a32b267ec5f1b4/909414619603e5f4019bcc_image.jpg","https://cafesnap.me/c/6624",35.4418484802915,35.4391505197085,139.6509704802915,139.6482725197085
yokohama coffee stand,"https://img.cafesnap.me/img-a/320/320/cafeapp/cafe-app/ontributions/e143c5eb3f706761486edd9b49abd39c/311880396604033daca592_user.jpg","https://cafesnap.me/c/6594",35.4432789802915,35.4405810197085,139.6499879802915,139.6472900197085
シルスマリア 馬車道本店,"https://img.cafesnap.me/img-a/320/320/cafeapp/cafe-app/ontributions/596bf4bc6fc77620af1a171eee7745da/1370580589603d999bc18a3_user.jpg","https://cafesnap.me/c/13379",35.44984678029149,35.4471488197085,139.6375931802915,139.6348952197085
ZEBRA Coffee & Croissant,"https://img.cafesnap.me/img-a/320/320/cafeapp/cafe-app/ontributions/ee3119eecc155a513c0907982b0e2443/534769112603b9557dd7cf_user.jpg","https://cafesnap.me/c/14903",35.45621838029151,35.45352041970851,139.6433109802915,139.6406130197085
マーロウブラザーズコーヒー そごう横浜店,"https://img.cafesnap.me/img-a/320/320/cafeapp/cafe-app/ontributions/fb69d271aad785e9ac9389e57e4e71fd/179200500560377787dfac9_image.jpg","https://cafesnap.me/c/14697",35.4667738802915,35.4640759197085,139.6264443802915,139.6237464197085
サモアール 馬車道店,"https://img.cafesnap.me/img-a/320/320/cafeapp/cafe-app/ontributions/a038ab95f279494130f13e6f27c72b39/1792457767603727a44699f_user.jpg","https://cafesnap.me/c/6974",35.4498450802915,35.4471471197085,139.6379124802915,139.6352145197085
ブルーボトルコーヒー  みなとみらいカフェ,"https://img.cafesnap.me/img-a/320/320/cafeapp/cafe-app/ontributions/853a5a16cb538d5bf6312a6d1cea3552/19633433116037176aaea0d_user.jpg","https://cafesnap.me/c/14454",35.4596858802915,35.4569879197085,139.6322525802915,139.6295546197085
えの木てい,"https://img.cafesnap.me/img-a/320/320/cafeapp/cafe-app/ontributions/5c8359da7bfaeb12dc99bdd7f9b4a9a1/3542697696034eeba39709_user.jpg","https://cafesnap.me/c/202",35.4388935802915,35.4361956197085,139.6533544802915,139.6506565197085
CHILLULU COFFEE,"https://img.cafesnap.me/img-a/320/320/cafeapp/cafe-app/ontributions/9a6d2e49990b49d4dac4ee6c25c3740a/13006707806034a76e28afb_user.jpg","https://cafesnap.me/c/6348",35.4442069802915,35.4415090197085,139.6484849802915,139.6457870197085
Kurumicco Factory Cafe,"https://img.cafesnap.me/img-a/320/320/cafeapp/cafe-app/ontributions/9852283b277e8f55c4f0f56680a0072d/308414679603483a859d34_user.jpg","https://cafesnap.me/c/13656",35.4576795802915,35.4549816197085,139.6436109802915,139.6409130197085
rokucafe,"https://img.cafesnap.me/img-a/320/320/cafeapp/cafe-app/ontributions/0a005c6fefdeb56b061f9f0e1ebb821e/127225660460322c7f3b57c_user.jpg","https://cafesnap.me/c/1424",35.4665134802915,35.4638155197085,139.6161270802915,139.6134291197085
ブルーボトルコーヒー NEWoMan YOKOHAMA カフェスタンド,"https://img.cafesnap.me/img-a/320/320/cafeapp/cafe-app/ontributions/9c5cb1cbd8b973f6b2aafa38a979d1a5/81851165160321c8000b74_user.jpg","https://cafesnap.me/c/14156",35.4679968802915,35.4652989197085,139.6233472802915,139.6206493197085
カフェ・ド・ピオン,"https://img.cafesnap.me/img-a/320/320/cafeapp/cafe-app/ontributions/d3aa70d95ffa4bc84107228ead91881a/6997114816030bba7ae301_image.jpg","https://cafesnap.me/c/14860",35.52350388029149,35.5208059197085,139.6297041802915,139.6270062197085
SAND GLASS,"https://img.cafesnap.me/img-a/320/320/cafeapp/cafe-app/ontributions/d3aa70d95ffa4bc84107228ead91881a/6689698006030bb0ac1b07_image.jpg","https://cafesnap.me/c/6464",35.4502281802915,35.4475302197085,139.6398514802915,139.6371535197085
珈琲専科 小島屋,"https://img.cafesnap.me/img-a/320/320/cafeapp/cafe-app/ontributions/a038ab95f279494130f13e6f27c72b39/72937000760305a178354e_user.jpg","https://cafesnap.me/c/9788",35.44726488029149,35.44456691970849,139.6404576802915,139.6377597197085
POTIER COFFEE 新横浜店,"https://img.cafesnap.me/img-a/320/320/cafeapp/cafe-app/ontributions/bdf42b868eb039948c5ba073a11b672d/2043586292602ef651ef8e5_user.jpg","https://cafesnap.me/c/3060",35.5096685802915,35.5069706197085,139.6144868802915,139.6117889197085
DAILY ESCAPE COFFEE,"https://img.cafesnap.me/img-a/320/320/cafeapp/cafe-app/ontributions/5b4bc9d2ce253ee9ef988f4e0ff18abb/206572942860294b5b6a7c2_user.jpg","https://cafesnap.me/c/13360",35.5362967802915,35.5335988197085,139.5632537802915,139.5605558197085
POE COFFEE,"https://img.cafesnap.me/img-a/320/320/cafeapp/cafe-app/ontributions/a038ab95f279494130f13e6f27c72b39/137410739560291440f087e_user.jpg","https://cafesnap.me/c/13719",35.48531208029151,35.48261411970851,139.6287592802915,139.6260613197085
CARAVAN COFFEE STAND,"https://img.cafesnap.me/img-a/320/320/cafeapp/cafe-app/ontributions/8dc6f57d6d27c8c12b2efd8fed6f2878/15447480836028e17c4fce8_user.jpg","https://cafesnap.me/c/1615",35.4436956802915,35.44099771970851,139.6517200802915,139.6490221197085
GOOD on YOU Coffee Stand,"https://img.cafesnap.me/img-a/320/320/cafeapp/cafe-app/ontributions/596bf4bc6fc77620af1a171eee7745da/1962524359602827d30a86a_user.jpg","https://cafesnap.me/c/6655",35.4422509802915,35.43955301970851,139.6325889802915,139.6298910197085
菓舎,"https://img.cafesnap.me/img-a/320/320/cafeapp/cafe-app/ontributions/3f91eb8c4ea90b8b45392dfb6abf339f/425716251602776dc6ed40_user.jpg","https://cafesnap.me/c/10411",35.4761249802915,35.4734270197085,139.6243037802915,139.6216058197085
Little Village Cafe,"https://img.cafesnap.me/img-a/320/320/cafeapp/cafe-app/ontributions/fb69d271aad785e9ac9389e57e4e71fd/20249864356020bf45be07c_image.jpg","https://cafesnap.me/c/13546",35.4322305802915,35.4295326197085,139.6497198802915,139.6470219197085
資生堂パーラー 横浜高島屋店,"https://img.cafesnap.me/img-a/320/320/cafeapp/cafe-app/ontributions/fb69d271aad785e9ac9389e57e4e71fd/1053233962601ced9083618_image.jpg","https://cafesnap.me/c/8787",35.4663830802915,35.4636851197085,139.6219283802915,139.6192304197085
モンレオン,"https://img.cafesnap.me/img-a/320/320/cafeapp/cafe-app/ontributions/a038ab95f279494130f13e6f27c72b39/1063715983601be459ed2cc_user.jpg","https://cafesnap.me/c/9777",35.4445163802915,35.4418184197085,139.6341952802915,139.6314973197085
焼菓子工務店,"https://img.cafesnap.me/img-a/320/320/cafeapp/cafe-app/ontributions/fb69d271aad785e9ac9389e57e4e71fd/8293504260138dd85f29d_image.jpg","https://cafesnap.me/c/11721",35.4883140802915,35.4856161197085,139.6236757802915,139.6209778197085
minato coffee,"https://img.cafesnap.me/img-a/320/320/cafeapp/cafe-app/ontributions/1d5139e1d4b437f62e31572730062fa2/157608238601116cbdbe87_image.jpg","https://cafesnap.me/c/11404",35.4571817802915,35.4544838197085,139.6340935802915,139.6313956197085
コーヒースタイルUCC,"https://img.cafesnap.me/img-a/320/320/cafeapp/cafe-app/ontributions/9638eaf1bf7580f58dc5b4d934fe2fb0/7383398506010147b016b6_user.jpg","https://cafesnap.me/c/10138",35.4657194802915,35.4630215197085,139.6217617802915,139.6190638197085
トラヤカフェ・あんスタンド　横浜店,"https://img.cafesnap.me/img-a/320/320/cafeapp/cafe-app/ontributions/9638eaf1bf7580f58dc5b4d934fe2fb0/101728125660101288b604e_user.jpg","https://cafesnap.me/c/14417",35.4684931802915,35.4657952197085,139.6243630802915,139.6216651197085
珈琲苑,"https://img.cafesnap.me/img-a/320/320/cafeapp/cafe-app/ontributions/a038ab95f279494130f13e6f27c72b39/1753508045600d44d19208c_user.jpg","https://cafesnap.me/c/9684",35.5152431802915,35.5125452197085,139.6755206802915,139.6728227197085
Sky produce by TOSHI YOROIZUKA,"https://img.cafesnap.me/img-a/320/320/cafeapp/cafe-app/ontributions/fb69d271aad785e9ac9389e57e4e71fd/592137043600baf3f41276_image.jpg","https://cafesnap.me/c/14733",35.4979076802915,35.4952097197085,139.6227746802915,139.6200767197085
Cafe issui,"https://img.cafesnap.me/img-a/320/320/cafeapp/cafe-app/ontributions/0e82978c56dfdcb42ee4d5fa2e104cc9/1146415486600ab7b1164af_user.jpg","https://cafesnap.me/c/13640",35.5550682802915,35.5523703197085,139.6462194802915,139.6435215197085
しょうゆ きゃふぇ,"https://img.cafesnap.me/img-a/320/320/cafeapp/cafe-app/ontributions/5bc2909e6d3b460e4bb6b32e22dce048/158822946460044a31e99dd_user.jpg","https://cafesnap.me/c/1911",35.44231928029149,35.4396213197085,139.6515245802915,139.6488266197085
プルメリアカフェ,"https://img.cafesnap.me/img-a/320/320/cafeapp/cafe-app/ontributions/5bc2909e6d3b460e4bb6b32e22dce048/5856888426004480de5c13_user.jpg","https://cafesnap.me/c/11540",35.4671726802915,35.46447471970851,139.6188575802915,139.6161596197085
果実園リーベル 横浜ランドマークプラザ店,"https://img.cafesnap.me/img-a/320/320/cafeapp/cafe-app/ontributions/5bc2909e6d3b460e4bb6b32e22dce048/154298627360043ece7f0a9_user.jpg","https://cafesnap.me/c/10837",35.4570452802915,35.4543473197085,139.6335323802915,139.6308344197085
無,"https://img.cafesnap.me/img-a/320/320/cafeapp/cafe-app/ontributions/a038ab95f279494130f13e6f27c72b39/3659815126002df39e454d_user.jpg","https://cafesnap.me/c/9710",35.4425792802915,35.4398813197085,139.6513155802915,139.6486176197085
pukutto食堂,"https://img.cafesnap.me/img-a/320/320/cafeapp/cafe-app/ontributions/d3aa70d95ffa4bc84107228ead91881a/197235492860024e8da76e0_image.jpg","https://cafesnap.me/c/1763",35.5224577802915,35.5197598197085,139.6308012802915,139.6281033197085
アジアンカフェ 883 ,"https://img.cafesnap.me/img-a/320/320/cafeapp/cafe-app/ontributions/d3aa70d95ffa4bc84107228ead91881a/16153812536000f6a844460_image.jpg","https://cafesnap.me/c/8510",35.5697255802915,35.5670276197085,139.5540641802915,139.5513662197085
JIKE STUDIO,"https://img.cafesnap.me/img-a/320/320/cafeapp/cafe-app/ontributions/e7817315a992fac4160463063d0199a2/19230816465ffcd42b6cca1_user.jpg","https://cafesnap.me/c/2387",35.5725935802915,35.5698956197085,139.5095810802915,139.5068831197085
エレーナ,"https://img.cafesnap.me/img-a/320/320/cafeapp/cafe-app/ontributions/d3aa70d95ffa4bc84107228ead91881a/21321059475ffbd220a71b2_image.jpg","https://cafesnap.me/c/7259",35.4372989802915,35.4346010197085,139.6462891802915,139.6435912197085
Pain de U,"https://img.cafesnap.me/img-a/320/320/cafeapp/cafe-app/ontributions/fb69d271aad785e9ac9389e57e4e71fd/1934405355ff5a350338cc_image.jpg","https://cafesnap.me/c/14573",35.4783905802915,35.4756926197085,139.6330020802915,139.6303041197085
CAFE シトカ,"https://img.cafesnap.me/img-a/320/320/cafeapp/cafe-app/ontributions/a5aa6aa16f56014eaec52dcc3dc007f7/8378082275ff3c2b494a0e_user.jpg","https://cafesnap.me/c/11882",35.4323042802915,35.4296063197085,139.6313749802915,139.6286770197085
COFFEE AND BEER &9,"https://img.cafesnap.me/img-a/320/320/cafeapp/cafe-app/ontributions/1b66dc397c116441d6d8ba212f5f48d4/15150134245fed9f247ec52_user.jpg","https://cafesnap.me/c/14451",35.4665258802915,35.4638279197085,139.6229821802915,139.6202842197085
横濱珈琲店 五番街,"https://img.cafesnap.me/img-a/320/320/cafeapp/cafe-app/ontributions/a038ab95f279494130f13e6f27c72b39/191686885feada03ef5cf_user.jpg","https://cafesnap.me/c/9619",35.46582138029149,35.4631234197085,139.6214581802915,139.6187602197085
カフェ　アメンドロ,"https://img.cafesnap.me/img-a/320/320/cafeapp/cafe-app/ontributions/22a11e3d1eee149af25a7bebf87147ed/8387316935fe87bfe8ec22_user.jpg","https://cafesnap.me/c/12604",35.4894010802915,35.4867031197085,139.6276649802915,139.6249670197085
Cafe de UN,"https://img.cafesnap.me/img-a/320/320/cafeapp/cafe-app/ontributions/a038ab95f279494130f13e6f27c72b39/10166835725fe82df53605f_user.jpg","https://cafesnap.me/c/10077",35.4801594802915,35.47746151970851,139.6328304802915,139.6301325197085
CAFE Elliott Avenue,"https://img.cafesnap.me/img-a/320/320/cafeapp/cafe-app/ontributions/cd8b252deeff172c004d4f10d21b7948/8027660585fe7f8f450763_image.jpg","https://cafesnap.me/c/893",35.4447261802915,35.4420282197085,139.6535310802915,139.6508331197085
TERA COFFEE and ROASTER 白楽店,"https://img.cafesnap.me/img-a/320/320/cafeapp/cafe-app/ontributions/fb69d271aad785e9ac9389e57e4e71fd/8070773025fe6ca91b559c_image.jpg","https://cafesnap.me/c/9747",35.4915558802915,35.4888579197085,139.6290577802915,139.6263598197085
【休業中】コの字カフェ,"https://img.cafesnap.me/img-a/320/320/cafeapp/cafe-app/ontributions/a038ab95f279494130f13e6f27c72b39/15376603025fddf508b9848_user.jpg","https://cafesnap.me/c/11719",35.54510218029149,35.5424042197085,139.6291619802915,139.6264640197085
ecomo bakery YOKOHAMA MOTOMACHI,"https://img.cafesnap.me/img-a/320/320/cafeapp/cafe-app/ontributions/22a11e3d1eee149af25a7bebf87147ed/1034231525fdcc2fb6dde6_user.jpg","https://cafesnap.me/c/3857",35.44285438029149,35.4401564197085,139.6522920802915,139.6495941197085
Pâtisserie Cafe Sora,"https://img.cafesnap.me/img-a/320/320/cafeapp/cafe-app/ontributions/22a11e3d1eee149af25a7bebf87147ed/11821432975fdcc1d26ee88_user.jpg","https://cafesnap.me/c/13669",35.49300728029149,35.4903093197085,139.6311186802915,139.6284207197085
モデル,"https://img.cafesnap.me/img-a/320/320/cafeapp/cafe-app/ontributions/22a11e3d1eee149af25a7bebf87147ed/20368073315fdcc101ac80c_user.jpg","https://cafesnap.me/c/9301",35.44109058029149,35.43839261970849,139.6437105802915,139.6410126197085
京はやしや そごう横浜店,"https://img.cafesnap.me/img-a/320/320/cafeapp/cafe-app/ontributions/fb69d271aad785e9ac9389e57e4e71fd/4734181315fdc32d31418e_image.jpg","https://cafesnap.me/c/13290",35.4663814802915,35.4636835197085,139.6263131802915,139.6236152197085
UNI COFFEE ROASTERY,"https://img.cafesnap.me/img-a/320/320/cafeapp/cafe-app/ontributions/fb69d271aad785e9ac9389e57e4e71fd/2665563285fd99fe2354b1_image.jpg","https://cafesnap.me/c/14126",35.4645908802915,35.4618929197085,139.6168190802915,139.6141211197085
水信フルーツパーラー,"https://img.cafesnap.me/img-a/320/320/cafeapp/cafe-app/ontributions/50bbab1b7346ede12a44b7213226e59d/10773973145fd7f6ca9e799_image.jpg","https://cafesnap.me/c/14216",35.4523142802915,35.4496163197085,139.6372737802915,139.6345758197085
niko and…KITCHEN,"https://img.cafesnap.me/img-a/320/320/cafeapp/cafe-app/ontributions/899a81cf06d1c3bca1afb1e95b9d254f/17055564905fd6e696c1e05_user.jpg","https://cafesnap.me/c/13474",35.46766108029149,35.4649631197085,139.6282054802915,139.6255075197085
珈琲文明,"https://img.cafesnap.me/img-a/320/320/cafeapp/cafe-app/ontributions/22a11e3d1eee149af25a7bebf87147ed/2789238615fd4d7aa1d737_user.jpg","https://cafesnap.me/c/2500",35.4894671802915,35.4867692197085,139.6276938802915,139.6249959197085
comma tea みなとみらい コレットマーレ店,"https://img.cafesnap.me/img-a/320/320/cafeapp/cafe-app/ontributions/4a901c8cb426243cf3392e8023764070/1671806825fd46b0955ca1_user.jpg","https://cafesnap.me/c/14619",35.4535001802915,35.4508022197085,139.6324058802915,139.6297079197085
R Baker,"https://img.cafesnap.me/img-a/320/320/cafeapp/cafe-app/ontributions/9852283b277e8f55c4f0f56680a0072d/6673014445fd4645851b8b_user.jpg","https://cafesnap.me/c/10862",35.4610009802915,35.4583030197085,139.6286111802915,139.6259132197085
HARBS 横浜ランドマークプラザ店,"https://img.cafesnap.me/img-a/320/320/cafeapp/cafe-app/ontributions/d3aa70d95ffa4bc84107228ead91881a/11471231725fd4412be038c_image.jpg","https://cafesnap.me/c/5312",35.4558759802915,35.4531780197085,139.6320644802915,139.6293665197085
Chai Tea Cafe,"https://img.cafesnap.me/img-a/320/320/cafeapp/cafe-app/ontributions/84845a6df1e1b8de6df43f29a569aa63/13461960275fd0b28f63665_user.jpg","https://cafesnap.me/c/3590",35.4447102802915,35.4420123197085,139.6491190802915,139.6464211197085
ANTICO CAFFE AL AVIS 横浜ジョイナス店,"https://img.cafesnap.me/img-a/320/320/cafeapp/cafe-app/ontributions/5e6e6b0191625a8e516129ea065b02d5/15010362475fd02e990981d_user.jpg","https://cafesnap.me/c/8378",35.4661927802915,35.4634948197085,139.6221873802915,139.6194894197085
pie Holic,"https://img.cafesnap.me/img-a/320/320/cafeapp/cafe-app/ontributions/27ddbe4fcbac45adce3722ad86eca297/19319249135fcff55ad44b1_image.jpg","https://cafesnap.me/c/8847",35.45628508029151,35.45358711970851,139.6431162802915,139.6404183197085
Au jardin de Perry,"https://img.cafesnap.me/img-a/320/320/cafeapp/cafe-app/ontributions/27ddbe4fcbac45adce3722ad86eca297/9433833095fce9ecfb8e8f_image.jpg","https://cafesnap.me/c/1921",35.4486703802915,35.4459724197085,139.6452897802915,139.6425918197085
Teafanny,"https://img.cafesnap.me/img-a/320/320/cafeapp/cafe-app/ontributions/eff1dde420f40a94a753712b9461e544/8496432035fc9f9908b14e_user.jpg","https://cafesnap.me/c/10682",35.4398581802915,35.4371602197085,139.6629556802915,139.6602577197085
【閉店】&ima,"https://img.cafesnap.me/img-a/320/320/cafeapp/cafe-app/ontributions/8f117a4a37bbc0622032d91656de3e83/4715272885fc57bd44572f_user.jpg","https://cafesnap.me/c/6625",35.46964558029149,35.46694761970849,139.4953840802915,139.4926861197085
NAGI COFFEE,"https://img.cafesnap.me/img-a/320/320/cafeapp/cafe-app/ontributions/fb69d271aad785e9ac9389e57e4e71fd/7807377055fc485717d4b6_image.jpg","https://cafesnap.me/c/5597",35.4772431802915,35.4745452197085,139.6229271802915,139.6202292197085
CAFE BLOOM,"https://img.cafesnap.me/img-a/320/320/cafeapp/cafe-app/ontributions/bd360fb47d3e2f7e7e910e854302e582/17805536095fc35a61318a6_user.jpg","https://cafesnap.me/c/7193",35.48348208029149,35.4807841197085,139.6318354802915,139.6291375197085
丘の上のパン屋,"https://img.cafesnap.me/img-a/320/320/cafeapp/cafe-app/ontributions/a5aa6aa16f56014eaec52dcc3dc007f7/8306989105fbfcf2a5ffe7_user.jpg","https://cafesnap.me/c/11538",35.58521268029149,35.58251471970849,139.5377687802915,139.5350708197085
TSUKIKOYA 中華街店,"https://img.cafesnap.me/img-a/320/320/cafeapp/cafe-app/ontributions/3dbc5addcc3706511ca37ac5cbdd4b63/13666122755fbf2ad967806_user.jpg","https://cafesnap.me/c/9743",35.44304208029151,35.44034411970851,139.6495373802915,139.6468394197085
innergie CAFE,"https://img.cafesnap.me/img-a/320/320/cafeapp/cafe-app/ontributions/a038ab95f279494130f13e6f27c72b39/19130260815fb636ca42594_user.jpg","https://cafesnap.me/c/14531",35.4460217802915,35.4433238197085,139.6442511802915,139.6415532197085
むさしの森珈琲 六ツ川店,"https://img.cafesnap.me/img-a/320/320/cafeapp/cafe-app/ontributions/2bde0b6c81a063067e87e98121a59b9f/14252602235fb4ca4e52545_user.jpg","https://cafesnap.me/c/2648",35.42720328029149,35.42450531970849,139.5843828802915,139.5816849197085
Pavlov,"https://img.cafesnap.me/img-a/320/320/cafeapp/cafe-app/ontributions/9c5cb1cbd8b973f6b2aafa38a979d1a5/3230451695fb3bffb218fe_user.jpg","https://cafesnap.me/c/1672",35.4437147802915,35.4410168197085,139.6506712802915,139.6479733197085
hana cafe,"https://img.cafesnap.me/img-a/320/320/cafeapp/cafe-app/ontributions/d3aa70d95ffa4bc84107228ead91881a/18089059155fafa670ed477_image.jpg","https://cafesnap.me/c/14503",35.3345470802915,35.3318491197085,139.6231106802915,139.6204127197085
【閉店】cafe くの家,"https://img.cafesnap.me/img-a/320/320/cafeapp/cafe-app/ontributions/fb69d271aad785e9ac9389e57e4e71fd/14829491725faf642864c85_image.jpg","https://cafesnap.me/c/8458",35.4827521802915,35.4800542197085,139.6318573802915,139.6291594197085
CAFE KALDI,"https://img.cafesnap.me/img-a/320/320/cafeapp/cafe-app/ontributions/a038ab95f279494130f13e6f27c72b39/18517382655fad52aee33a6_user.jpg","https://cafesnap.me/c/6949",35.5369939802915,35.5342960197085,139.6320229802915,139.6293250197085
Cafe de lento,"https://img.cafesnap.me/img-a/320/320/cafeapp/cafe-app/ontributions/39a8e96ea988d205c917eb58a97497c1/17346592935fab4631429af_user.jpg","https://cafesnap.me/c/1332",35.4400996802915,35.4374017197085,139.6472020802915,139.6445041197085
bakery&cafe　BASE+1,"https://img.cafesnap.me/img-a/320/320/cafeapp/cafe-app/ontributions/7430701061be45b9b88f6af0b06aa838/2746364505fa94af14a2d2_user.jpg","https://cafesnap.me/c/12039",35.4862213802915,35.4835234197085,139.6283410802915,139.6256431197085
白楽ベーグル,"https://img.cafesnap.me/img-a/320/320/cafeapp/cafe-app/ontributions/7430701061be45b9b88f6af0b06aa838/9065353555fa94ad13a6cf_user.jpg","https://cafesnap.me/c/2418",35.4879200802915,35.4852221197085,139.6241035802915,139.6214056197085
CRAFT BEER DINING &9,"https://img.cafesnap.me/img-a/320/320/cafeapp/cafe-app/ontributions/1b66dc397c116441d6d8ba212f5f48d4/18887675685fa7f1264665e_user.jpg","https://cafesnap.me/c/8670",35.44630508029149,35.4436071197085,139.6429200802915,139.6402221197085
SODA BAR,"https://img.cafesnap.me/img-a/320/320/cafeapp/cafe-app/ontributions/13c97ddcd41785426a1766ad63debd38/19440919875fa7c21ba8e78_user.jpg","https://cafesnap.me/c/2642",35.45576758029149,35.4530696197085,139.6440544802915,139.6413565197085
カフェ コクテル堂 横浜みなとみらい店,"https://img.cafesnap.me/img-a/320/320/cafeapp/cafe-app/ontributions/d3aa70d95ffa4bc84107228ead91881a/16390722225fa1275943c8d_image.jpg","https://cafesnap.me/c/9845",35.4589159802915,35.4562180197085,139.6328889802915,139.6301910197085
port of call ビブレ横浜店,"https://img.cafesnap.me/img-a/320/320/cafeapp/cafe-app/ontributions/d3aa70d95ffa4bc84107228ead91881a/12753504825fa12699047c6_image.jpg","https://cafesnap.me/c/6778",35.4662272802915,35.4635293197085,139.6195405802915,139.6168426197085
Peace Flower Market & Cafe,"https://img.cafesnap.me/img-a/320/320/cafeapp/cafe-app/ontributions/9aef9f017083462bfed46a1ce1ff4036/13011953215fa0cbd311694_user.jpg","https://cafesnap.me/c/852",35.4420015802915,35.4393036197085,139.6521794802915,139.6494815197085
馬車道十番館,"https://img.cafesnap.me/img-a/320/320/cafeapp/cafe-app/ontributions/2f52dc40bef4f858d652e118df816a9c/2207240685f960178473a7_user.jpg","https://cafesnap.me/c/5129",35.4487377802915,35.4460398197085,139.6361762802915,139.6334783197085
まめや 本店,"https://img.cafesnap.me/img-a/320/320/cafeapp/cafe-app/ontributions/282bec13ef8d06f0aa9e128648bd5de2/19981695135f95d59b3ab40_user.jpg","https://cafesnap.me/c/1918",35.4418635802915,35.4391656197085,139.6286000802915,139.6259021197085
cafe & dining blue terminal,"https://img.cafesnap.me/img-a/320/320/cafeapp/cafe-app/ontributions/c02c3d24ca6816f163fb625d20952da5/17771139625f956f2971da6_user.jpg","https://cafesnap.me/c/7439",35.45256138029149,35.4498634197085,139.6485845802915,139.6458866197085
Shinha,"https://img.cafesnap.me/img-a/320/320/cafeapp/cafe-app/ontributions/c02c3d24ca6816f163fb625d20952da5/19096904055f956de3a1d45_user.jpg","https://cafesnap.me/c/2904",35.4512658802915,35.4485679197085,139.6391558802915,139.6364579197085
Caffè Sanpopola,"https://img.cafesnap.me/img-a/320/320/cafeapp/cafe-app/ontributions/d3aa70d95ffa4bc84107228ead91881a/6683228445f9376a56ddca_image.jpg","https://cafesnap.me/c/11321",35.4529325802915,35.4502346197085,139.6318926802915,139.6291947197085
BUBBLE OVER,"https://img.cafesnap.me/img-a/320/320/cafeapp/cafe-app/ontributions/733e016bcc100d33b26e3125b2a30a16/18106539725f91548108c09_image.jpg","https://cafesnap.me/c/5856",35.5478859802915,35.5451880197085,139.5473539802915,139.5446560197085
ELOISE's Cafe 横浜ハンマーヘッド店,"https://img.cafesnap.me/img-a/320/320/cafeapp/cafe-app/ontributions/eff1dde420f40a94a753712b9461e544/20060657325f900c4a54fcb_user.jpg","https://cafesnap.me/c/14305",35.4580024802915,35.4553045197085,139.6433062802915,139.6406083197085
bills 横浜赤レンガ倉庫,"https://img.cafesnap.me/img-a/320/320/cafeapp/cafe-app/ontributions/1b66dc397c116441d6d8ba212f5f48d4/8634353535f8e09fc76ca4_user.jpg","https://cafesnap.me/c/204",35.45408018029149,35.4513822197085,139.6449283802915,139.6422304197085
VanillaBeans みなとみらい本店,"https://img.cafesnap.me/img-a/320/320/cafeapp/cafe-app/ontributions/9c5cb1cbd8b973f6b2aafa38a979d1a5/5439040285f8d92e9c8f45_user.jpg","https://cafesnap.me/c/3474",35.4527012802915,35.4500033197085,139.6396168802915,139.6369189197085
LE SALON DE NINA’S クィーンズスクエア横浜,"https://img.cafesnap.me/img-a/320/320/cafeapp/cafe-app/ontributions/1b66dc397c116441d6d8ba212f5f48d4/16779007675f8cbdde54a88_user.jpg","https://cafesnap.me/c/7529",35.4575568802915,35.4548589197085,139.6352724802915,139.6325745197085
24/7 coffee&roaster yokohama,"https://img.cafesnap.me/img-a/320/320/cafeapp/cafe-app/ontributions/22a11e3d1eee149af25a7bebf87147ed/15392790485f8be64dacb4f_user.jpg","https://cafesnap.me/c/6378",35.46661298029149,35.46391501970849,139.6241969802915,139.6214990197085
ウエスト ベイカフェ ヨコハマ,"https://img.cafesnap.me/img-a/320/320/cafeapp/cafe-app/ontributions/ea761cc9b906eaa5d2ea3a05d03d5ba1/4500740485f84744f1bdbe_user.jpg","https://cafesnap.me/c/8786",35.46752118029149,35.46482321970849,139.6219217802915,139.6192238197085
kikcafe,"https://img.cafesnap.me/img-a/320/320/cafeapp/cafe-app/ontributions/6056667460fe285e2c012720d25fb386/5008258745f82c518c7bbd_user.jpg","https://cafesnap.me/c/13001",35.4469898802915,35.4442919197085,139.5994617802915,139.5967638197085
CAFE GIANG,"https://img.cafesnap.me/img-a/320/320/cafeapp/cafe-app/ontributions/99e08ebe57644060feac545668ad8837/10402895585f82bdf40cb56_user.jpg","https://cafesnap.me/c/9914",35.44521218029149,35.44251421970849,139.6486190802915,139.6459211197085
AOKATI roaster,"https://img.cafesnap.me/img-a/320/320/cafeapp/cafe-app/ontributions/28b5f05a61640d9308e2efaebb53d8c9/1781852485f828c96a60f9_user.jpg","https://cafesnap.me/c/11598",35.57073508029149,35.56803711970849,139.5470421802915,139.5443442197085
chano-ma 横浜,"https://img.cafesnap.me/img-a/320/320/cafeapp/cafe-app/ontributions/55234d6611f181e4e14c96f28188cf59/5923097115f7c2f0e3f6ae_user.jpg","https://cafesnap.me/c/341",35.4539667802915,35.4512688197085,139.6442348802915,139.6415369197085
Mother Leaf 横浜スカイビル店,"https://img.cafesnap.me/img-a/320/320/cafeapp/cafe-app/ontributions/fb69d271aad785e9ac9389e57e4e71fd/4331649745f7ab91785a70_image.jpg","https://cafesnap.me/c/7161",35.4660873802915,35.4633894197085,139.6258305802915,139.6231326197085
メレンゲ みなとみらい店,"https://img.cafesnap.me/img-a/320/320/cafeapp/cafe-app/ontributions/1c442667a67975153045456a3d047471/2912179645f79bc1163df1_user.jpg","https://cafesnap.me/c/11643",35.46049618029149,35.45779821970849,139.6285963802915,139.6258984197085
Wraps Crepe,"https://img.cafesnap.me/img-a/320/320/cafeapp/cafe-app/ontributions/fb69d271aad785e9ac9389e57e4e71fd/2320983085f71d08200e9f_image.jpg","https://cafesnap.me/c/14362",35.4880128802915,35.4853149197085,139.6244713802915,139.6217734197085
萬來行カフェ,"https://img.cafesnap.me/img-a/320/320/cafeapp/cafe-app/ontributions/845d4c7bb599f21d31d7558235eb587c/5158009335f6322e5e74d5_user.jpg","https://cafesnap.me/c/8493",35.4447122802915,35.4420143197085,139.6472665802915,139.6445686197085
Eat & Smile,"https://img.cafesnap.me/img-a/320/320/cafeapp/cafe-app/ontributions/7430701061be45b9b88f6af0b06aa838/9351762915f608ef91a467_user.jpg","https://cafesnap.me/c/13702",35.5654252802915,35.5627273197085,139.5553461802915,139.5526482197085
cafe sorale Tsumugi FOOD&TIME ISETAN YOKOHAMA,"https://img.cafesnap.me/img-a/320/320/cafeapp/cafe-app/ontributions/7430701061be45b9b88f6af0b06aa838/853527925f5f5a7cd45bf_user.jpg","https://cafesnap.me/c/14317",35.46581838029149,35.4631204197085,139.6204205802915,139.6177226197085
バウハウス,"https://img.cafesnap.me/img-a/320/320/cafeapp/cafe-app/ontributions/b06b62894a2a786791b68d81209d41a6/17953173525f5dbb8f82d43_image.jpg","https://cafesnap.me/c/12154",35.5358368802915,35.5331389197085,139.5912618802915,139.5885639197085
GRANNY SMITH APPLE PIE & COFFEE CIAL 横浜店,"https://img.cafesnap.me/img-a/320/320/cafeapp/cafe-app/ontributions/79ca45f04d20376a90f95d1fc7bcffff/5448993355f5db54e33f50_image.jpg","https://cafesnap.me/c/14298",35.4684931802915,35.4657952197085,139.6243630802915,139.6216651197085
S/PARK CAFE,"https://img.cafesnap.me/img-a/320/320/cafeapp/cafe-app/ontributions/8035275486dbe1086630c23e95b9d732/20744891155f5d8aed94a20_user.jpg","https://cafesnap.me/c/12827",35.4627941802915,35.4600962197085,139.6274822802915,139.6247843197085
お茶の子 まめ,"https://img.cafesnap.me/img-a/320/320/cafeapp/cafe-app/ontributions/a038ab95f279494130f13e6f27c72b39/15011780105f5cccec1b15e_user.jpg","https://cafesnap.me/c/14281",35.48839838029149,35.48570041970849,139.6241858802915,139.6214879197085
1tas1 sewing&coffee,"https://img.cafesnap.me/img-a/320/320/cafeapp/cafe-app/ontributions/3be0f661d8f1cfa3c52dd8c7b4072d90/7379996355f5c6b2c3e7d0_user.jpg","https://cafesnap.me/c/14185",35.4744787802915,35.4717808197085,139.4846901802915,139.4819922197085
水信フルーツパーラー ラボ,"https://img.cafesnap.me/img-a/320/320/cafeapp/cafe-app/ontributions/8035275486dbe1086630c23e95b9d732/20674146355f5a12871f1c4_user.jpg","https://cafesnap.me/c/10040",35.45366508029149,35.4509671197085,139.6324171802915,139.6297192197085
Art and Syrup,"https://img.cafesnap.me/img-a/320/320/cafeapp/cafe-app/ontributions/be04e6bb0fbadaf1f38f49f9de44346c/1173849285f58e2058ee37_user.jpg","https://cafesnap.me/c/10274",35.43936658029149,35.43666861970849,139.6252502802915,139.6225523197085
美女と野獣のカフェ＆レストランBeauty＆the Beast,"https://img.cafesnap.me/img-a/320/320/cafeapp/cafe-app/ontributions/8035275486dbe1086630c23e95b9d732/17926660135f50fb18a9026_user.jpg","https://cafesnap.me/c/11190",35.4434320802915,35.4407341197085,139.6451783802915,139.6424804197085
アデリータ,"https://img.cafesnap.me/img-a/320/320/cafeapp/cafe-app/ontributions/3f91eb8c4ea90b8b45392dfb6abf339f/18956856285f4dcd4ce1dcb_user.jpg","https://cafesnap.me/c/1476",35.53788548029149,35.5351875197085,139.6321730802915,139.6294751197085
雫カフェ,"https://img.cafesnap.me/img-a/320/320/cafeapp/cafe-app/ontributions/fb69d271aad785e9ac9389e57e4e71fd/11250795425f49ad59ca607_image.jpg","https://cafesnap.me/c/4794",35.4923012802915,35.4896033197085,139.6306574802915,139.6279595197085
たいやきかふぇ浪花家,"https://img.cafesnap.me/img-a/320/320/cafeapp/cafe-app/ontributions/fb69d271aad785e9ac9389e57e4e71fd/8742537675f4989f706aa0_image.jpg","https://cafesnap.me/c/11702",35.4902969802915,35.4875990197085,139.6265670802915,139.6238691197085
【休業中】喫茶Amber,"https://img.cafesnap.me/img-a/320/320/cafeapp/cafe-app/ontributions/b06b62894a2a786791b68d81209d41a6/18384296265f460e328c0df_image.jpg","https://cafesnap.me/c/9309",35.5163544802915,35.5136565197085,139.5372339802915,139.5345360197085
ブルーマウンテン,"https://img.cafesnap.me/img-a/320/320/cafeapp/cafe-app/ontributions/f899022d2d301dc28cef829cfc06dba3/2535508795f45969fe028d_user.jpg","https://cafesnap.me/c/9802",35.4667050802915,35.4640071197085,139.6268339802915,139.6241360197085
OSLO COFFEE 横浜ジョイナス店,"https://img.cafesnap.me/img-a/320/320/cafeapp/cafe-app/ontributions/7e0c9088ee72d2eaceec0b05e6d3abd9/6561345725f3e59dbe9b34_user.jpg","https://cafesnap.me/c/2862",35.4682478802915,35.4655499197085,139.6224677802915,139.6197698197085
BEANS & ROASTERS by UCC エトモあざみ野店,"https://img.cafesnap.me/img-a/320/320/cafeapp/cafe-app/ontributions/557da2b08b6246ba4c9569173e0237a0/19420603235f38e7d77c483_image.jpg","https://cafesnap.me/c/13547",35.5690610802915,35.56636311970851,139.5543058802915,139.5516079197085
Pepper,"https://img.cafesnap.me/img-a/320/320/cafeapp/cafe-app/ontributions/d3aa70d95ffa4bc84107228ead91881a/18669206645f373205ef74e_image.jpg","https://cafesnap.me/c/14207",35.4686991802915,35.4660012197085,139.6208665802915,139.6181686197085
ABALLON COFFEE,"https://img.cafesnap.me/img-a/320/320/cafeapp/cafe-app/ontributions/d3aa70d95ffa4bc84107228ead91881a/1191503135f3731c00f4f8_image.jpg","https://cafesnap.me/c/9101",35.4083057802915,35.4056078197085,139.5973149802915,139.5946170197085
小川珈琲 たまプラーザ東急SC店,"https://img.cafesnap.me/img-a/320/320/cafeapp/cafe-app/ontributions/557da2b08b6246ba4c9569173e0237a0/12142438115f3657336f1e5_image.jpg","https://cafesnap.me/c/9639",35.57997048029149,35.57727251970849,139.5596815802915,139.5569836197085
24/7 restaurant ,"https://img.cafesnap.me/img-a/320/320/cafeapp/cafe-app/ontributions/b27f48389bdd5d450e64bcff8c05851b/4729709715f313f8489e19_user.jpg","https://cafesnap.me/c/6823",35.4579992802915,35.4553013197085,139.6357883802915,139.6330904197085
TERA COFFEE and ROASTER　大倉山店,"https://img.cafesnap.me/img-a/320/320/cafeapp/cafe-app/ontributions/284bc3aa31d996814c380e13c849e06d/1779934485f2ed7ee5e040_user.jpg","https://cafesnap.me/c/1477",35.5235480802915,35.52085011970851,139.6313929802915,139.6286950197085
BAYSIDE ROASTERY COFFEE  MOP横浜ベイサイド,"https://img.cafesnap.me/img-a/320/320/cafeapp/cafe-app/ontributions/8c794d4e1bb81967d8d67102487d424e/6134010015f2b98103c537_user.jpg","https://cafesnap.me/c/14008",35.38111468029151,35.37841671970851,139.6475690802915,139.6448711197085
タカノフルーツパーラー 横浜高島屋店,"https://img.cafesnap.me/img-a/320/320/cafeapp/cafe-app/ontributions/79ca45f04d20376a90f95d1fc7bcffff/20821824205f28cf851e9a6_image.jpg","https://cafesnap.me/c/7829",35.4675017802915,35.4648038197085,139.6219609802915,139.6192630197085
tenowa,"https://img.cafesnap.me/img-a/320/320/cafeapp/cafe-app/ontributions/284bc3aa31d996814c380e13c849e06d/16976758395f28ad3d9882e_user.jpg","https://cafesnap.me/c/6100",35.54013758029149,35.53743961970849,139.6247029802915,139.6220050197085
Buy Me Stand motomachi,"https://img.cafesnap.me/img-a/320/320/cafeapp/cafe-app/ontributions/284bc3aa31d996814c380e13c849e06d/20603863905f2751d971f3e_user.jpg","https://cafesnap.me/c/4495",35.44058588029149,35.4378879197085,139.6510001802915,139.6483022197085
RH CAFE MINATOMIRAI,"https://img.cafesnap.me/img-a/320/320/cafeapp/cafe-app/ontributions/d3aa70d95ffa4bc84107228ead91881a/11462852605f20e50658886_image.jpg","https://cafesnap.me/c/3602",35.4582167802915,35.4555188197085,139.6335005802915,139.6308026197085
NOBLE COFFEE ROASTERS ,"https://img.cafesnap.me/img-a/320/320/cafeapp/cafe-app/ontributions/0e82978c56dfdcb42ee4d5fa2e104cc9/5675442085f1fa8029f86e_user.jpg","https://cafesnap.me/c/1661",35.5554073802915,35.5527094197085,139.6469211802915,139.6442232197085
GRANNY SMITH APPLE PIE & COFFEE 横浜店,"https://img.cafesnap.me/img-a/320/320/cafeapp/cafe-app/ontributions/518d556103ef40ed8e1a242cdab45d0d/19803912735f1c3b57a80a7_user.jpg","https://cafesnap.me/c/1191",35.4539206802915,35.4512227197085,139.6440252802915,139.6413273197085
TASU MUFFIN,"https://img.cafesnap.me/img-a/320/320/cafeapp/cafe-app/ontributions/407d4cfbec23e205f7c62849381c9c0c/13224283395f1c2cebd23b0_user.jpg","https://cafesnap.me/c/8763",35.4568220802915,35.4541241197085,139.6204144802915,139.6177165197085
Lucy's Bakery,"https://img.cafesnap.me/img-a/320/320/cafeapp/cafe-app/ontributions/f4bcc9fdb52a345e86e1c2665fe1ba2e/11445129615f1a3f7a3a03f_user.jpg","https://cafesnap.me/c/8260",35.5416839802915,35.5389860197085,139.5216879802915,139.5189900197085
タケヤ,"https://img.cafesnap.me/img-a/320/320/cafeapp/cafe-app/ontributions/df593af706af0d37ed5cd18f85b8c1e5/3478437985f1946e763f3e_user.jpg","https://cafesnap.me/c/9124",35.4399085302915,35.4372105697085,139.6244758302915,139.6217778697085
橙灯,"https://img.cafesnap.me/img-a/320/320/cafeapp/cafe-app/ontributions/f4bcc9fdb52a345e86e1c2665fe1ba2e/10111286525f1418b753e72_user.jpg","https://cafesnap.me/c/7710",35.54112198029149,35.53842401970849,139.5183919802915,139.5156940197085
12.cafe,"https://img.cafesnap.me/img-a/320/320/cafeapp/cafe-app/ontributions/518d556103ef40ed8e1a242cdab45d0d/8969819455f13f1c688155_user.jpg","https://cafesnap.me/c/6316",35.46956308029149,35.4668651197085,139.6263864802915,139.6236885197085
ブーランジェリー14区,"https://img.cafesnap.me/img-a/320/320/cafeapp/cafe-app/ontributions/284bc3aa31d996814c380e13c849e06d/10093363205f13b1a7f2c63_user.jpg","https://cafesnap.me/c/2976",35.49959928029149,35.49690131970849,139.6338108802915,139.6311129197085
Cafe 小倉山,"https://img.cafesnap.me/img-a/320/320/cafeapp/cafe-app/ontributions/df593af706af0d37ed5cd18f85b8c1e5/5653439805f133d90cffad_user.jpg","https://cafesnap.me/c/13437",35.45817948029149,35.45548151970849,139.6323478802915,139.6296499197085
楊貴妃 Cafe Chinois,"https://img.cafesnap.me/img-a/320/320/cafeapp/cafe-app/ontributions/df593af706af0d37ed5cd18f85b8c1e5/18923939335f13340cb4e80_user.jpg","https://cafesnap.me/c/8406",35.44409848029149,35.44140051970849,139.6453833802915,139.6426854197085
ぱぁらー泉 六ッ川店,"https://img.cafesnap.me/img-a/320/320/cafeapp/cafe-app/ontributions/df593af706af0d37ed5cd18f85b8c1e5/12712806975f1332b4e328b_user.jpg","https://cafesnap.me/c/9578",35.4273924802915,35.4246945197085,139.5970965802915,139.5943986197085
自家焙煎珈琲 アステカ,"https://img.cafesnap.me/img-a/320/320/cafeapp/cafe-app/ontributions/4716e36e6251a2dc81507009b4d4f647/11753491775f0ea911c2f83_user.jpg","https://cafesnap.me/c/9850",35.36250698029149,35.35980901970849,139.6306009802915,139.6279030197085
cafe  doudou,"https://img.cafesnap.me/img-a/320/320/cafeapp/cafe-app/ontributions/66a010b904ae05a507b65c15c2085215/3860810195f05455527059_image.jpg","https://cafesnap.me/c/8769",35.49073678029149,35.48803881970849,139.6288681802915,139.6261702197085
HONOLULU COFFEE  みなとみらい店,"https://img.cafesnap.me/img-a/320/320/cafeapp/cafe-app/ontributions/93033e6f5deda51e52d2814a35a1169f/16881232655f043f6290a53_user.jpg","https://cafesnap.me/c/9919",35.4587495802915,35.4560516197085,139.6332704802915,139.6305725197086
LE BIHAN  ルミネ横浜店,"https://img.cafesnap.me/img-a/320/320/cafeapp/cafe-app/ontributions/7430701061be45b9b88f6af0b06aa838/3237400165f03ac8e3f614_user.jpg","https://cafesnap.me/c/10689",35.4665353802915,35.4638374197085,139.6241945802915,139.6214966197085
Konditorei KALAS,"https://img.cafesnap.me/img-a/320/320/cafeapp/cafe-app/ontributions/594342cacca75fba54169d4f066bc82b/6078892055e590fcddc2d4_user.jpg","https://cafesnap.me/c/12751",35.5302701802915,35.5275722197085,139.6337827802915,139.6310848197085
BLUE DOOR COFFEE,"https://img.cafesnap.me/img-a/320/320/cafeapp/cafe-app/ontributions/f899022d2d301dc28cef829cfc06dba3/4539651165ee348f4326a2_user.jpg","https://cafesnap.me/c/1006",35.5688229802915,35.5661250197085,139.5083499802915,139.5056520197085
La Maison ensoleille table ルミネ横浜店,"https://img.cafesnap.me/img-a/320/320/cafeapp/cafe-app/ontributions/79ca45f04d20376a90f95d1fc7bcffff/3365174415ee20ce3c602c_image.jpg","https://cafesnap.me/c/2474",35.4665877802915,35.46388981970851,139.6241968802915,139.6214989197085
Leonard's 横浜ワールドポーターズ店,"https://img.cafesnap.me/img-a/320/320/cafeapp/cafe-app/ontributions/93033e6f5deda51e52d2814a35a1169f/16362421225eddf1e7edbda_user.jpg","https://cafesnap.me/c/10293",35.45510668029149,35.45240871970849,139.6405445802915,139.6378466197085
ギンゴウカフェ,"https://img.cafesnap.me/img-a/320/320/cafeapp/cafe-app/ontributions/3be0f661d8f1cfa3c52dd8c7b4072d90/16604046325edc53378caec_user.jpg","https://cafesnap.me/c/8335",35.4699573802915,35.4672594197085,139.4837464802915,139.4810485197085
Rin5 Life,"https://img.cafesnap.me/img-a/320/320/cafeapp/cafe-app/ontributions/21b087ca9d063feb46bd10da076d24fa/1308644305ebf1d4a280bc_user.jpg","https://cafesnap.me/c/7827",35.5443842802915,35.5416863197085,139.5161493802915,139.5134514197085
POINT WEATHER,"https://img.cafesnap.me/img-a/320/320/cafeapp/cafe-app/ontributions/3f91eb8c4ea90b8b45392dfb6abf339f/15184270865eb54a1a11d5a_user.jpg","https://cafesnap.me/c/1560",35.53873168029151,35.53603371970851,139.6329900802915,139.6302921197085
珈琲問屋 横浜西店,"https://img.cafesnap.me/img-a/320/320/cafeapp/cafe-app/ontributions/6bf5d3d2e89c1bc38dd5452af9fceeac/20548267865eab389837914_image.jpg","https://cafesnap.me/c/9762",35.4687559802915,35.46605801970851,139.6184743802915,139.6157764197085
e.a.gran そごう横浜店,"https://img.cafesnap.me/img-a/320/320/cafeapp/cafe-app/ontributions/38e082f245ce401ad591d830c3de55fc/6106240325ea97c98ef8b7_image.jpg","https://cafesnap.me/c/13880",35.46689068029149,35.46419271970849,139.6262091802915,139.6235112197085
幸せのパンケーキ 横浜店,"https://img.cafesnap.me/img-a/320/320/cafeapp/cafe-app/ontributions/eff1dde420f40a94a753712b9461e544/7971147105e9580ac5e713_user.jpg","https://cafesnap.me/c/6296",35.44411558029149,35.4414176197085,139.6494198802915,139.6467219197085
カフェアライバル,"https://img.cafesnap.me/img-a/320/320/cafeapp/cafe-app/ontributions/3be0f661d8f1cfa3c52dd8c7b4072d90/12469750305e8c175ac950c_user.jpg","https://cafesnap.me/c/8837",35.4800212802915,35.4773233197085,139.5496861802915,139.5469882197085
cafe&bar T'amo,"https://img.cafesnap.me/img-a/320/320/cafeapp/cafe-app/ontributions/d5fedcd231a4094fd4b569bad8e20eab/19638143035e8ad61b34064_user.jpg","https://cafesnap.me/c/8982",35.3674857802915,35.3647878197085,139.5517928802915,139.5490949197085
わみん,"https://img.cafesnap.me/img-a/320/320/cafeapp/cafe-app/ontributions/d3aa70d95ffa4bc84107228ead91881a/10472178895e72afe253d22_image.jpg","https://cafesnap.me/c/10278",35.4313270802915,35.4286291197085,139.6116077802915,139.6089098197085
Drop Coffee,"https://img.cafesnap.me/img-a/320/320/cafeapp/cafe-app/ontributions/407d4cfbec23e205f7c62849381c9c0c/16548304205e6dbba3e51bd_user.jpg","https://cafesnap.me/c/4994",35.4674147802915,35.4647168197085,139.6228696802915,139.6201717197085
アスカ,"https://img.cafesnap.me/img-a/320/320/cafeapp/cafe-app/ontributions/a038ab95f279494130f13e6f27c72b39/19996456745e6c3d63d0f43_user.jpg","https://cafesnap.me/c/9086",35.45630298029151,35.45360501970851,139.6327348802915,139.6300369197085
サガン,"https://img.cafesnap.me/img-a/320/320/cafeapp/cafe-app/ontributions/ebb192fd43d7dff13fcb8b967dc68fd7/9067460395e5be4485925e_user.jpg","https://cafesnap.me/c/6155",35.5385048802915,35.5358069197085,139.6359698802915,139.6332719197085
UNDER BLUFF COFFEE,"https://img.cafesnap.me/img-a/320/320/cafeapp/cafe-app/ontributions/d3aa70d95ffa4bc84107228ead91881a/21064497115e5b713b718ea_image.jpg","https://cafesnap.me/c/8185",35.43353388029149,35.43083591970849,139.6528261802915,139.6501282197085
LeBRESSO 横浜元町店,"https://img.cafesnap.me/img-a/320/320/cafeapp/cafe-app/ontributions/4a901c8cb426243cf3392e8023764070/2242369795e4f20943b595_user.jpg","https://cafesnap.me/c/13573",35.4424686802915,35.43977071970851,139.6506960802915,139.6479981197085
ROUROU Cafe,"https://img.cafesnap.me/img-a/320/320/cafeapp/cafe-app/ontributions/8035275486dbe1086630c23e95b9d732/3876698765e4dd2b656c22_user.jpg","https://cafesnap.me/c/12030",35.4433597802915,35.4406618197085,139.6469570802915,139.6442591197085
Cafe aplicie,"https://img.cafesnap.me/img-a/320/320/cafeapp/cafe-app/ontributions/53a5cdb3e157a67c0e6b6047feb5a2ed/9333481955e4a4d11ba91e_user.jpg","https://cafesnap.me/c/4785",35.4410622802915,35.4383643197085,139.6491869802915,139.6464890197085
Toasty's,"https://img.cafesnap.me/img-a/320/320/cafeapp/cafe-app/ontributions/86ad28eadb27c68518b8e9034d7dc4ab/13379292495e4a43628f948_user.jpg","https://cafesnap.me/c/3024",35.4670567802915,35.4643588197085,139.6227141802915,139.6200162197085
ミルピグ・パフェ部,"https://img.cafesnap.me/img-a/320/320/cafeapp/cafe-app/ontributions/d3aa70d95ffa4bc84107228ead91881a/476243765e49cb05d2e6b_image.jpg","https://cafesnap.me/c/13429",35.4488935802915,35.4461956197085,139.6369835802915,139.6342856197085
CAFE LEXCEL CIAL桜木町店,"https://img.cafesnap.me/img-a/320/320/cafeapp/cafe-app/ontributions/d3aa70d95ffa4bc84107228ead91881a/20946222715e49c991a7b6e_image.jpg","https://cafesnap.me/c/478",35.4529325802915,35.4502346197085,139.6318926802915,139.6291947197085
SOMER HOUSE,"https://img.cafesnap.me/img-a/320/320/cafeapp/cafe-app/ontributions/b59ee1377b5f4420f8f3b555db2b752f/14912458695e4258c22bfbb_image.jpg","https://cafesnap.me/c/10496",35.45824178029149,35.4555438197085,139.6365239802915,139.6338260197085
poro珈琲,"https://img.cafesnap.me/img-a/320/320/cafeapp/cafe-app/ontributions/1c442667a67975153045456a3d047471/8841306275e40aa101a1e4_user.jpg","https://cafesnap.me/c/8511",35.4579611802915,35.4552632197085,139.6057431802915,139.6030452197085
Handmade cafe USAGIUMA,"https://img.cafesnap.me/img-a/320/320/cafeapp/cafe-app/ontributions/1c442667a67975153045456a3d047471/3158276995e40a92e43b01_user.jpg","https://cafesnap.me/c/2425",35.45761768029149,35.45491971970849,139.6062764802915,139.6035785197085
玉木屋珈琲,"https://img.cafesnap.me/img-a/320/320/cafeapp/cafe-app/ontributions/e0e1b1093ee2a90eb2dab09bdeec0447/794627665e403ca42b087_user.jpg","https://cafesnap.me/c/1853",35.54675238029149,35.5440544197085,139.5763537802915,139.5736558197085
カフェ 亀の橋,"https://img.cafesnap.me/img-a/320/320/cafeapp/cafe-app/ontributions/e0e1b1093ee2a90eb2dab09bdeec0447/11640339585e403b3898110_user.jpg","https://cafesnap.me/c/8910",35.4387590802915,35.4360611197085,139.6424186802915,139.6397207197085
Ω-Cafe,"https://img.cafesnap.me/img-a/320/320/cafeapp/cafe-app/ontributions/594342cacca75fba54169d4f066bc82b/18997032955e4039754bcd1_user.jpg","https://cafesnap.me/c/10472",35.44791478029151,35.44521681970851,139.6329887802915,139.6302908197085
純喫茶モネ,"https://img.cafesnap.me/img-a/320/320/cafeapp/cafe-app/ontributions/e0e1b1093ee2a90eb2dab09bdeec0447/10939781595e40380f688c1_user.jpg","https://cafesnap.me/c/10244",35.4026619802915,35.3999640197085,139.5359243802915,139.5332264197085
MEATCAFE OJIMA,"https://img.cafesnap.me/img-a/320/320/cafeapp/cafe-app/ontributions/4a901c8cb426243cf3392e8023764070/18641537195e3ff2433e0dc_user.jpg","https://cafesnap.me/c/9986",35.45024308029149,35.4475451197085,139.6309811802915,139.6282832197085
グリーンメドウズ,"https://img.cafesnap.me/img-a/320/320/cafeapp/cafe-app/ontributions/a038ab95f279494130f13e6f27c72b39/519780745e3fa09b3dfcc_user.jpg","https://cafesnap.me/c/11106",35.48404268029149,35.4813447197085,139.6321674802915,139.6294695197085
cafe emo. espresso,"https://img.cafesnap.me/img-a/320/320/cafeapp/cafe-app/ontributions/91c7679a21bbf6f3ee94cf08ff0a0618/17762661155e37b8aba2312_user.jpg","https://cafesnap.me/c/1907",35.4453834802915,35.4426855197085,139.6342009802915,139.6315030197085
ノチハレ珈琲店,"https://img.cafesnap.me/img-a/320/320/cafeapp/cafe-app/ontributions/f3f44541af0a6b674f52baf233f98f7e/13420887725e35a7d281bfb_user.jpg","https://cafesnap.me/c/1823",35.54022688029149,35.5375289197085,139.6843627802915,139.6816648197085
Herriott,"https://img.cafesnap.me/img-a/320/320/cafeapp/cafe-app/ontributions/be5e61232ce416dd5ad4181d72aeab67/6659493845e31a2dc61d10_user.jpg","https://cafesnap.me/c/7855",35.53406098029149,35.53136301970849,139.6325619802915,139.6298640197085
CAFE CUE,"https://img.cafesnap.me/img-a/320/320/cafeapp/cafe-app/ontributions/1c442667a67975153045456a3d047471/16080172305e2c1fe2a3494_user.jpg","https://cafesnap.me/c/11680",35.4555628802915,35.4528649197085,139.5855152802915,139.5828173197085
カフェ やさしいちから。,"https://img.cafesnap.me/img-a/320/320/cafeapp/cafe-app/ontributions/1c442667a67975153045456a3d047471/19683503905e2c1df83a971_user.jpg","https://cafesnap.me/c/1669",35.4791800802915,35.4764821197085,139.5665933802915,139.5638954197085
喫茶 昭和堂,"https://img.cafesnap.me/img-a/320/320/cafeapp/cafe-app/ontributions/65744ec8a05d906385d75e5270f3392a/6333018955e205f4cf0297_user.jpg","https://cafesnap.me/c/8460",35.45890078029149,35.45620281970849,139.5354838802915,139.5327859197085
Roof Top Cafe YOKOHAMA,"https://img.cafesnap.me/img-a/320/320/cafeapp/cafe-app/ontributions/1c442667a67975153045456a3d047471/13403527855e1d121281090_user.jpg","https://cafesnap.me/c/6410",35.4660820802915,35.4633841197085,139.6154258802915,139.6127279197085
Cafe Accueil Yokohama,"https://img.cafesnap.me/img-a/320/320/cafeapp/cafe-app/ontributions/1c442667a67975153045456a3d047471/12519508445e149aaf906be_user.jpg","https://cafesnap.me/c/2545",35.46582258029149,35.4631246197085,139.6258078802915,139.6231099197085
Bondolfi boncaffe ブランズタワーみなとみらい店,"https://img.cafesnap.me/img-a/320/320/cafeapp/cafe-app/ontributions/8d62d9ce3675219ffb75d0fa6807f364/5497358825e109f3d80f8c_user.jpg","https://cafesnap.me/c/6793",35.4603675802915,35.4576696197085,139.6355841802915,139.6328862197085
SHAKE SHACK みなとみらい店,"https://img.cafesnap.me/img-a/320/320/cafeapp/cafe-app/ontributions/4a901c8cb426243cf3392e8023764070/7188904865e0b84d931857_user.jpg","https://cafesnap.me/c/13336",35.4573368802915,35.4546389197085,139.6340249802915,139.6313270197085
象の鼻カフェ ,"https://img.cafesnap.me/img-a/320/320/cafeapp/cafe-app/ontributions/04983b3f276da1ada88aaaa73ffcb0bd/5226262335e09bb8de508d_user.jpg","https://cafesnap.me/c/3206",35.4509237802915,35.4482258197085,139.6445013802915,139.6418034197085
横浜キャラメルラボ,"https://img.cafesnap.me/img-a/320/320/cafeapp/cafe-app/ontributions/d3aa70d95ffa4bc84107228ead91881a/21378646915e042c95875a2_image.jpg","https://cafesnap.me/c/13305",35.45763498029149,35.4549370197085,139.6431593802915,139.6404614197085
横浜ロータス,"https://img.cafesnap.me/img-a/320/320/cafeapp/cafe-app/ontributions/e7817315a992fac4160463063d0199a2/16414788745e03ef124a6c4_user.jpg","https://cafesnap.me/c/3434",35.5416075802915,35.5389096197085,139.5678753802915,139.5651774197085
Aloha Table Ocean Breeze,"https://img.cafesnap.me/img-a/320/320/cafeapp/cafe-app/ontributions/dea799e7c4e1550fdf7fe830c7faaaf3/4078776395e00abfc3e548_user.jpg","https://cafesnap.me/c/3867",35.4679234802915,35.4652255197085,139.6279198802915,139.6252219197085
Cafe BLanCo,"https://img.cafesnap.me/img-a/320/320/cafeapp/cafe-app/ontributions/733e016bcc100d33b26e3125b2a30a16/7699951695e003fbdb798d_image.jpg","https://cafesnap.me/c/5777",35.5876767802915,35.5849788197085,139.5375413802915,139.5348434197085
Butter 横浜ベイクォーター,"https://img.cafesnap.me/img-a/320/320/cafeapp/cafe-app/ontributions/2bde0b6c81a063067e87e98121a59b9f/1071828455df8c054df633_user.jpg","https://cafesnap.me/c/2740",35.46783808029149,35.4651401197085,139.6275135802915,139.6248156197085
SAMOVAR ジョイナス本店,"https://img.cafesnap.me/img-a/320/320/cafeapp/cafe-app/ontributions/2e1d3174bd2d9152581395c9fc41d216/13709169415df534fc73e28_user.jpg","https://cafesnap.me/c/8310",35.4668039802915,35.4641060197085,139.6221418802915,139.6194439197085
AMAZING COFFEE YOKOHAMA BAY with LIVE LOVE LAUGH,"https://img.cafesnap.me/img-a/320/320/cafeapp/cafe-app/ontributions/e7817315a992fac4160463063d0199a2/16694622805df1575c78d3a_user.jpg","https://cafesnap.me/c/7426",35.4475579802915,35.4448600197085,139.6454040802915,139.6427061197085
食堂たんと,"https://img.cafesnap.me/img-a/320/320/cafeapp/cafe-app/ontributions/e99d53d6c9436b768d7ddaac56c855f1/15774953925def6c206cd98_user.jpg","https://cafesnap.me/c/6430",35.53772688029149,35.53502891970849,139.6308046802915,139.6281067197085
405 ROASTERS,"https://img.cafesnap.me/img-a/320/320/cafeapp/cafe-app/ontributions/f4a5efe368f3eff4cf3471fdea33f697/19082448215deb640218b6d_user.jpg","https://cafesnap.me/c/11572",35.4538702802915,35.4511723197085,139.6174529802915,139.6147550197085
文明堂茶館 ル・カフェ,"https://img.cafesnap.me/img-a/320/320/cafeapp/cafe-app/ontributions/7430701061be45b9b88f6af0b06aa838/8226958005de6c64bcc104_user.jpg","https://cafesnap.me/c/9442",35.4462804802915,35.4435825197085,139.6345532802915,139.6318553197085
アミーコ,"https://img.cafesnap.me/img-a/320/320/cafeapp/cafe-app/ontributions/a038ab95f279494130f13e6f27c72b39/1162993265de4532b1f04d_user.jpg","https://cafesnap.me/c/10200",35.44903508029149,35.4463371197085,139.6396466802915,139.6369487197085
花壇,"https://img.cafesnap.me/img-a/320/320/cafeapp/cafe-app/ontributions/7430701061be45b9b88f6af0b06aa838/7610763315de188f499f35_user.jpg","https://cafesnap.me/c/13229",35.45069388029151,35.44799591970851,139.6325738802915,139.6298759197085
PATISSERIE Laplace,"https://img.cafesnap.me/img-a/320/320/cafeapp/cafe-app/ontributions/d3aa70d95ffa4bc84107228ead91881a/18192236015de07bc1c0719_image.jpg","https://cafesnap.me/c/13211",35.5116158802915,35.5089179197085,139.6795452802915,139.6768473197085
アンプリュース,"https://img.cafesnap.me/img-a/320/320/cafeapp/cafe-app/ontributions/d3aa70d95ffa4bc84107228ead91881a/3425190775de07b29dfb1a_image.jpg","https://cafesnap.me/c/13175",35.42444483029151,35.42174686970851,139.5892064302915,139.5865084697085
CAFE de la PRESSE,"https://img.cafesnap.me/img-a/320/320/cafeapp/cafe-app/ontributions/3f91eb8c4ea90b8b45392dfb6abf339f/18142108645ddf50d370c41_user.jpg","https://cafesnap.me/c/5002",35.4478069802915,35.4451090197085,139.6440729802915,139.6413750197085
cafe&shop kaguya,"https://img.cafesnap.me/img-a/320/320/cafeapp/cafe-app/ontributions/06cbfd152c0df492dcd4a2743c8a71af/13803889655dd9ac120573e_user.jpg","https://cafesnap.me/c/8716",35.4496918802915,35.4469939197085,139.6446175802915,139.6419196197085
ベッカライ徳多朗,"https://img.cafesnap.me/img-a/320/320/cafeapp/cafe-app/ontributions/5f205042310bdd5fa4b8c2e89d696978/20893938285dd17e2ea2be9_user.jpg","https://cafesnap.me/c/10166",35.5855942802915,35.5828963197085,139.5448370802915,139.5421391197085
& Swell,"https://img.cafesnap.me/img-a/320/320/cafeapp/cafe-app/ontributions/27ea63f58a8120960ec287ae6b6aceed/19588440665dcf8b3ddc1b9_user.jpg","https://cafesnap.me/c/3691",35.4558807802915,35.4531828197085,139.6438521802915,139.6411542197085
MOON Cafe,"https://img.cafesnap.me/img-a/320/320/cafeapp/cafe-app/ontributions/7e0c9088ee72d2eaceec0b05e6d3abd9/1755732305dc6aed9b1666_user.jpg","https://cafesnap.me/c/8478",35.42985568029151,35.42715771970851,139.6665110802915,139.6638131197085
WAEN,"https://img.cafesnap.me/img-a/320/320/cafeapp/cafe-app/ontributions/b6acb8c675f847d197c1073c4bbdf966/9500051805dbe8a205fa57_image.jpg","https://cafesnap.me/c/8516",35.44703688029149,35.4443389197085,139.6269703802915,139.6242724197085
アイランドヴィンテージコーヒー ベイクォーター店,"https://img.cafesnap.me/img-a/320/320/cafeapp/cafe-app/ontributions/7f76315c8fc726e0f0b7e0b4fa1759d1/7190012185db98dafc51ed_image.jpg","https://cafesnap.me/c/667",35.46760928029151,35.46491131970851,139.6280494802915,139.6253515197085
HAMA CAFE,"https://img.cafesnap.me/img-a/320/320/cafeapp/cafe-app/ontributions/d3aa70d95ffa4bc84107228ead91881a/14389926985db7e47124711_image.jpg","https://cafesnap.me/c/2336",35.44993358029149,35.44723561970849,139.6463781802915,139.6436802197085
WEST BAY CAFE 横浜,"https://img.cafesnap.me/img-a/320/320/cafeapp/cafe-app/ontributions/5ba81ee0ad8a37a2107e860e1b55e3ac/3177225925daea6b1af1ed_user.jpg","https://cafesnap.me/c/13082",35.46752118029149,35.46482321970849,139.6219217802915,139.6192238197085
むさしの森珈琲 三ツ沢店,"https://img.cafesnap.me/img-a/320/320/cafeapp/cafe-app/ontributions/f9f20e6ebe53325c9efb22572b1a43c0/18050563205daabe4197da6_user.jpg","https://cafesnap.me/c/6812",35.4780311802915,35.4753332197085,139.6044488802915,139.6017509197085
Bon Coin COFFEE,"https://img.cafesnap.me/img-a/320/320/cafeapp/cafe-app/ontributions/18b0e7613b6fa68979ae7f4b20933dec/10953007065da40416f232d_user.jpg","https://cafesnap.me/c/7775",35.40145098029149,35.39875301970849,139.5718556802915,139.5691577197085
横浜かをり 山下町本店,"https://img.cafesnap.me/img-a/320/320/cafeapp/cafe-app/ontributions/8c794d4e1bb81967d8d67102487d424e/12379566045da2e96e0776c_user.jpg","https://cafesnap.me/c/12019",35.44693178029149,35.4442338197085,139.6448915802915,139.6421936197085
THE ROYAL CAFE YOKOHAMA,"https://img.cafesnap.me/img-a/320/320/cafeapp/cafe-app/ontributions/2e1d3174bd2d9152581395c9fc41d216/6723615915d9e1f8763ab7_user.jpg","https://cafesnap.me/c/8290",35.4680956802915,35.4653977197085,139.6239517802915,139.6212538197085
Urth Caffé 横浜ベイクォーター,"https://img.cafesnap.me/img-a/320/320/cafeapp/cafe-app/ontributions/7426ff91ba04273afdbc51bdbabaeea5/2184443125d9459ac06785_user.jpg","https://cafesnap.me/c/10412",35.4679234802915,35.4652255197085,139.6279198802915,139.6252219197085
CAFE SALON sonjin,"https://img.cafesnap.me/img-a/320/320/cafeapp/cafe-app/ontributions/5a0eed76dc9b80b1a4bffc44b632d9a1/19375176605d8b0a02b6280_user.jpg","https://cafesnap.me/c/3307",35.55326338029151,35.55056541970851,139.5779921802915,139.5752942197085
BUKATSUDO COFFEE,"https://img.cafesnap.me/img-a/320/320/cafeapp/cafe-app/ontributions/2e1d3174bd2d9152581395c9fc41d216/13539511495d88f8647f637_user.jpg","https://cafesnap.me/c/4541",35.45622608029149,35.4535281197085,139.6336640802915,139.6309661197085
cafe du paris,"https://img.cafesnap.me/img-a/320/320/cafeapp/cafe-app/ontributions/144b2870262627ec702e5f588613176f/13838372105d849710c3e7b_image.jpg","https://cafesnap.me/c/9683",35.5552934802915,35.5525955197085,139.6481599802915,139.6454620197085
たまごcafeごはん,"https://img.cafesnap.me/img-a/320/320/cafeapp/cafe-app/ontributions/2e1d3174bd2d9152581395c9fc41d216/2522719915d7c6c2cc9f10_user.jpg","https://cafesnap.me/c/7393",35.4708205802915,35.4681226197085,139.4845513802915,139.4818534197085
カフェ Knopf,"https://img.cafesnap.me/img-a/320/320/cafeapp/cafe-app/ontributions/23dcf3160e963c1c328d2b9a5a6c3837/6273299555d74c90007d9d_user.jpg","https://cafesnap.me/c/2098",35.5700338802915,35.5673359197085,139.5488207802915,139.5461228197085
悟空茶荘,"https://img.cafesnap.me/img-a/320/320/cafeapp/cafe-app/ontributions/a5aa6aa16f56014eaec52dcc3dc007f7/8000050545d655adfb7a09_user.jpg","https://cafesnap.me/c/1550",35.4432601802915,35.4405622197085,139.6468885802915,139.6441906197085
LA Coppe,"https://img.cafesnap.me/img-a/320/320/cafeapp/cafe-app/ontributions/210ee4b27b2931c6f0990ded0d031177/18053952125d5ca6930a76a_user.jpg","https://cafesnap.me/c/10665",35.45432608029149,35.4516281197085,139.6244633802915,139.6217654197085
paty cafe,"https://img.cafesnap.me/img-a/320/320/cafeapp/cafe-app/ontributions/b27f48389bdd5d450e64bcff8c05851b/9002159355d5b2fa18c0d8_image.jpg","https://cafesnap.me/c/1916",35.4403170802915,35.4376191197085,139.6510857802915,139.6483878197085
hidamari,"https://img.cafesnap.me/img-a/320/320/cafeapp/cafe-app/ontributions/a038ab95f279494130f13e6f27c72b39/7578730155d537a4e33707_user.jpg","https://cafesnap.me/c/12755",35.5266908802915,35.5239929197085,139.6330500802915,139.6303521197085
【改装中】珈琲松,"https://img.cafesnap.me/img-a/320/320/cafeapp/cafe-app/ontributions/ffbd4c16fff9061ace1cebc2c684f097/8635600645d4d257f41586_image.jpg","https://cafesnap.me/c/2036",35.4335428802915,35.43084491970851,139.6512814802915,139.6485835197085
Three Penguins Coffee&Roaster,"https://img.cafesnap.me/img-a/320/320/cafeapp/cafe-app/ontributions/ffbd4c16fff9061ace1cebc2c684f097/18378821575d43e0c02ece1_image.jpg","https://cafesnap.me/c/4951",35.4205019802915,35.41780401970851,139.6258649802915,139.6231670197085
春水堂 横浜ポルタ店,"https://img.cafesnap.me/img-a/320/320/cafeapp/cafe-app/ontributions/210ee4b27b2931c6f0990ded0d031177/16935708185d3e4f7521fac_user.jpg","https://cafesnap.me/c/10733",35.46647198029149,35.4637740197085,139.6244221802915,139.6217242197085
イノダコーヒ 横浜高島屋店,"https://img.cafesnap.me/img-a/320/320/cafeapp/cafe-app/ontributions/ffbd4c16fff9061ace1cebc2c684f097/4991930705d39e9029236e_image.jpg","https://cafesnap.me/c/2624",35.46704858029151,35.46435061970851,139.6227151802915,139.6200172197085
鼎雲茶倉,"https://img.cafesnap.me/img-a/320/320/cafeapp/cafe-app/ontributions/ffbd4c16fff9061ace1cebc2c684f097/7010535415d2d541381e85_image.jpg","https://cafesnap.me/c/1951",35.44424008029151,35.44154211970851,139.6466498802915,139.6439519197085
ROAR BROTHERS,"https://img.cafesnap.me/img-a/320/320/cafeapp/cafe-app/ontributions/ffbd4c16fff9061ace1cebc2c684f097/12486859735d2c46186865f_image.jpg","https://cafesnap.me/c/11555",35.4552893802915,35.4525914197085,139.6403414802915,139.6376435197085
boulangerie onni,"https://img.cafesnap.me/img-a/320/320/cafeapp/cafe-app/ontributions/2bde0b6c81a063067e87e98121a59b9f/17880100815d244814af2be_user.jpg","https://cafesnap.me/c/6703",35.4047326802915,35.4020347197085,139.5991328802915,139.5964349197085
kaoris,"https://img.cafesnap.me/img-a/320/320/cafeapp/cafe-app/ontributions/d03c18c33564cb213587f0420736aa1b/15197273295d22200a6d13e_user.jpg","https://cafesnap.me/c/851",35.4409441802915,35.4382462197085,139.6492706802915,139.6465727197085
二俣川 Cafe space 二階,"https://img.cafesnap.me/img-a/320/320/cafeapp/cafe-app/ontributions/efde27b54c164c2c0556a0835594f394/14149976015d2175eae84fd_image.jpg","https://cafesnap.me/c/8836",35.46649428029149,35.4637963197085,139.5328803802915,139.5301824197085
BUTTERMILK CHANNEL 横浜,"https://img.cafesnap.me/img-a/320/320/cafeapp/cafe-app/ontributions/210ee4b27b2931c6f0990ded0d031177/9973294725d1a052c8b456_user.jpg","https://cafesnap.me/c/12469",35.4677575802915,35.46505961970851,139.6284321802915,139.6257342197085
ALOHA SALADS 桜木町,"https://img.cafesnap.me/img-a/320/320/cafeapp/cafe-app/ontributions/4a901c8cb426243cf3392e8023764070/14710073895d1415de547af_user.jpg","https://cafesnap.me/c/12592",35.4525957802915,35.4498978197085,139.6320145802915,139.6293166197085
バニアンツリー,"https://img.cafesnap.me/img-a/320/320/cafeapp/cafe-app/ontributions/2bde0b6c81a063067e87e98121a59b9f/7064146875d1309d34486f_user.jpg","https://cafesnap.me/c/9107",35.40228388029149,35.3995859197085,139.5337649802915,139.5310670197085
MARFA CAFE,"https://img.cafesnap.me/img-a/320/320/cafeapp/cafe-app/ontributions/5e6e6b0191625a8e516129ea065b02d5/18200583925d0475e7d1a18_user.jpg","https://cafesnap.me/c/4862",35.4683539802915,35.4656560197085,139.6235461802915,139.6208482197085
T's cafe,"https://img.cafesnap.me/img-a/320/320/cafeapp/cafe-app/ontributions/2bde0b6c81a063067e87e98121a59b9f/12810339785cff986b1e02b_user.jpg","https://cafesnap.me/c/2369",35.3998982802915,35.3972003197085,139.5748512802915,139.5721533197085
CAFE HANZ,"https://img.cafesnap.me/img-a/320/320/cafeapp/cafe-app/ontributions/8414b6c9a9864b770b19b8642695e74f/13320898855cfd0839b66d3_image.jpg","https://cafesnap.me/c/3130",35.41961568029149,35.4169177197085,139.6423711802915,139.6396732197085
【閉店】KAKA'AKO DINING&CAFE,"https://img.cafesnap.me/img-a/320/320/cafeapp/cafe-app/ontributions/210ee4b27b2931c6f0990ded0d031177/16641776575cf33b850e2e2_user.jpg","https://cafesnap.me/c/3014",35.4558621802915,35.4531642197085,139.6433124802915,139.6406145197085
日本茶専門店 茶倉,"https://img.cafesnap.me/img-a/320/320/cafeapp/cafe-app/ontributions/d3aa70d95ffa4bc84107228ead91881a/14062395695cea3a432737a_image.jpg","https://cafesnap.me/c/1910",35.4413150802915,35.4386171197085,139.6511926802915,139.6484947197085
ローストコーヒーハウス サプリング,"https://img.cafesnap.me/img-a/320/320/cafeapp/cafe-app/ontributions/4716e36e6251a2dc81507009b4d4f647/10378638505ce38e45c5bf6_user.jpg","https://cafesnap.me/c/12351",35.4094529802915,35.40675501970851,139.5945569802915,139.5918590197085
ストラスブール NOVA カフェ,"https://img.cafesnap.me/img-a/320/320/cafeapp/cafe-app/ontributions/d3aa70d95ffa4bc84107228ead91881a/17291128165ce2b67d0e631_image.jpg","https://cafesnap.me/c/12363",35.3925256802915,35.3898277197085,139.5731197802915,139.5704218197085
pLus & Kalita,"https://img.cafesnap.me/img-a/320/320/cafeapp/cafe-app/ontributions/7e17450bb706139bdc436a52a2ffc21d/11251045785ce278ffd73cd_user.jpg","https://cafesnap.me/c/10459",35.4411059802915,35.4384080197085,139.6485726802915,139.6458747197085
薬膳茶カフェ 茶音,"https://img.cafesnap.me/img-a/320/320/cafeapp/cafe-app/ontributions/210ee4b27b2931c6f0990ded0d031177/19821139195cdbf922e6de5_user.jpg","https://cafesnap.me/c/12037",35.4447462802915,35.4420483197085,139.6491785802915,139.6464806197085
hanau❀cafe,"https://img.cafesnap.me/img-a/320/320/cafeapp/cafe-app/ontributions/2bde0b6c81a063067e87e98121a59b9f/5154700075cdac661ef129_user.jpg","https://cafesnap.me/c/12347",35.3676829802915,35.36498501970851,139.5521176802915,139.5494197197085
unwind,"https://img.cafesnap.me/img-a/320/320/cafeapp/cafe-app/ontributions/c9e64117127e53aee69aa2701ae0bde7/8827769515ccfc2c2a9dcd_user.jpg","https://cafesnap.me/c/7355",35.5552410802915,35.5525431197085,139.6481140802915,139.6454161197085
双実堂コーヒー,"https://img.cafesnap.me/img-a/320/320/cafeapp/cafe-app/ontributions/6d84029e7402a2ff7ce17f8d28e71dbb/9231514935ccc203335252_user.jpg","https://cafesnap.me/c/12209",35.3425760802915,35.3398781197085,139.6244913802915,139.6217934197085
DUMBO Doughnuts and Coffee アソビル店,"https://img.cafesnap.me/img-a/320/320/cafeapp/cafe-app/ontributions/210ee4b27b2931c6f0990ded0d031177/19977537415ccbb1215c75f_user.jpg","https://cafesnap.me/c/12284",35.4651525802915,35.4624546197085,139.6235108802915,139.6208129197085
ラ・メゾン アンソレイユターブル 横浜ランドマーク店,"https://img.cafesnap.me/img-a/320/320/cafeapp/cafe-app/ontributions/8e8759a1dce9961373b68219f8b1cda0/8191119715cbd7cbf6c158_user.jpg","https://cafesnap.me/c/3830",35.4563513802915,35.4536534197085,139.6327467802915,139.6300488197085
Dolce Zucchero,"https://img.cafesnap.me/img-a/320/320/cafeapp/cafe-app/ontributions/210ee4b27b2931c6f0990ded0d031177/12210043305cbd05a4a375e_user.jpg","https://cafesnap.me/c/3443",35.4666705802915,35.4639726197085,139.6221429802915,139.6194450197085
オークラ珈琲館,"https://img.cafesnap.me/img-a/320/320/cafeapp/cafe-app/ontributions/ebb192fd43d7dff13fcb8b967dc68fd7/20249428155cbc11d16fcd2_user.jpg","https://cafesnap.me/c/6473",35.53794068029149,35.53524271970849,139.6349236802915,139.6322257197085
Lu's CAFE,"https://img.cafesnap.me/img-a/320/320/cafeapp/cafe-app/ontributions/5b4bc9d2ce253ee9ef988f4e0ff18abb/5949471885cb327376396d_user.jpg","https://cafesnap.me/c/220",35.46728858029149,35.4645906197085,139.6135593802915,139.6108614197085
モカ,"https://img.cafesnap.me/img-a/320/320/cafeapp/cafe-app/ontributions/65744ec8a05d906385d75e5270f3392a/20588146195c745e6007770_user.jpg","https://cafesnap.me/c/9192",35.542727,35.542727,139.640704,139.640704
PourOver,"https://img.cafesnap.me/img-a/320/320/cafeapp/cafe-app/ontributions/210ee4b27b2931c6f0990ded0d031177/20464776345cb14af7ee3a6_user.jpg","https://cafesnap.me/c/2188",35.4660438802915,35.4633459197085,139.6260191802915,139.6233212197085
POTIER COFFEE 石川町元町口店,"https://img.cafesnap.me/img-a/320/320/cafeapp/cafe-app/ontributions/c1424dafc28e58d79d32bd5bb649d81e/16554778445cabe05371589_user.jpg","https://cafesnap.me/c/12152",35.4395938802915,35.4368959197085,139.6447130802915,139.6420151197085
Oriental Grace Coffee,"https://img.cafesnap.me/img-a/320/320/cafeapp/cafe-app/ontributions/210ee4b27b2931c6f0990ded0d031177/8517729575ca7f75aab3f8_user.jpg","https://cafesnap.me/c/4901",35.4415519802915,35.4388540197085,139.6357340802915,139.6330361197085
CAFE SIESTA,"https://img.cafesnap.me/img-a/320/320/cafeapp/cafe-app/ontributions/8e8759a1dce9961373b68219f8b1cda0/10976318495ca0bea8387c3_user.jpg","https://cafesnap.me/c/8522",35.5379614802915,35.5352635197085,139.5897700802915,139.5870721197085
With Green,"https://img.cafesnap.me/img-a/320/320/cafeapp/cafe-app/ontributions/0f7f0caddbcf86951320f7bbfa29caef/19518965025c9c5cc2486b2_user.jpg","https://cafesnap.me/c/11111",35.4657237802915,35.46302581970851,139.6218112802915,139.6191133197085
tables cook & LIVING HOUSE,"https://img.cafesnap.me/img-a/320/320/cafeapp/cafe-app/ontributions/5b4bc9d2ce253ee9ef988f4e0ff18abb/19348369795c99e1cbaed76_user.jpg","https://cafesnap.me/c/10091",35.46796468029149,35.4652667197085,139.6274236802915,139.6247257197085
Cafe Ruban,"https://img.cafesnap.me/img-a/320/320/cafeapp/cafe-app/ontributions/a038ab95f279494130f13e6f27c72b39/16695831985c93083a2d356_user.jpg","https://cafesnap.me/c/9893",35.52171798029149,35.51902001970849,139.6321229802915,139.6294250197085
ジャムおじさんのパン工場,"https://img.cafesnap.me/img-a/320/320/cafeapp/cafe-app/ontributions/9638eaf1bf7580f58dc5b4d934fe2fb0/4043321955c8a92b9a6c3b_user.jpg","https://cafesnap.me/c/9251",35.4644452802915,35.4617473197085,139.6302512802915,139.6275533197085
kissaten くらの,"https://img.cafesnap.me/img-a/320/320/cafeapp/cafe-app/ontributions/27ddbe4fcbac45adce3722ad86eca297/9088329195c898e9511a3f_image.jpg","https://cafesnap.me/c/7070",35.4177398802915,35.4150419197085,139.5374865802915,139.5347886197085
猿楽珈琲,"https://img.cafesnap.me/img-a/320/320/cafeapp/cafe-app/ontributions/27ddbe4fcbac45adce3722ad86eca297/28619065c8830458dd87_image.jpg","https://cafesnap.me/c/7665",35.4250037802915,35.42230581970851,139.6037781802915,139.6010802197085
kacha kacha cafe,"https://img.cafesnap.me/img-a/320/320/cafeapp/cafe-app/ontributions/27ddbe4fcbac45adce3722ad86eca297/18927267365c85854e9d8e5_image.jpg","https://cafesnap.me/c/7709",35.49093948029149,35.4882415197085,139.6496767802915,139.6469788197085
鹿鳴舘,"https://img.cafesnap.me/img-a/320/320/cafeapp/cafe-app/ontributions/27ddbe4fcbac45adce3722ad86eca297/12575601155c84e7e51e0ba_image.jpg","https://cafesnap.me/c/10677",35.46696358029149,35.46426561970849,139.6261071802915,139.6234092197085
yukuri,"https://img.cafesnap.me/img-a/320/320/cafeapp/cafe-app/ontributions/d3aa70d95ffa4bc84107228ead91881a/8755717375c84bc7b9aa2a_image.jpg","https://cafesnap.me/c/12035",35.4010117802915,35.3983138197085,139.5924231802915,139.5897252197085
Blue Tree Cafe,"https://img.cafesnap.me/img-a/320/320/cafeapp/cafe-app/ontributions/3f91eb8c4ea90b8b45392dfb6abf339f/12606452985c837c84e5eef_user.jpg","https://cafesnap.me/c/10855",35.45256138029149,35.4498634197085,139.6485845802915,139.6458866197085
グラスハープ ,"https://img.cafesnap.me/img-a/320/320/cafeapp/cafe-app/ontributions/2bde0b6c81a063067e87e98121a59b9f/1389600475c7d65c85c7df_user.jpg","https://cafesnap.me/c/9951",35.3794200802915,35.3767221197085,139.5775251802915,139.5748272197085
cafe amacha,"https://img.cafesnap.me/img-a/320/320/cafeapp/cafe-app/ontributions/65744ec8a05d906385d75e5270f3392a/20596208365c7b3eb30dbf3_user.jpg","https://cafesnap.me/c/11138",35.5553653802915,35.55266741970851,139.6016340802915,139.5989361197085
Rotties,"https://img.cafesnap.me/img-a/320/320/cafeapp/cafe-app/ontributions/65145e5816c065e737cf493fe62307e9/3799160635c79cc6a3657c_user.jpg","https://cafesnap.me/c/6607",35.53997888029149,35.53728091970849,139.6803331802915,139.6776352197085
ブラフテラス,"https://img.cafesnap.me/img-a/320/320/cafeapp/cafe-app/ontributions/7430701061be45b9b88f6af0b06aa838/15210622395c71bda479311_user.jpg","https://cafesnap.me/c/8801",35.43430598029151,35.43160801970851,139.6400059802915,139.6373080197085
すなづか珈琲店,"https://img.cafesnap.me/img-a/320/320/cafeapp/cafe-app/ontributions/c3cd5da0b3e2984f8084f78330228f72/4363742375c7121bb72a86_image.jpg","https://cafesnap.me/c/12000",35.58008298029151,35.57738501970851,139.5564171802915,139.5537192197085
LES BIEN AIMES,"https://img.cafesnap.me/img-a/320/320/cafeapp/cafe-app/ontributions/d3aa70d95ffa4bc84107228ead91881a/21447311815c6b643dca39f_image.jpg","https://cafesnap.me/c/7975",35.4391019802915,35.4364040197085,139.6450409802915,139.6423430197085
湘南パンケーキ　ランドマークプラザ店,"https://img.cafesnap.me/img-a/320/320/cafeapp/cafe-app/ontributions/359e465b6d1551dd87a8a6220d10fa7c/975662955c69748a0a353_user.jpg","https://cafesnap.me/c/8934",35.4567753802915,35.4540774197085,139.6338055802915,139.6311076197085
Shortcake Shortcake,"https://img.cafesnap.me/img-a/320/320/cafeapp/cafe-app/ontributions/65744ec8a05d906385d75e5270f3392a/17069624135c5552825916a_user.jpg","https://cafesnap.me/c/11769",35.4186603802915,35.4159624197085,139.6310073802915,139.6283094197085
YUKIMURA NOODLES & COFFEE,"https://img.cafesnap.me/img-a/320/320/cafeapp/cafe-app/ontributions/594f30e7459a36fd3c17b1c2c2977014/12974179455c452768dbbb8_user.jpg","https://cafesnap.me/c/11656",35.3875259802915,35.3848280197085,139.5277639802915,139.5250660197085
ポムポムプリンカフェ 横浜,"https://img.cafesnap.me/img-a/320/320/cafeapp/cafe-app/ontributions/0f7f0caddbcf86951320f7bbfa29caef/1083899355bb01b192f0db_user.jpg","https://cafesnap.me/c/8749",35.6721057802915,35.6694078197085,139.7067602802915,139.7040623197085
喫茶 KeN,"https://img.cafesnap.me/img-a/320/320/cafeapp/cafe-app/contributions/d3aa70d95ffa4bc84107228ead91881a/9604977715b134c93dc674_image.jpg","https://cafesnap.me/c/9597",35.42460028029149,35.4219023197085,139.6014916802915,139.5987937197085
三和珈琲館 今宿店,"https://img.cafesnap.me/img-a/320/320/cafeapp/cafe-app/ontributions/7e42227dc0594510ba3f5cf2ef4140d4/16170962765c3e14862bed5_image.jpg","https://cafesnap.me/c/11749",33.5834607802915,33.5807628197085,130.2628140802915,130.2601161197085
Coffret,"https://img.cafesnap.me/img-a/320/320/cafeapp/cafe-app/ontributions/d3aa70d95ffa4bc84107228ead91881a/1202342065c36f08b81c38_image.jpg","https://cafesnap.me/c/10503",35.4498832802915,35.4471853197085,139.6383902802915,139.6356923197085
COFFEE TERMINAL,"https://img.cafesnap.me/img-a/320/320/cafeapp/cafe-app/ontributions/b4dd1dad52f49246f78f952f8ff3be75/10537186845c36cb33cc9eb_user.jpg","https://cafesnap.me/c/5210",35.5367908802915,35.5340929197085,139.5644162802915,139.5617183197085
Gong cha 横浜西口店,"https://img.cafesnap.me/img-a/320/320/cafeapp/cafe-app/ontributions/518d556103ef40ed8e1a242cdab45d0d/9961234085c2f5bac8a71a_user.jpg","https://cafesnap.me/c/10734",35.4654643802915,35.4627664197085,139.6217510802915,139.6190531197085
珈茶問屋 アンジェ,"https://img.cafesnap.me/img-a/320/320/cafeapp/cafe-app/ontributions/2bde0b6c81a063067e87e98121a59b9f/7672967445c25dec7976ca_user.jpg","https://cafesnap.me/c/11681",35.4589805802915,35.4562826197085,139.6021649802915,139.5994670197085
SLOW FARM,"https://img.cafesnap.me/img-a/320/320/cafeapp/cafe-app/ontributions/5b4bc9d2ce253ee9ef988f4e0ff18abb/17810066275c256ff407f3b_user.jpg","https://cafesnap.me/c/10246",35.4799106802915,35.4772127197085,139.5677041802915,139.5650062197085
Mano Kitchen Cafe みなとみらい店,"https://img.cafesnap.me/img-a/320/320/cafeapp/cafe-app/ontributions/1c626296612950e75434529a7af78803/5640884425c19a5693d7ab_user.jpg","https://cafesnap.me/c/5714",35.4602627802915,35.4575648197085,139.6308046802915,139.6281067197085
ジャズ喫茶 ちぐさ,"https://img.cafesnap.me/img-a/320/320/cafeapp/cafe-app/ontributions/d6e26ae046de60e26d1fe851af4cf349/4698619205c0ed644b5036_image.jpg","https://cafesnap.me/c/10678",35.45013598029149,35.4474380197085,139.6312799802915,139.6285820197085
ALLISON HOUSE Cafe AZAMINO,"https://img.cafesnap.me/img-a/320/320/cafeapp/cafe-app/ontributions/35b6c55396a3a9aebcd44c6abde71864/19991556355c0b1063a523f_user.jpg","https://cafesnap.me/c/7603",35.56936058029149,35.5666626197085,139.5539035802915,139.5512056197085
森の輪カフェ,"https://img.cafesnap.me/img-a/320/320/cafeapp/cafe-app/ontributions/2bde0b6c81a063067e87e98121a59b9f/452014945c0a28efb765f_user.jpg","https://cafesnap.me/c/8788",35.43509688029151,35.43239891970851,139.6077554802915,139.6050575197085
Cafe chocolat,"https://img.cafesnap.me/img-a/320/320/cafeapp/cafe-app/ontributions/f7ebcb6db97748e1e3fa63b59fda2d9a/21193300885c067f847484e_user.jpg","https://cafesnap.me/c/5822",35.4383072802915,35.4356093197085,139.6230796802915,139.6203817197085
cafe KUKURU,"https://img.cafesnap.me/img-a/320/320/cafeapp/cafe-app/ontributions/f7ebcb6db97748e1e3fa63b59fda2d9a/13749475295c067bd0e33fc_user.jpg","https://cafesnap.me/c/8462",35.43286158029149,35.43016361970849,139.6009371802915,139.5982392197085
AMALFI CAFFÉ ,"https://img.cafesnap.me/img-a/320/320/cafeapp/cafe-app/ontributions/204489db94626cfd2b7463c68e4b081e/13716339045c03ba0fbf924_image.jpg","https://cafesnap.me/c/282",35.4588331802915,35.4561352197085,139.6329831802915,139.6302852197085
Cafe orangegate,"https://img.cafesnap.me/img-a/320/320/cafeapp/cafe-app/ontributions/8420dcb43f0c24448b8e97965e9f37e4/20233830935bfa11911b808_image.jpg","https://cafesnap.me/c/10292",35.3437026802915,35.3410047197085,139.6258726802915,139.6231747197085
季楽荘,"https://img.cafesnap.me/img-a/320/320/cafeapp/cafe-app/ontributions/a038ab95f279494130f13e6f27c72b39/18632475205bf00fb506df4_user.jpg","https://cafesnap.me/c/10557",35.5125766802915,35.5098787197085,139.5416596802915,139.5389617197085
A16 YOKOHAMA,"https://img.cafesnap.me/img-a/320/320/cafeapp/cafe-app/ontributions/284bc3aa31d996814c380e13c849e06d/7203346135bd2dcaab5700_user.jpg","https://cafesnap.me/c/2791",35.45601068029149,35.4533127197085,139.6436762802915,139.6409783197085
CAFE GEEK,"https://img.cafesnap.me/img-a/320/320/cafeapp/cafe-app/ontributions/406bba6ffcb51627352252c281c57645/21303236785bcdf6d0a723e_image.jpg","https://cafesnap.me/c/10905",35.4464773802915,35.44377941970851,139.6289095802915,139.6262116197085
cafe leaf,"https://img.cafesnap.me/img-a/320/320/cafeapp/cafe-app/ontributions/ed954c248ef4194b41b4ecb5db90d57d/11165592825bc56afe6f278_user.jpg","https://cafesnap.me/c/10263",35.4370759802915,35.4343780197085,139.6296329802915,139.6269350197085
Edamame COFFEE,"https://img.cafesnap.me/img-a/320/320/cafeapp/cafe-app/ontributions/b353f57c722d16c3fb7a27992f0db712/3953621945bc51cf94831a_image.jpg","https://cafesnap.me/c/11171",35.5502699802915,35.5475720197085,139.5616679802915,139.5589700197085
リンツショコラカフェ 横浜ベイクォーター店,"https://img.cafesnap.me/img-a/320/320/cafeapp/cafe-app/contributions/cb79632a89901eb319d434d3eea209b0/67752016959a7c7158773f_contribution.jpg","https://cafesnap.me/c/3655",35.4679609802915,35.4652630197085,139.6278049802915,139.6251070197085
Brooklyn Stand dining+cafe,"https://img.cafesnap.me/img-a/320/320/cafeapp/cafe-app/ontributions/1d8590281f29d8d31a3e034397914f2b/20202545215bb0e98298db9_user.jpg","https://cafesnap.me/c/11076",35.53819488029149,35.5354969197085,139.6353568802915,139.6326589197085
Cafe+Dinner STYLE,"https://img.cafesnap.me/img-a/320/320/cafeapp/cafe-app/ontributions/1d8590281f29d8d31a3e034397914f2b/11577060735b9de02892b4a_user.jpg","https://cafesnap.me/c/285",35.46369618029149,35.4609982197085,139.6185422802915,139.6158443197085
Mrs.Elizabeth Muffin ランドマークプラザ店,"https://img.cafesnap.me/img-a/320/320/cafeapp/cafe-app/ontributions/8b6a0c31acd4788777b2d514ba860423/16529170315b94a01f93557_image.jpg","https://cafesnap.me/c/4173",35.4564866802915,35.4537887197085,139.6329714802915,139.6302735197085
Cafe NAVY,"https://img.cafesnap.me/img-a/320/320/cafeapp/cafe-app/ontributions/236eb53a8925e45ab3cf9b43355d84d2/252246125b93f01e5b2f6_user.jpg","https://cafesnap.me/c/6750",35.5834966802915,35.5807987197085,139.5341362802915,139.5314383197085
HEART BREAD ANTIQUE 菊名駅東口店,"https://img.cafesnap.me/img-a/320/320/cafeapp/cafe-app/contributions/2bde0b6c81a063067e87e98121a59b9f/15429883855b76a8d332b04_user.jpg","https://cafesnap.me/c/9703",35.5110282802915,35.50833031970851,139.6340244802915,139.6313265197085
涼み屋,"https://img.cafesnap.me/img-a/320/320/cafeapp/cafe-app/contributions/65744ec8a05d906385d75e5270f3392a/8955849465b7420c5e5cc5_user.jpg","https://cafesnap.me/c/10716",35.4570824802915,35.4543845197085,139.6207989802915,139.6181010197085
十三番地,"https://img.cafesnap.me/img-a/320/320/cafeapp/cafe-app/contributions/d3aa70d95ffa4bc84107228ead91881a/5664403305b6e808c3acd5_image.jpg","https://cafesnap.me/c/10498",35.4109393802915,35.4082414197085,139.5947136302915,139.5920156697085
食堂POCO,"https://img.cafesnap.me/img-a/320/320/cafeapp/cafe-app/contributions/ae0a4f241d24f52b13df2ea28c357f4b/1882819995b696dece4cd1_user.jpg","https://cafesnap.me/c/9719",35.5537049802915,35.5510070197085,139.5248029802915,139.5221050197085
Cafe & Curry Hygge,"https://img.cafesnap.me/img-a/320/320/cafeapp/cafe-app/contributions/5ba81ee0ad8a37a2107e860e1b55e3ac/19884143405b69015637c59_user.jpg","https://cafesnap.me/c/10683",35.44514828029149,35.44245031970849,139.5268953802915,139.5241974197085
one da full day cafe,"https://img.cafesnap.me/img-a/320/320/cafeapp/cafe-app/contributions/65744ec8a05d906385d75e5270f3392a/8636389655b6692569bb27_user.jpg","https://cafesnap.me/c/8472",35.45764038029149,35.45494241970849,139.6213212802915,139.6186233197085
パセラ珈琲店 横浜関内店,"https://img.cafesnap.me/img-a/320/320/cafeapp/cafe-app/contributions/06b98a14676f88848ffbe23a9579268c/11994733565b1b74d0f20b8_contribution.jpg","https://cafesnap.me/c/9668",35.4449074802915,35.44220951970851,139.6339030802915,139.6312051197085
Cafe Next-door,"https://img.cafesnap.me/img-a/320/320/cafeapp/cafe-app/contributions/d3aa70d95ffa4bc84107228ead91881a/18850309305b530b1b975af_image.jpg","https://cafesnap.me/c/9395",35.4416219802915,35.4389240197085,139.6503309802915,139.6476330197085
NAVY 045,"https://img.cafesnap.me/img-a/320/320/cafeapp/cafe-app/contributions/3ca9bbd9019f8c5f6664216df1c79789/2243342635b486c916fadb_contribution.jpg","https://cafesnap.me/c/8514",35.4410026802915,35.4383047197085,139.6492207802915,139.6465228197085
ちゃま珈琲,"https://img.cafesnap.me/img-a/320/320/cafeapp/cafe-app/contributions/65744ec8a05d906385d75e5270f3392a/2274004975b419f4fb89ac_contribution.jpg","https://cafesnap.me/c/10028",35.44265198029149,35.43995401970849,139.6277249802915,139.6250270197085
ANNIVERSAIRE CAFE みなとみらい横浜,"https://img.cafesnap.me/img-a/320/320/cafeapp/cafe-app/contributions/9e1ab1868ff9453a30984adffbe75fb2/13257809425b3341ba30c6c_contribution.jpg","https://cafesnap.me/c/9709",35.4560356802915,35.4533377197085,139.6369764802915,139.6342785197085
MiCKE CAFE,"https://img.cafesnap.me/img-a/320/320/cafeapp/cafe-app/contributions/2bde0b6c81a063067e87e98121a59b9f/8035753155b320a38cb1a1_contribution.jpg","https://cafesnap.me/c/10251",35.4079191802915,35.4052212197085,139.5975253802915,139.5948274197085
ガーデンテラスカフェ,"https://img.cafesnap.me/img-a/320/320/cafeapp/cafe-app/contributions/a5aa6aa16f56014eaec52dcc3dc007f7/8117264385b3174982c2cc_contribution.jpg","https://cafesnap.me/c/2006",35.4597618802915,35.4570639197085,139.5380794802915,139.5353815197085
conqueror,"https://img.cafesnap.me/img-a/320/320/cafeapp/cafe-app/contributions/65744ec8a05d906385d75e5270f3392a/2009969635b2cfd68ec95b_contribution.jpg","https://cafesnap.me/c/10285",35.4530229802915,35.4503250197085,139.6232493802915,139.6205514197085
coppice garden cafe,"https://img.cafesnap.me/img-a/320/320/cafeapp/cafe-app/contributions/115018d1e94067875fdd4c5a3d950408/1753644965b2bd0cc62597_contribution.jpg","https://cafesnap.me/c/7247",35.4573209802915,35.4546230197085,139.6128556802915,139.6101577197085
MAX CAFE 横浜中華街店,"https://img.cafesnap.me/img-a/320/320/cafeapp/cafe-app/contributions/f7c17dd2419459e27c2617c68696e3f0/15447265955b0501ec1ca63_contribution.jpg","https://cafesnap.me/c/10087",35.44421678029151,35.44151881970851,139.6489976802915,139.6462997197085
柴原珈琲店,"https://img.cafesnap.me/img-a/320/320/cafeapp/cafe-app/contributions/663eb4afaa78eead431227191f7cd34c/4750518785b02c457dfa77_contribution.jpg","https://cafesnap.me/c/9734",35.41665818029149,35.41396021970849,139.6294425802915,139.6267446197085
Coffee&Beer LeBron ,"https://img.cafesnap.me/img-a/320/320/cafeapp/cafe-app/contributions/d27d404bf7685e295e11cae4b27d86ea/12337562525afd77c4d3a12_contribution.jpg","https://cafesnap.me/c/9372",35.4396791802915,35.4369812197085,139.6465747802915,139.6438768197085
Flashback cafe,"https://img.cafesnap.me/img-a/320/320/cafeapp/cafe-app/contributions/88efed15a434476117eb35385df8b7ee/14046686065af7dd291b160_contribution.jpg","https://cafesnap.me/c/7076",35.44550838029149,35.44281041970849,139.6437386802915,139.6410407197085
Roof Okurayama,"https://img.cafesnap.me/img-a/320/320/cafeapp/cafe-app/contributions/96c4c767457b510da59db571c7f6dda3/8937305665ad6148b4f677_image.jpg","https://cafesnap.me/c/8461",35.5248964802915,35.5221985197085,139.6317697802915,139.6290718197085
珈琲まめや,"https://img.cafesnap.me/img-a/320/320/cafeapp/cafe-app/contributions/1d8590281f29d8d31a3e034397914f2b/15244516265ad1e2c55eee7_contribution.jpg","https://cafesnap.me/c/2473",35.5459858802915,35.5432879197085,139.5710257802915,139.5683278197085
cafe & bar MÉLI-MÉLO,"https://img.cafesnap.me/img-a/320/320/cafeapp/cafe-app/contributions/2bde0b6c81a063067e87e98121a59b9f/8841031075ac9e06d27794_contribution.jpg","https://cafesnap.me/c/1660",35.4401380802915,35.4374401197085,139.6470834802915,139.6443855197085
Melior Eterno,"https://img.cafesnap.me/img-a/320/320/cafeapp/cafe-app/contributions/2e1d3174bd2d9152581395c9fc41d216/20901743025abc2f0c7a81c_contribution.jpg","https://cafesnap.me/c/9717",35.48066538029151,35.47796741970851,139.6325016802915,139.6298037197085
ANTICO CAFFE AL AVIS 横浜ランドマークプラザ店,"https://img.cafesnap.me/img-a/320/320/cafeapp/cafe-app/contributions/77237d8eefe7c2132f01b972f529f939/7755370295abbc41428740_contribution.jpg","https://cafesnap.me/c/9689",35.45596768029149,35.45326971970849,139.6320778802915,139.6293799197085
Bake Room,"https://img.cafesnap.me/img-a/320/320/cafeapp/cafe-app/contributions/669e1aa506b9cc80ecc7d0ad2afa64f8/6870740175ab394dd93adf_contribution.jpg","https://cafesnap.me/c/7549",35.4477769802915,35.4450790197085,139.6330709802915,139.6303730197085
蕎麦cafe 粉々奈,"https://img.cafesnap.me/img-a/320/320/cafeapp/cafe-app/contributions/1c442667a67975153045456a3d047471/6097650765aab31f438b07_contribution.jpg","https://cafesnap.me/c/5320",35.4554489802915,35.4527510197085,139.6043209802915,139.6016230197085
ジャン・フランソワ 横浜ポルタ,"https://img.cafesnap.me/img-a/320/320/cafeapp/cafe-app/contributions/a405ca89c3f6a4cfca211ba8a48d35fb/17597130925aa7de19dfa6b_contribution.jpg","https://cafesnap.me/c/4157",35.4670630802915,35.4643651197085,139.6248548802915,139.6221569197085
横濱港町ベーカリー 玉手麦,"https://img.cafesnap.me/img-a/320/320/cafeapp/cafe-app/contributions/2e1d3174bd2d9152581395c9fc41d216/18006763235aa235fb52a35_contribution.jpg","https://cafesnap.me/c/5657",35.47795798029149,35.47526001970849,139.6315079802915,139.6288100197085
KEYUCA CAFE,"https://img.cafesnap.me/img-a/320/320/cafeapp/cafe-app/contributions/4e7ac1a1dbc0b51c3eb1daebac885976/19576767825a9ae46a09ca6_contribution.jpg","https://cafesnap.me/c/4443",35.4577488802915,35.4550509197085,139.6344034802915,139.6317055197085
PEOPLE WISE CAFE,"https://img.cafesnap.me/img-a/320/320/cafeapp/cafe-app/contributions/9ef4a5c21fa0934a503d3b92d123046b/5224007335a939b03d41b8_contribution.jpg","https://cafesnap.me/c/9457",35.5839067802915,35.5812088197085,139.5583942802915,139.5556963197085
エスプラン,"https://img.cafesnap.me/img-a/320/320/cafeapp/cafe-app/contributions/e210e15feb2a2fe2fb5c644366211aa3/10592457475a8d0c2ef413e_contribution.jpg","https://cafesnap.me/c/9396",35.5082667802915,35.5055688197085,139.6793752802915,139.6766773197085
帷子珈琲,"https://img.cafesnap.me/img-a/320/320/cafeapp/cafe-app/contributions/0d0d7351175b50abb260044204c81dd3/20863006855a7d97218d5aa_contribution.jpg","https://cafesnap.me/c/6351",35.4475109802915,35.4448130197085,139.5984824802915,139.5957845197085
SEASON'S Cafe,"https://img.cafesnap.me/img-a/320/320/cafeapp/cafe-app/contributions/23003b547833431426eccce37c14ec94/47449490857d8cd7e4b0a4_image.jpg","https://cafesnap.me/c/4614",35.45731188029149,35.45461391970849,139.6128105802915,139.6101126197085
旅湾喫茶 TA TA TEA,"https://img.cafesnap.me/img-a/320/320/cafeapp/cafe-app/contributions/0e6dfe454466c85e1b6758c223c81374/20901926355937fd16ed9e7_contribution.jpg","https://cafesnap.me/c/2123",35.5928206,35.3126054,139.7254434,139.4647863
REBECCA's EATERY,"https://img.cafesnap.me/img-a/320/320/cafeapp/cafe-app/contributions/aa1fb4cd81376158f65cbf1f0ec3c36b/20600371655a52f57da3288_contribution.jpg","https://cafesnap.me/c/8984",35.57915278029149,35.5764548197085,139.5598847802915,139.5571868197085
STOVES,"https://img.cafesnap.me/img-a/320/320/cafeapp/cafe-app/contributions/65744ec8a05d906385d75e5270f3392a/9714068795a2d11296f47e_contribution.jpg","https://cafesnap.me/c/3357",35.46503128029149,35.46233331970849,139.6206519802915,139.6179540197085
BURGERS NEW YORK,"https://img.cafesnap.me/img-a/320/320/cafeapp/cafe-app/contributions/65744ec8a05d906385d75e5270f3392a/18128589515a1bff9b57a7d_contribution.jpg","https://cafesnap.me/c/8743",35.4524388802915,35.4497409197085,139.6024212802915,139.5997233197085
ローラーコースト,"https://img.cafesnap.me/img-a/320/320/cafeapp/cafe-app/contributions/65744ec8a05d906385d75e5270f3392a/7312936855a1762eecbde2_contribution.jpg","https://cafesnap.me/c/8728",35.5656084802915,35.5629105197085,139.5712940802915,139.5685961197085
TONERICO,"https://img.cafesnap.me/img-a/320/320/cafeapp/cafe-app/contributions/65744ec8a05d906385d75e5270f3392a/47697406559f6fd46403c3_contribution.jpg","https://cafesnap.me/c/8518",35.44524338029149,35.4425454197085,139.6264350802915,139.6237371197085
HARBOR'S CAFE,"https://img.cafesnap.me/img-a/320/320/cafeapp/cafe-app/contributions/65744ec8a05d906385d75e5270f3392a/16482965085a02fb81a51f7_contribution.jpg","https://cafesnap.me/c/938",35.4522574802915,35.4495595197085,139.6488497802915,139.6461518197085
tobago cafe&bar,"https://img.cafesnap.me/img-a/320/320/cafeapp/cafe-app/contributions/65744ec8a05d906385d75e5270f3392a/132521502759fb16b1819b0_contribution.jpg","https://cafesnap.me/c/6547",35.4679707802915,35.4652728197085,139.6174684802915,139.6147705197085
Healing cafe しぐさ,"https://img.cafesnap.me/img-a/320/320/cafeapp/cafe-app/contributions/65744ec8a05d906385d75e5270f3392a/2122414559f86da153121_contribution.jpg","https://cafesnap.me/c/2658",35.4661306802915,35.4634327197085,139.4856262802915,139.4829283197085
canti,"https://img.cafesnap.me/img-a/320/320/cafeapp/cafe-app/contributions/65744ec8a05d906385d75e5270f3392a/79427786059f11c0e8a742_contribution.jpg","https://cafesnap.me/c/8492",35.4415815802915,35.43888361970851,139.6254125802915,139.6227146197085
キリン食堂,"https://img.cafesnap.me/img-a/320/320/cafeapp/cafe-app/contributions/65744ec8a05d906385d75e5270f3392a/28631046759ec9fb2e3de7_contribution.jpg","https://cafesnap.me/c/8448",35.48982978029149,35.48713181970849,139.6106170802915,139.6079191197085
【休業】ミカンバコ,"https://img.cafesnap.me/img-a/320/320/cafeapp/cafe-app/contributions/d864c96975b510f730c5ae4ffbe8f1a7/133192770959da9f8d1db53_contribution.jpg","https://cafesnap.me/c/6247",35.5928206,35.3126054,139.7254434,139.4647863
village vanguard diner 横浜ルミネ,"https://img.cafesnap.me/img-a/320/320/cafeapp/cafe-app/contributions/8035275486dbe1086630c23e95b9d732/1395875459b9394a74253_contribution.jpg","https://cafesnap.me/c/8091",35.46664218029149,35.4639442197085,139.6241036802915,139.6214057197085
禅カフェ 坐月一葉,"https://img.cafesnap.me/img-a/320/320/cafeapp/cafe-app/contributions/6a89ce357eb14a31c403955e6459a569/159426128659b61cd833e7b_contribution.jpg","https://cafesnap.me/c/3421",35.5092739802915,35.5065760197085,139.6781425802915,139.6754446197085
BREIZH Cafe express,"https://img.cafesnap.me/img-a/320/320/cafeapp/cafe-app/contributions/784e09c613fc861abae40de48e74ca85/32607623156c5553e04439_contribution.jpg","https://cafesnap.me/c/2360",35.4539578802915,35.45125991970851,139.6443265802915,139.6416286197085
カフェらいさー,"https://img.cafesnap.me/img-a/320/320/cafeapp/cafe-app/contributions/cf8233c0498ff47854328c685611282f/139564045599d34b3ee4d4_image.jpg","https://cafesnap.me/c/7758",35.5928206,35.3126054,139.7254434,139.4647863
Teracce & Living,"https://img.cafesnap.me/img-a/320/320/cafeapp/cafe-app/contributions/a0589fc0beb1ab8a9a11d0fd1aa20e63/1059408995967939ddf6ef_contribution.jpg","https://cafesnap.me/c/2842",35.5543097802915,35.5516118197085,139.6469269802915,139.6442290197085
Mitsu Tea,"https://img.cafesnap.me/img-a/320/320/cafeapp/cafe-app/contributions/03731d2340923eb9cc5a6e7c7044edbd/325830478593cdc2f76767_contribution.jpg","https://cafesnap.me/c/2542",35.43903708029149,35.43633911970849,139.6438320802915,139.6411341197085
Honolulu Coffee ららぽーと横浜店,"https://img.cafesnap.me/img-a/320/320/cafeapp/cafe-app/contributions/0e6dfe454466c85e1b6758c223c81374/3724900285938120a933d1_contribution.jpg","https://cafesnap.me/c/7000",35.5186537802915,35.5159558197085,139.5679730802915,139.5652751197085
GOOD MORNING COFFEE,"https://img.cafesnap.me/img-a/320/320/cafeapp/cafe-app/contributions/fe9d7fddb5133be87ce36cfa445424d5/1570876223592e093032f28_contribution.jpg","https://cafesnap.me/c/3473",35.4422509802915,35.43955301970851,139.6325889802915,139.6298910197085
DUMBO PIZZA FACTORY,"https://img.cafesnap.me/img-a/320/320/cafeapp/cafe-app/contributions/d458856e866ea229203e834e917048c9/135119674959134ed5262a6_contribution.jpg","https://cafesnap.me/c/6730",35.4667087802915,35.46401081970851,139.6209384802915,139.6182405197085
オンザディッシュ,"https://img.cafesnap.me/img-a/320/320/cafeapp/cafe-app/contributions/e22cdf21222b33c1a3b49c85d69382e1/165204969259040b27e7ac4_contribution.jpg","https://cafesnap.me/c/3228",35.4261591802915,35.4234612197085,139.6452157802915,139.6425178197085
岩田焙煎珈琲,"https://img.cafesnap.me/img-a/320/320/cafeapp/cafe-app/contributions/899de9ccf6d348e5b5e7a2800684019b/97648203358f3999195db2_contribution.jpg","https://cafesnap.me/c/4660",35.54905438029149,35.54635641970849,139.5272366802915,139.5245387197085
BLUE WATER SHRINP,"https://img.cafesnap.me/img-a/320/320/cafeapp/cafe-app/contributions/7a2f8701c4280450b9b39ab869453f5e/157662999058bd198dd4eba_contribution.jpg","https://cafesnap.me/c/4174",35.4551372802915,35.4524393197085,139.6405574802915,139.6378595197085
ISHIDA COFFEE ,"https://img.cafesnap.me/img-a/320/320/cafeapp/cafe-app/contributions/7e555422057bb74c0a1bca17619e90ad/173066643058b67f4ce1633_image.jpg","https://cafesnap.me/c/6194",35.5547540802915,35.5520561197085,139.5157376802915,139.5130397197085
cafe MITSUIKE ,"https://img.cafesnap.me/img-a/320/320/cafeapp/cafe-app/contributions/81d30bc9203453364546e3a4a1fbeb89/209409636558a916f29a2ec_contribution.jpg","https://cafesnap.me/c/4027",35.5225429802915,35.5198450197085,139.6643709802915,139.6616730197085
Cafe Lotus,"https://img.cafesnap.me/img-a/320/320/cafeapp/cafe-app/contributions/34745d74439cafa310a4e9d314bf93e5/210951251758a5c52de3c29_image.jpg","https://cafesnap.me/c/5659",35.46711268029149,35.46441471970849,139.6208379802915,139.6181400197085
Midsummer Cafe 夏至茶屋,"https://img.cafesnap.me/img-a/320/320/cafeapp/cafe-app/contributions/dd102c6dea8b84f24ec41e934e9b731c/13551737175893d9e094d52_contribution.jpg","https://cafesnap.me/c/4043",35.46073268029149,35.4580347197085,139.6088796802915,139.6061817197085
Audi Delight Cafe,"https://img.cafesnap.me/img-a/320/320/cafeapp/cafe-app/contributions/efb498adfe854e81bf7a151ec01348b6/14062329655850fd2cc990a_contribution.jpg","https://cafesnap.me/c/1055",35.45643198029151,35.45373401970851,139.6407256802915,139.6380277197085
MANOA  AlohaTable,"https://img.cafesnap.me/img-a/320/320/cafeapp/cafe-app/contributions/bd800c8609d26a94a85c48057c1e1ab1/8202787465786650cac085_contribution.jpg","https://cafesnap.me/c/2200",35.4536153802915,35.4509174197085,139.6322393802915,139.6295414197085
タンゴ,"https://img.cafesnap.me/img-a/320/320/cafeapp/cafe-app/contributions/fa4e5295c8652a8038034f2053bdb5bb/430425630574e6f4b044dd_image.jpg","https://cafesnap.me/c/2792",35.5162040802915,35.5135061197085,139.6738788802915,139.6711809197085
Cafe 35mm,"https://img.cafesnap.me/img-a/320/320/cafeapp/cafe-app/contributions/71ef5d4f4d7d8dd2041bda9b5fe91920/121790312256ec1d6c6226e_image.jpg","https://cafesnap.me/c/2790",35.4555124802915,35.4528145197085,139.6398700802915,139.6371721197085
トラットリア　ピッツェリア　ロジック 横浜,"https://img.cafesnap.me/img-a/320/320/cafeapp/cafe-app/contributions/a54c675fb1ac165cfae0a8a25d93e5cc/28646012256dee6b14e7e8_contribution.jpg","https://cafesnap.me/c/2482",35.46722888029149,35.4645309197085,139.6189215802915,139.6162236197085
cafe moo,"https://img.cafesnap.me/img-a/320/320/cafeapp/cafe-app/contributions/7cbcbfe3bfddb2f0427ed0fea7820138/81191541456de6ec280673_contribution.jpg","https://cafesnap.me/c/2589",35.48643088029149,35.48373291970849,139.4757542802915,139.4730563197085
LocoSoul Records&Cafe Yokohama,"https://img.cafesnap.me/img-a/320/320/cafeapp/cafe-app/contributions/55669058a28ab0877341f7424bfae061/8968144156c70a2ed3f88_contribution.jpg","https://cafesnap.me/c/2392",35.5928206,35.3126054,139.7254434,139.4647863
ZAIM CAFE ANNEX,"https://img.cafesnap.me/img-a/320/320/cafeapp/cafe-app/contributions/dc9e38950ff545914f233e1345818089/134962710855ff8dd4c5f2c_contribution.jpg","https://cafesnap.me/c/767",35.4380043802915,35.4353064197085,139.6462833802915,139.6435854197085
荒田珈琲,"https://img.cafesnap.me/img-a/320/320/cafeapp/cafe-app/contributions/4717e4b0b5896e881945abe0bb2d8ffd/949427951600fc6d96e168.jpg","https://cafesnap.me/c/14775",35.5531295802915,35.5504316197085,139.5154848802915,139.5127869197085
コーヒーハウス ザ・カフェ,"https://img.cafesnap.me/img-a/320/320/cafeapp/cafe-app/ontributions/27ddbe4fcbac45adce3722ad86eca297/23109405960400c565cfc8_image.jpg","https://cafesnap.me/c/14902",35.4461671802915,35.4434692197085,139.6513614802915,139.6486635197085
