みなとみらい21,https://cdn.jalan.jp/jalan/img/4/kuchikomi/0574/KXL/7f321_0000574239_1.jpg,https://www.jalan.net/kankou/spt_14103aj2200025869/,35.45991785,139.6341458
陶芸教室ダルン,https://www.jalan.net/jalan/img/4/spot/0184/KXL/guide000000184070_1.jpg,https://www.jalan.net/kankou/spt_guide000000184070/,35.4295708,139.6473892
Somm Jewelry【ソムジュエリー】,https://www.jalan.net/jalan/img/2/spot/0192/KXL/guide000000192449_1.jpg,https://www.jalan.net/kankou/spt_guide000000192449/,35.4414971,139.6509189
横浜ランドマークタワー,https://cdn.jalan.jp/jalan/img/9/kuchikomi/0689/KXL/d33c6_0000689469_1.jpg,https://www.jalan.net/kankou/spt_14103ae2190023063/,35.454954,139.6313859
野毛山動物園,https://cdn.jalan.jp/jalan/img/6/kuchikomi/0356/KXL/12c9d_0000356116.JPG,https://www.jalan.net/kankou/spt_14103cc3310040276/,35.4467818,139.6232123
山下公園,https://cdn.jalan.jp/jalan/img/3/kuchikomi/5143/KXL/732a6_0005143975_1.jpg,https://www.jalan.net/kankou/spt_14104ah3330044192/,35.4456543,139.6500049
横浜中華街,https://cdn.jalan.jp/jalan/img/3/kuchikomi/5143/KXL/92b9d_0005143969_1.jpg,https://www.jalan.net/kankou/spt_14104aj2200024336/,35.4424221,139.6463923
横浜・八景島シーパラダイス,https://cdn.jalan.jp/jalan/img/1/kuchikomi/0851/KXL/7a127_0000851381_1.jpg,https://www.jalan.net/kankou/spt_guide000000151315/,35.3373771,139.6458968
横浜アンパンマンこどもミュージアム,https://cdn.jalan.jp/jalan/img/0/kuchikomi/1030/KXL/2272d_0001030653_1.jpg,https://www.jalan.net/kankou/spt_guide000000179484/,35.4632555,139.6289171
よこはまコスモワールド,https://cdn.jalan.jp/jalan/img/8/kuchikomi/0538/KXL/17fa5_0000538861_1.jpg,https://www.jalan.net/kankou/spt_14103cc3540060196/,35.4562633,139.6352879
よこはま動物園ズーラシア,https://www.jalan.net/jalan/img/0/spot/0040/KXL/14112cc3310040053_28.jpg,https://www.jalan.net/kankou/spt_14112cc3310040053/,35.4942375,139.5273381
横浜港大さん橋国際客船ターミナル,https://cdn.jalan.jp/jalan/img/8/kuchikomi/3878/KXL/1347a_0003878791_1.JPG,https://www.jalan.net/kankou/spt_14104aj2200024522/,35.4494368,139.6465642
横浜みなとみらい　万葉倶楽部,https://www.jalan.net/jalan/img/7/spot/0197/KXL/guide000000197331_1.jpg,https://www.jalan.net/kankou/spt_guide000000197331/,35.4559404,139.6381448
横浜ワールドポーターズ,https://cdn.jalan.jp/jalan/img/2/kuchikomi/0632/KXL/2f04c_0000632399_1.jpg,https://www.jalan.net/kankou/spt_guide000000151353/,35.4540062,139.6389327
横浜赤レンガ倉庫［1号館及び2号館］,https://cdn.jalan.jp/jalan/img/1/kuchikomi/0851/KXL/8e0f9_0000851568_2.jpg,https://www.jalan.net/kankou/spt_14104ae2180146722/,35.4521384,139.6433961
シーバス,https://www.jalan.net/jalan/img/6/spot/0116/KXL/14100ee4610116487_6.jpg,https://www.jalan.net/kankou/spt_14100ee4610116487/,35.4456214,139.6511951
三溪園,https://cdn.jalan.jp/jalan/img/8/kuchikomi/0258/KXL/1ef38_0000258083.JPG,https://www.jalan.net/kankou/spt_14104ah2140016589/,35.4170511,139.6588267
カップヌードルミュージアム,https://cdn.jalan.jp/jalan/img/5/kuchikomi/4525/KXL/0ce36_0004525081_1.jpg,https://www.jalan.net/kankou/spt_guide000000191233/,35.4554755,139.6388669
新横浜ラーメン博物館,https://www.jalan.net/jalan/img/2/spot/0032/KXL/14109cc3290032887_1.jpg,https://www.jalan.net/kankou/spt_14109cc3290032887/,35.509849,139.614552
元町商店街,https://cdn.jalan.jp/jalan/img/9/kuchikomi/1379/KXL/87cb1_0001379190_2.jpg,https://www.jalan.net/kankou/spt_14104aj2200023493/,35.441727,139.6510073
港の見える丘公園,https://cdn.jalan.jp/jalan/img/7/kuchikomi/1447/KXL/fbb7c_0001447938_1.jpg,https://www.jalan.net/kankou/spt_14104ah3330043788/,35.4405924,139.654746
クイーンズスクエア横浜,https://cdn.jalan.jp/jalan/img/8/kuchikomi/0148/KXL/c70b1_0000148149.jpg,https://www.jalan.net/kankou/spt_guide000000151345/,35.4568191,139.634363
日産グローバル本社ギャラリー,https://cdn.jalan.jp/jalan/img/5/kuchikomi/3365/KXL/e82e5_0003365050_1.JPG,https://www.jalan.net/kankou/spt_guide000000184688/,35.463464,139.6261025
横浜スタジアム,https://cdn.jalan.jp/jalan/img/7/kuchikomi/1137/KXL/e0f86_0001137788_1.JPG,https://www.jalan.net/kankou/spt_14104ae2190023110/,35.4434518,139.6400593
横浜ベイクォーター,https://cdn.jalan.jp/jalan/img/7/kuchikomi/4007/KXL/493ab_0004007577_1.jpg,https://www.jalan.net/kankou/spt_guide000000179261/,35.4666247,139.6266006
横浜伊勢佐木町ワシントンホテル　レストラン　AQUAMARINE,https://www.jalan.net/jalan/img/4/spot/0184/KXL/guide000000184068_74.jpg,https://www.jalan.net/kankou/spt_guide000000184068/,35.4415817,139.6328163
横浜アリーナ,https://cdn.jalan.jp/jalan/img/7/kuchikomi/2297/KXL/e2c80_0002297683_2.jpg,https://www.jalan.net/kankou/spt_14109ae2190023041/,35.5122778,139.6202475
こどもの国,https://cdn.jalan.jp/jalan/img/8/kuchikomi/1258/KXL/9a4f0_0001258332_1.jpg,https://www.jalan.net/kankou/spt_14117cc3540060229/,35.562936,139.4901813
横浜マリンタワー,https://www.jalan.net/jalan/img/9/spot/2079/KXL/14104ad3352079926_1.jpg,https://www.jalan.net/kankou/spt_14104ad3352079926/,35.4439383,139.6509414
ローズホテル横浜 ブラスリーミリーラ・フォーレ,https://www.jalan.net/jalan/img/0/spot/0190/KXL/guide000000190677_2.jpg,https://www.jalan.net/kankou/spt_guide000000190677/,35.444029,139.646573
「スヌーピータウンショップ」横浜店,https://cdn.jalan.jp/jalan/img/8/kuchikomi/1168/KXL/02a64_0001168790_1.jpg,https://www.jalan.net/kankou/spt_guide000000168184/,35.4569439,139.6337502
横浜・八景島シーパラダイスアクアミュージアム,https://cdn.jalan.jp/jalan/img/0/kuchikomi/0000/KXL/78cc5_0000000082.jpg,https://www.jalan.net/kankou/spt_14108cc3320040604/,35.3373536,139.6472816
三井アウトレットパーク横浜ベイサイド,https://cdn.jalan.jp/jalan/img/8/kuchikomi/1888/KXL/54d71_0001888812_1.jpg,https://www.jalan.net/kankou/spt_guide000000179704/,35.3797657,139.6462201
根岸森林公園,https://cdn.jalan.jp/jalan/img/9/kuchikomi/1399/KXL/5938d_0001399803_2.jpg,https://www.jalan.net/kankou/spt_14104ah3330043658/,35.4240511,139.6380931
横浜桜木町ワシントンホテル　DINING＆BAR　BAYSIDE,https://www.jalan.net/jalan/img/4/spot/0184/KXL/guide000000184069_96.jpg,https://www.jalan.net/kankou/spt_guide000000184069/,35.450799,139.632701
新横浜プリンスホテル,https://www.jalan.net/jalan/img/1/spot/0191/KXL/guide000000191672_1.jpg,https://www.jalan.net/kankou/spt_guide000000191672/,35.5099938,139.6199798
IKEA港北,https://cdn.jalan.jp/jalan/img/1/kuchikomi/2861/KXL/87ce1_0002861755_1.JPG,https://www.jalan.net/kankou/spt_guide000000185417/,35.5225821,139.5900788
キリン横浜ビアビレッジ,https://cdn.jalan.jp/jalan/img/0/kuchikomi/1860/KXL/1416e_0001860678_2.JPG,https://www.jalan.net/kankou/spt_14101cc3340045193/,35.4902988,139.6643333
ららぽーと横浜,https://cdn.jalan.jp/jalan/img/5/kuchikomi/2445/KXL/985a4_0002445738_1.jpg,https://www.jalan.net/kankou/spt_guide000000185416/,35.517467,139.5665435
馬車道,https://cdn.jalan.jp/jalan/img/8/kuchikomi/0648/KXL/89106_0000648075_1.JPG,https://www.jalan.net/kankou/spt_14104aj2200025357/,35.44797485,139.6361634
日産スタジアム（横浜国際総合競技場）,https://cdn.jalan.jp/jalan/img/2/kuchikomi/2892/KXL/7ffc6_0002892500_1.JPG,https://www.jalan.net/kankou/spt_14109cc3360141716/,35.5099461,139.6063937
ロイヤルウイング,https://www.jalan.net/jalan/img/5/spot/0135/KXL/14100ee4610135123_2.jpg,https://www.jalan.net/kankou/spt_14100ee4610135123/,35.4514107,139.6476619
横浜市立金沢動物園,https://www.jalan.net/jalan/img/0/spot/0040/KXL/14108cc3310040422_17.jpg,https://www.jalan.net/kankou/spt_14108cc3310040422/,35.3484444,139.5997151
横浜大世界アートリックミュージアム,https://cdn.jalan.jp/jalan/img/0/kuchikomi/1380/KXL/071dc_0001380943_1.jpg,https://www.jalan.net/kankou/spt_14104cb3542013840/,35.4425765,139.6480926
秋本農園,https://www.jalan.net/jalan/img/2/spot/0192/KXL/guide000000192194_1.jpg,https://www.jalan.net/kankou/spt_guide000000192194/,35.5331707,139.5970552
ブリーズベイホテル　レストランアルページュ,https://cdn.jalan.jp/jalan/img/0/kuchikomi/3960/KXL/4a21b_0003960576_1.jpg,https://www.jalan.net/kankou/spt_guide000000190086/,35.4488327,139.6309022
スパ・リブール　ヨコハマ,https://www.jalan.net/jalan/img/8/spot/0198/KXL/guide000000198005_1.jpg,https://www.jalan.net/kankou/spt_guide000000198005/,35.524445,139.649119
キタムラ元町本店,https://cdn.jalan.jp/jalan/img/0/kuchikomi/1940/KXL/d47c1_0001940422_1.JPG,https://www.jalan.net/kankou/spt_guide000000151304/,35.4398252,139.646834
横浜美術館,https://cdn.jalan.jp/jalan/img/8/kuchikomi/4018/KXL/c5847_0004018330_3.jpg,https://www.jalan.net/kankou/spt_14103cc3300033418/,35.4569619,139.6306475
日本大通り,https://cdn.jalan.jp/jalan/img/2/kuchikomi/2562/KXL/84427_0002562117_3.JPG,https://www.jalan.net/kankou/spt_14104aj2200025541/,35.44645645,139.6423062
ホテルニューグランド本館,https://cdn.jalan.jp/jalan/img/9/kuchikomi/1139/KXL/91dc3_0001139014_1.JPG,https://www.jalan.net/kankou/spt_14104ae2180146706/,35.4448417,139.6495611
パン教室Sun&Moon,https://www.jalan.net/jalan/img/3/spot/0183/KXL/guide000000183106_27.jpg,https://www.jalan.net/kankou/spt_guide000000183106/,35.5446481,139.5689705
神奈川県民ホール,https://cdn.jalan.jp/jalan/img/3/kuchikomi/3923/KXL/3b80d_0003923858_1.jpg,https://www.jalan.net/kankou/spt_14104ae2190022657/,35.4460631,139.6470892
MARK IS みなとみらい,https://cdn.jalan.jp/jalan/img/7/kuchikomi/4657/KXL/4b25d_0004657368_1.jpeg,https://www.jalan.net/kankou/spt_guide000000191254/,35.4577445,139.631784
臨港パーク,https://cdn.jalan.jp/jalan/img/7/kuchikomi/1837/KXL/c2bb9_0001837916_1.jpg,https://www.jalan.net/kankou/spt_guide000000151350/,35.4610616,139.6368945
SPA EAS(スパ イアス),https://cdn.jalan.jp/jalan/img/0/kuchikomi/4430/KXL/6f795_0004430436_1.jpg,https://www.jalan.net/kankou/spt_guide000000191256/,35.465929,139.617299
三ツ池公園,https://cdn.jalan.jp/jalan/img/7/kuchikomi/3167/KXL/f71aa_0003167036_1.jpg,https://www.jalan.net/kankou/spt_14101ah3330042855/,35.52309285,139.6606602
東急ハンズ　横浜店,https://cdn.jalan.jp/jalan/img/7/kuchikomi/4967/KXL/5c791_0004967732_1.JPG,https://www.jalan.net/kankou/spt_guide000000168159/,35.4673033,139.6221437
横浜ランドマークタワー　69階展望フロア　スカイガーデン,https://cdn.jalan.jp/jalan/img/7/kuchikomi/0247/KXL/b1d94_0000247076.jpg,https://www.jalan.net/kankou/spt_14103ad3350045678/,35.4545776,139.6314788
原鉄道模型博物館,https://cdn.jalan.jp/jalan/img/3/kuchikomi/3953/KXL/8f6f5_0003953698_1.jpg,https://www.jalan.net/kankou/spt_guide000000182429/,35.4632407,139.624857
トレッサ横浜,https://cdn.jalan.jp/jalan/img/9/kuchikomi/4299/KXL/554fc_0004299014_1.jpg,https://www.jalan.net/kankou/spt_guide000000191255/,35.5254349,139.6457832
はまぎん こども宇宙科学館,https://cdn.jalan.jp/jalan/img/4/kuchikomi/2174/KXL/5b2bf_0002174854_3.JPG,https://www.jalan.net/kankou/spt_14107cc3290030153/,35.3770067,139.5949301
西方寺,https://cdn.jalan.jp/jalan/img/8/kuchikomi/1958/KXL/972a4_0001958653_1.jpg,https://www.jalan.net/kankou/spt_14109ag2130009740/,35.527668,139.606982
横浜公園,https://cdn.jalan.jp/jalan/img/8/kuchikomi/0678/KXL/79d39_0000678173_2.jpg,https://www.jalan.net/kankou/spt_14104ah3330041170/,35.4440944,139.64055
神奈川県庁本庁舎,https://cdn.jalan.jp/jalan/img/6/kuchikomi/1086/KXL/5928b_0001086553_2.jpg,https://www.jalan.net/kankou/spt_14104ae2180146695/,35.4477712,139.6425415
相鉄ムービル,https://cdn.jalan.jp/jalan/img/7/kuchikomi/4867/KXL/31282_0004867093_1.jpg,https://www.jalan.net/kankou/spt_guide000000176167/,35.463791,139.6189919
神奈川県立歴史博物館,https://cdn.jalan.jp/jalan/img/6/kuchikomi/1836/KXL/5fba2_0001836953_1.jpg,https://www.jalan.net/kankou/spt_14104cc3290030913/,35.4491011,139.6366414
新横浜プリンスペペ,https://cdn.jalan.jp/jalan/img/6/kuchikomi/4256/KXL/2bc4d_0004256150_1.jpeg,https://www.jalan.net/kankou/spt_guide000000114033/,35.5096372,139.6189939
クィーンズスクエア横浜,https://cdn.jalan.jp/jalan/img/6/kuchikomi/4436/KXL/fb2d4_0004436724_3.JPG,https://www.jalan.net/kankou/spt_14103ae2192019190/,35.4568191,139.634363
本牧山頂公園,https://cdn.jalan.jp/jalan/img/0/kuchikomi/4960/KXL/77dc7_0004960841_1.JPG,https://www.jalan.net/kankou/spt_guide000000194083/,35.4248668,139.6600252
マリーンルージュ,https://www.jalan.net/jalan/img/6/spot/0146/KXL/14100ee4610146900_1.jpg,https://www.jalan.net/kankou/spt_14100ee4610146900/,35.4457821,139.651334
野毛山公園,https://cdn.jalan.jp/jalan/img/7/kuchikomi/2987/KXL/1f6ec_0002987218_2.JPG,https://www.jalan.net/kankou/spt_14103ah3330043660/,35.4448099,139.6220308
横浜ベイサイドマリーナ,https://cdn.jalan.jp/jalan/img/3/kuchikomi/1773/KXL/7abef_0001773427_1.jpg,https://www.jalan.net/kankou/spt_14108ca3500146806/,35.380219,139.6479247
港の見える丘公園 ローズガーデン,https://cdn.jalan.jp/jalan/img/3/kuchikomi/0503/KXL/bfc2c_0000503020_1.jpg,https://www.jalan.net/kankou/spt_14104ac2100116466/,35.4405924,139.654746
横浜博覧館,https://cdn.jalan.jp/jalan/img/9/kuchikomi/4269/KXL/cb2e4_0004269069_1.jpg,https://www.jalan.net/kankou/spt_guide000000190162/,35.443125,139.64486
汽車道（港１号・２号・３号橋梁旧臨港線護岸）,https://cdn.jalan.jp/jalan/img/4/kuchikomi/3164/KXL/ce53b_0003164577_1.jpg,https://www.jalan.net/kankou/spt_14100ae2180146740/,35.4528701,139.6345294
横浜駅観光案内所,https://cdn.jalan.jp/jalan/img/3/kuchikomi/3583/KXL/5046a_0003583947_1.JPG,https://www.jalan.net/kankou/spt_14100aa1030000529/,35.4662964,139.6219948
総持寺,https://cdn.jalan.jp/jalan/img/5/kuchikomi/0915/KXL/28356_0000915734_2.JPG,https://www.jalan.net/kankou/spt_14101ag2130014133/,35.5068488,139.6708429
横浜開港資料館,https://cdn.jalan.jp/jalan/img/2/kuchikomi/2622/KXL/56aed_0002622865_1.JPG,https://www.jalan.net/kankou/spt_14104cc3290033014/,35.447663,139.643911
横浜市開港記念会館,https://cdn.jalan.jp/jalan/img/9/kuchikomi/0099/KXL/76e3c_0000099292.jpg,https://www.jalan.net/kankou/spt_14104ae2180021291/,35.4473804,139.6411932
三菱みなとみらい技術館,https://cdn.jalan.jp/jalan/img/5/kuchikomi/3525/KXL/54d0c_0003525056_1.JPG,https://www.jalan.net/kankou/spt_14103cc3290032130/,35.4559216,139.6299412
リザーブドクルーズ,https://www.jalan.net/jalan/img/3/spot/0183/KXL/guide000000183108_9.jpg,https://www.jalan.net/kankou/spt_guide000000183108/,35.4658064,139.6139849
スカイスパ　YOKOHAMA,https://www.jalan.net/jalan/img/1/spot/0151/KXL/guide000000151328_2.jpg,https://www.jalan.net/kankou/spt_guide000000151328/,35.464555,139.6244485
日本丸メモリアルパーク（旧横浜船渠第1号ドック）,https://cdn.jalan.jp/jalan/img/0/kuchikomi/4130/KXL/ed597_0004130999_3.jpg,https://www.jalan.net/kankou/spt_14103ae2180146738/,35.4530218,139.6318397
ウチキパン,https://cdn.jalan.jp/jalan/img/4/kuchikomi/5084/KXL/2f47d_0005084205_1.jpeg,https://www.jalan.net/kankou/spt_guide000000168093/,35.4409362,139.6506393
こども自然公園,https://cdn.jalan.jp/jalan/img/0/kuchikomi/1590/KXL/e74e8_0001590564_3.JPG,https://www.jalan.net/kankou/spt_14112ah3330043787/,35.4501817,139.5358589
インスパ横浜,https://www.jalan.net/jalan/img/1/spot/0191/KXL/guide000000191740_1.jpg,https://www.jalan.net/kankou/spt_guide000000191740/,35.468795,139.6392194
県立四季の森公園,https://cdn.jalan.jp/jalan/img/7/kuchikomi/0537/KXL/7804c_0000537251_3.jpg,https://www.jalan.net/kankou/spt_14113ah3330043922/,35.5024966,139.5356322
赤い靴はいてた女の子像,https://cdn.jalan.jp/jalan/img/2/kuchikomi/4052/KXL/a2f4d_0004052487_1.JPG,https://www.jalan.net/kankou/spt_14104aj2200026046/,35.4471177,139.6481348
キュービックプラザ新横浜,https://cdn.jalan.jp/jalan/img/4/kuchikomi/4454/KXL/ccab7_0004454309_1.jpg,https://www.jalan.net/kankou/spt_guide000000176166/,35.5076034,139.6171119
海芝公園,https://cdn.jalan.jp/jalan/img/0/kuchikomi/4950/KXL/f6c30_0004950123_1.jpeg,https://www.jalan.net/kankou/spt_guide000000197803/,35.4858269,139.7002588
大通り公園,https://cdn.jalan.jp/jalan/img/9/kuchikomi/1139/KXL/69afd_0001139390_1.jpg,https://www.jalan.net/kankou/spt_14104ah3330043444/,35.4403705,139.6313682
日本郵船氷川丸,https://cdn.jalan.jp/jalan/img/4/kuchikomi/4124/KXL/4a703_0004124806_1.JPG,https://www.jalan.net/kankou/spt_guide000000190017/,35.4466087,139.6512227
陶芸教室　ceramic studio QUM,https://www.jalan.net/jalan/img/4/spot/0184/KXL/guide000000184613_11.jpg,https://www.jalan.net/kankou/spt_guide000000184613/,35.5376993,139.5029875
スタージュエリー元町本店,https://cdn.jalan.jp/jalan/img/3/kuchikomi/3813/KXL/d6408_0003813959_1.jpeg,https://www.jalan.net/kankou/spt_guide000000167689/,35.441116,139.64972
モザイクモール港北,https://cdn.jalan.jp/jalan/img/4/kuchikomi/4324/KXL/dd5c0_0004324241_1.jpg,https://www.jalan.net/kankou/spt_guide000000168193/,35.5549934,139.577962
六角橋商店街,https://cdn.jalan.jp/jalan/img/8/kuchikomi/4948/KXL/76d23_0004948958_1.jpeg,https://www.jalan.net/kankou/spt_guide000000196443/,35.4882476,139.6266027
象の鼻パーク,https://cdn.jalan.jp/jalan/img/6/kuchikomi/5196/KXL/47fc1_0005196206_1.jpg,https://www.jalan.net/kankou/spt_guide000000187060/,35.449619,139.6430181
アメリカ山公園,https://cdn.jalan.jp/jalan/img/9/kuchikomi/3839/KXL/ee813_0003839988_1.jpg,https://www.jalan.net/kankou/spt_guide000000190012/,35.4413358,139.6515664
ＪＲ新横浜駅,https://cdn.jalan.jp/jalan/img/9/kuchikomi/3899/KXL/d79ce_0003899682_1.jpg,https://www.jalan.net/kankou/spt_guide000000190571/,35.5068084,139.6175767
横浜公園のチューリップ,https://cdn.jalan.jp/jalan/img/6/kuchikomi/1206/KXL/384ad_0001206270_1.jpg,https://www.jalan.net/kankou/spt_14104ac2100124423/,35.4440944,139.64055
大倉山公園の梅林,https://cdn.jalan.jp/jalan/img/8/kuchikomi/0638/KXL/217c5_0000638911_1.png,https://www.jalan.net/kankou/spt_14109ac2100116460/,35.5261619,139.6273319
横浜ベイブリッジ,https://cdn.jalan.jp/jalan/img/0/kuchikomi/4110/KXL/d7373_0004110354_1.JPG,https://www.jalan.net/kankou/spt_guide000000187059/,35.453974,139.673556
そごう美術館,https://cdn.jalan.jp/jalan/img/6/kuchikomi/3386/KXL/6366b_0003386924_1.JPG,https://www.jalan.net/kankou/spt_14103cc3300033614/,35.4653283,139.6257495
田んぼの中のいちご園,https://www.jalan.net/jalan/img/2/spot/0202/KXL/guide000000202088_12.jpg,https://www.jalan.net/kankou/spt_guide000000202088/,35.4075912,139.4762506
横浜市イギリス館（旧英国総領事公邸）,https://cdn.jalan.jp/jalan/img/1/kuchikomi/1461/KXL/118f5_0001461755_1.jpg,https://www.jalan.net/kankou/spt_14104ae2180146723/,35.439372,139.654316
エリスマン邸,https://cdn.jalan.jp/jalan/img/3/kuchikomi/0523/KXL/2592a_0000523764_2.jpg,https://www.jalan.net/kankou/spt_14100ae2180022390/,35.4375744,139.6512777
二俣川駅,https://cdn.jalan.jp/jalan/img/4/kuchikomi/3584/KXL/a5d87_0003584132_1.JPG,https://www.jalan.net/kankou/spt_guide000000187312/,35.4635766,139.5323099
MARINE & WALK YOKOHAMA（マリン アンド ウォーク ヨコハマ）,https://cdn.jalan.jp/jalan/img/4/kuchikomi/3874/KXL/7cfec_0003874449_1.JPG,https://www.jalan.net/kankou/spt_guide000000184797/,35.4545749,139.6420709
海の公園,https://cdn.jalan.jp/jalan/img/7/kuchikomi/1347/KXL/cb38b_0001347779_2.jpeg,https://www.jalan.net/kankou/spt_14108ah3330042642/,35.3385836,139.63468
外交官の家,https://cdn.jalan.jp/jalan/img/7/kuchikomi/0537/KXL/7b8d5_0000537376_1.jpg,https://www.jalan.net/kankou/spt_14100ae2180021843/,35.4366151,139.6434041
チャイハネ　パート１,https://cdn.jalan.jp/jalan/img/9/kuchikomi/4779/KXL/f08ec_0004779047_1.JPG,https://www.jalan.net/kankou/spt_guide000000168199/,35.4433641,139.6475008
ニューオータニイン横浜プレミアム　レストラン　THE　sea,https://www.jalan.net/jalan/img/3/spot/0193/KXL/guide000000193941_2.jpg,https://www.jalan.net/kankou/spt_guide000000193941/,35.452277,139.6309848
二宮いちご園,https://www.jalan.net/jalan/img/2/spot/0192/KXL/guide000000192156_1.jpg,https://www.jalan.net/kankou/spt_guide000000192156/,35.4751328,139.5411732
横浜ベイホテル東急,https://www.jalan.net/jalan/img/3/spot/0193/KXL/guide000000193032_1.jpg,https://www.jalan.net/kankou/spt_guide000000193032/,35.456854,139.635165
横浜人形の家,https://cdn.jalan.jp/jalan/img/9/kuchikomi/0759/KXL/2b655_0000759774_1.JPG,https://www.jalan.net/kankou/spt_14104cc3290030150/,35.44317,139.652095
横浜みなと博物館と帆船日本丸,https://cdn.jalan.jp/jalan/img/5/kuchikomi/2875/KXL/5499f_0002875804_1.jpg,https://www.jalan.net/kankou/spt_14103cc3290033320/,35.4535539,139.6328378
日本郵船歴史博物館,https://cdn.jalan.jp/jalan/img/4/kuchikomi/4934/KXL/563a2_0004934819_1.jpg,https://www.jalan.net/kankou/spt_14104cc3290030154/,35.4504365,139.639391
ジョイナス,https://cdn.jalan.jp/jalan/img/9/kuchikomi/1949/KXL/0ba65_0001949961_1.jpg,https://www.jalan.net/kankou/spt_guide000000151329/,35.4663053,139.6209498
元町公園の桜,https://cdn.jalan.jp/jalan/img/3/kuchikomi/4253/KXL/419d9_0004253137_1.jpeg,https://www.jalan.net/kankou/spt_14104ac2100136030/,35.4381451,139.6513269
フィールドアスレチック横浜つくし野コース,https://cdn.jalan.jp/jalan/img/4/kuchikomi/3124/KXL/45e0d_0003124514_1.jpg,https://www.jalan.net/kankou/spt_14113ca3450112296/,35.5207,139.486628
森農園,https://www.jalan.net/jalan/img/7/spot/0207/KXL/guide000000207797_4.jpeg,https://www.jalan.net/kankou/spt_guide000000207797/,35.5448236,139.608479
三ツ池公園の桜,https://cdn.jalan.jp/jalan/img/7/kuchikomi/3727/KXL/604b0_0003727572_1.jpg,https://www.jalan.net/kankou/spt_14101ac2100116462/,35.5230693,139.6607203
京浜フェリーボート株式会社,https://www.jalan.net/jalan/img/5/spot/0185/KXL/guide000000185437_3.jpg,https://www.jalan.net/kankou/spt_guide000000185437/,35.448229,139.6447183
ゆめが丘農園,https://www.jalan.net/jalan/img/7/spot/0207/KXL/guide000000207557_3.jpg,https://www.jalan.net/kankou/spt_guide000000207557/,35.4091773,139.4834347
ヨコハマおもしろ水族館・ヨコハマ赤ちゃん水族館,https://cdn.jalan.jp/jalan/img/3/kuchikomi/0533/KXL/d2612_0000533759_4.jpg,https://www.jalan.net/kankou/spt_14104ae3322013839/,35.4427792,139.6447028
久良岐公園,https://cdn.jalan.jp/jalan/img/8/kuchikomi/0768/KXL/c112f_0000768045_1.JPG,https://www.jalan.net/kankou/spt_14107ah3330043657/,35.4064874,139.6076623
新横浜グレイスホテル,https://cdn.jalan.jp/jalan/img/2/kuchikomi/4252/KXL/f7a7a_0004252706_1.jpeg,https://www.jalan.net/kankou/spt_guide000000192256/,35.5088588,139.6185302
キリンビール横浜工場,https://cdn.jalan.jp/jalan/img/1/kuchikomi/4441/KXL/010c7_0004441094_2.jpg,https://www.jalan.net/kankou/spt_guide000000185815/,35.4907712,139.6635021
横浜イングリッシュガーデン,https://cdn.jalan.jp/jalan/img/3/kuchikomi/4253/KXL/76229_0004253571_1.jpeg,https://www.jalan.net/kankou/spt_guide000000191149/,35.4557178,139.6110709
伊勢山皇大神宮,https://cdn.jalan.jp/jalan/img/4/kuchikomi/1434/KXL/cccdb_0001434045_1.jpg,https://www.jalan.net/kankou/spt_14103ag2130011934/,35.4505361,139.6263904
マリーンシャトル,https://www.jalan.net/jalan/img/6/spot/0116/KXL/14100ee4610116485_4.jpg,https://www.jalan.net/kankou/spt_14100ee4610116485/,35.4458991,139.6514699
横浜指路教会,https://cdn.jalan.jp/jalan/img/0/kuchikomi/5020/KXL/105f3_0005020022_1.jpeg,https://www.jalan.net/kankou/spt_14104ae2180146700/,35.447299,139.6334035
横浜成田山,https://cdn.jalan.jp/jalan/img/7/kuchikomi/4307/KXL/aede8_0004307634_1.JPG,https://www.jalan.net/kankou/spt_guide000000197747/,35.4491667,139.6275
三ツ沢公園,https://cdn.jalan.jp/jalan/img/7/kuchikomi/4877/KXL/f44eb_0004877990_1.JPG,https://www.jalan.net/kankou/spt_14102ah3330042214/,35.4707177,139.6032233
掃部山公園,https://cdn.jalan.jp/jalan/img/6/kuchikomi/5236/KXL/d3d56_0005236114_2.jpeg,https://www.jalan.net/kankou/spt_14103ah3330044076/,35.4531931,139.6253836
三溪園の桜,https://cdn.jalan.jp/jalan/img/1/kuchikomi/4011/KXL/7c7dc_0004011584_1.JPG,https://www.jalan.net/kankou/spt_14104ac2100008360/,35.4170511,139.6588267
ジョイナスの森彫刻公園,https://cdn.jalan.jp/jalan/img/4/kuchikomi/4124/KXL/0d7f2_0004124622_1.JPG,https://www.jalan.net/kankou/spt_guide000000164283/,35.4654283,139.6209358
ＪＲ関内駅,https://cdn.jalan.jp/jalan/img/2/kuchikomi/4852/KXL/2c1eb_0004852241_1.jpeg,https://www.jalan.net/kankou/spt_guide000000187313/,35.4444338,139.6355222
弘明寺,https://cdn.jalan.jp/jalan/img/0/kuchikomi/1560/KXL/3c7b3_0001560413_1.jpeg,https://www.jalan.net/kankou/spt_14105ag2130014132/,35.4245232,139.5986543
もちだ農園,https://www.jalan.net/jalan/img/2/spot/0192/KXL/guide000000192366_3.jpg,https://www.jalan.net/kankou/spt_guide000000192366/,35.4893867,139.581963
保土ヶ谷公園,https://cdn.jalan.jp/jalan/img/9/kuchikomi/2039/KXL/2ec35_0002039698_1.jpg,https://www.jalan.net/kankou/spt_14106ah3330042856/,35.4543141,139.5848879
こどもの国の桜,https://cdn.jalan.jp/jalan/img/5/kuchikomi/4025/KXL/b496c_0004025233_1.jpg,https://www.jalan.net/kankou/spt_14113ac2100116463/,35.562936,139.4901813
鉄道発祥記念碑,https://cdn.jalan.jp/jalan/img/1/kuchikomi/4181/KXL/b3563_0004181965_1.JPG,https://www.jalan.net/kankou/spt_14104aj2200023490/,35.4494723,139.6319949
元町・中華街駅,https://cdn.jalan.jp/jalan/img/6/kuchikomi/5076/KXL/dccca_0005076857_1.JPG,https://www.jalan.net/kankou/spt_guide000000190526/,35.4427858,139.6499956
大塚・歳勝土遺跡,https://cdn.jalan.jp/jalan/img/8/kuchikomi/4808/KXL/181d8_0004808156_1.jpg,https://www.jalan.net/kankou/spt_14118af2170019027/,35.550691,139.580737
ぷかりさん橋,https://cdn.jalan.jp/jalan/img/5/kuchikomi/3685/KXL/73c1e_0003685017_2.JPG,https://www.jalan.net/kankou/spt_guide000000151358/,35.4582835,139.6383966
神奈川県立境川遊水地公園,https://cdn.jalan.jp/jalan/img/0/kuchikomi/4270/KXL/4cd3f_0004270692_5.JPG,https://www.jalan.net/kankou/spt_guide000000191151/,35.3908029,139.4819375
野毛山公園の桜,https://cdn.jalan.jp/jalan/img/8/kuchikomi/4818/KXL/bf5db_0004818565_2.jpeg,https://www.jalan.net/kankou/spt_14103ac2100126835/,35.4448099,139.6220308
京急金沢八景駅,https://cdn.jalan.jp/jalan/img/6/kuchikomi/4796/KXL/e449d_0004796742_1.JPG,https://www.jalan.net/kankou/spt_guide000000190538/,35.3314185,139.6202096
横浜海岸教会,https://cdn.jalan.jp/jalan/img/9/kuchikomi/5019/KXL/b472f_0005019684_1.jpeg,https://www.jalan.net/kankou/spt_14104ae2180146702/,35.4469435,139.6438556
ヴィレッジヴァンガード横浜店,https://cdn.jalan.jp/jalan/img/2/kuchikomi/4312/KXL/4a982_0004312229_1.JPG,https://www.jalan.net/kankou/spt_guide000000171837/,35.4535653,139.6390518
ハイカラ横丁,https://cdn.jalan.jp/jalan/img/2/kuchikomi/4202/KXL/405e4_0004202159_1.jpg,https://www.jalan.net/kankou/spt_guide000000171832/,35.4539432,139.6392313
山手２３４番館,https://cdn.jalan.jp/jalan/img/9/kuchikomi/1449/KXL/46f2a_0001449871_1.jpg,https://www.jalan.net/kankou/spt_14104ae2180146735/,35.437678,139.6521194
相模鉄道,https://cdn.jalan.jp/jalan/img/4/kuchikomi/3584/KXL/cd198_0003584045_1.JPG,https://www.jalan.net/kankou/spt_guide000000185992/,35.4647449,139.6206227
元町公園,https://cdn.jalan.jp/jalan/img/8/kuchikomi/3208/KXL/38c44_0003208366_1.JPG,https://www.jalan.net/kankou/spt_14104ah3330041166/,35.4381451,139.6513269
洪福寺,https://cdn.jalan.jp/jalan/img/2/kuchikomi/4672/KXL/453b7_0004672186_1.JPG,https://www.jalan.net/kankou/spt_guide000000197454/,35.4563162,139.606543
馬の博物館（根岸競馬記念公苑）,https://cdn.jalan.jp/jalan/img/6/kuchikomi/1366/KXL/6511b_0001366675_2.JPG,https://www.jalan.net/kankou/spt_14104cc3290032189/,35.4226718,139.6395976
三溪園の梅,https://cdn.jalan.jp/jalan/img/7/kuchikomi/1437/KXL/758e3_0001437011_1.jpg,https://www.jalan.net/kankou/spt_14104ac2100008711/,35.4170511,139.6588267
横浜外国人墓地資料館,https://cdn.jalan.jp/jalan/img/4/kuchikomi/4054/KXL/3ed8e_0004054957_1.JPG,https://www.jalan.net/kankou/spt_14104cc3290031186/,35.43952745,139.6523857
野島公園,https://cdn.jalan.jp/jalan/img/8/kuchikomi/1368/KXL/a9c8b_0001368255_1.JPG,https://www.jalan.net/kankou/spt_14108ah3330041168/,35.327395,139.6350801
コーセー新横浜スケートセンター,https://cdn.jalan.jp/jalan/img/6/kuchikomi/3216/KXL/82577_0003216161_1.JPG,https://www.jalan.net/kankou/spt_14109ca3480146805/,35.507758,139.6125242
横浜市歴史博物館,https://cdn.jalan.jp/jalan/img/0/kuchikomi/3920/KXL/40ec3_0003920800_1.jpg,https://www.jalan.net/kankou/spt_14118cc3290032546/,35.550169,139.578154
洪福寺松原商店街,https://cdn.jalan.jp/jalan/img/7/kuchikomi/3767/KXL/e791f_0003767857_1.JPG,https://www.jalan.net/kankou/spt_guide000000191970/,35.4575403,139.6053334
岩崎ミュージアム,https://cdn.jalan.jp/jalan/img/4/kuchikomi/4254/KXL/5c562_0004254002_1.jpg,https://www.jalan.net/kankou/spt_14104cc3290031860/,35.439386,139.653491
鶴見つばさ橋,https://cdn.jalan.jp/jalan/img/8/kuchikomi/0018/KXL/debf6_0000018396.jpg,https://www.jalan.net/kankou/spt_14101ae2190022996/,35.4723469,139.6997821
横浜税関資料展示室「クイーンのひろば」,https://cdn.jalan.jp/jalan/img/8/kuchikomi/5168/KXL/c9a17_0005168690_3.jpg,https://www.jalan.net/kankou/spt_14104cc3290030914/,35.4491871,139.6425599
森永製菓（株）鶴見工場【休止中】,https://cdn.jalan.jp/jalan/img/0/kuchikomi/3670/KXL/44b05_0003670587_1.jpg,https://www.jalan.net/kankou/spt_14101cc3340045451/,35.518252,139.674412
横浜情報文化センター（旧横浜商工奨励館）,https://cdn.jalan.jp/jalan/img/0/kuchikomi/5070/KXL/f3577_0005070714_1.JPG,https://www.jalan.net/kankou/spt_14104ae2180146710/,35.4463889,139.6428389
バーニーズ　ニューヨーク横浜店,https://cdn.jalan.jp/jalan/img/3/kuchikomi/3793/KXL/f9075_0003793113_1.JPG,https://www.jalan.net/kankou/spt_guide000000176083/,35.44319,139.65082
あかいくつ,https://cdn.jalan.jp/jalan/img/3/kuchikomi/4113/KXL/79bf7_0004113989_1.JPG,https://www.jalan.net/kankou/spt_guide000000192727/,35.4515453,139.6314557
放送ライブラリー,https://cdn.jalan.jp/jalan/img/2/kuchikomi/2622/KXL/a3c5d_0002622848_4.JPG,https://www.jalan.net/kankou/spt_guide000000150906/,35.4462658,139.6428529
山手公園,https://cdn.jalan.jp/jalan/img/4/kuchikomi/1884/KXL/42237_0001884062_1.jpg,https://www.jalan.net/kankou/spt_14104ah3330041169/,35.4348967,139.6484286
カトリック山手教会聖堂,https://cdn.jalan.jp/jalan/img/5/kuchikomi/4055/KXL/c5542_0004055042_1.JPG,https://www.jalan.net/kankou/spt_14104ag2130013580/,35.436427,139.647235
大倉山公園,https://cdn.jalan.jp/jalan/img/9/kuchikomi/2869/KXL/a5217_0002869489_1.JPG,https://www.jalan.net/kankou/spt_14109ah3330043789/,35.5261619,139.6273319
横浜税関本関庁舎,https://cdn.jalan.jp/jalan/img/9/kuchikomi/3789/KXL/4969f_0003789875_1.jpg,https://www.jalan.net/kankou/spt_14104ae2180146713/,35.4491886,139.6425578
ベストウェスタン横浜,https://www.jalan.net/jalan/img/4/spot/0184/KXL/guide000000184323_1.jpg,https://www.jalan.net/kankou/spt_guide000000184323/,35.508163,139.6796411
横浜市電保存館,https://cdn.jalan.jp/jalan/img/8/kuchikomi/3568/KXL/4b6c6_0003568020_1.jpg,https://www.jalan.net/kankou/spt_14107cc3290032162/,35.420419,139.6247536
本牧市民公園,https://cdn.jalan.jp/jalan/img/9/kuchikomi/0589/KXL/1d8c9_0000589535_1.jpg,https://www.jalan.net/kankou/spt_14104ah3330044282/,35.4140109,139.658856
山手１１１番館（旧ラフィン邸）,https://cdn.jalan.jp/jalan/img/9/kuchikomi/0589/KXL/18c13_0000589425_1.JPG,https://www.jalan.net/kankou/spt_14104ae2180146725/,35.4387616,139.6547773
Yokohama　Very　Berry,https://www.jalan.net/jalan/img/7/spot/0207/KXL/guide000000207645_5.jpg,https://www.jalan.net/kankou/spt_guide000000207645/,35.4184619,139.5057706
フクロウに会える店ふわふわ,https://cdn.jalan.jp/jalan/img/9/kuchikomi/4799/KXL/90db4_0004799499_1.jpeg,https://www.jalan.net/kankou/spt_guide000000188580/,35.552831,139.541044
横浜港シンボルタワー,https://cdn.jalan.jp/jalan/img/5/kuchikomi/0715/KXL/e05b1_0000715916_2.jpg,https://www.jalan.net/kankou/spt_14100ad3350046190/,35.4389973,139.6896205
山手イタリア山庭園,https://cdn.jalan.jp/jalan/img/6/kuchikomi/1466/KXL/9e92b_0001466058_1.jpg,https://www.jalan.net/kankou/spt_14104ah2140016476/,35.4366667,139.6433333
アトリエ　エン,https://www.jalan.net/jalan/img/7/spot/0197/KXL/guide000000197897_1.jpg,https://www.jalan.net/kankou/spt_guide000000197897/,35.5798901,139.5527027
桜木町駅観光案内所,https://cdn.jalan.jp/jalan/img/5/kuchikomi/3795/KXL/33027_0003795184_1.JPG,https://www.jalan.net/kankou/spt_14100aa1030000879/,35.4505712,139.6312855
横浜地方・簡易裁判所（旧横浜地方裁判所）,https://cdn.jalan.jp/jalan/img/2/kuchikomi/4332/KXL/84d0b_0004332527_1.JPG,https://www.jalan.net/kankou/spt_14104ae2180146711/,35.446567,139.6416789
TSUTAYA 横浜みなとみらい店,https://cdn.jalan.jp/jalan/img/0/kuchikomi/3920/KXL/a315a_0003920343_1.jpg,https://www.jalan.net/kankou/spt_guide000000191002/,35.4590047,139.6304034
釣り船　荒川屋,https://www.jalan.net/jalan/img/3/spot/0183/KXL/guide000000183271_13.jpg,https://www.jalan.net/kankou/spt_guide000000183271/,35.332392,139.623725
ボルダリングジムビッグロック京急鶴見店,https://www.jalan.net/jalan/img/3/spot/0193/KXL/guide000000193853_1.jpg,https://www.jalan.net/kankou/spt_guide000000193853/,35.5082343,139.6790149
岡村公園,https://cdn.jalan.jp/jalan/img/3/kuchikomi/3903/KXL/8fb90_0003903988_1.jpeg,https://www.jalan.net/kankou/spt_14107ah3330041167/,35.4147817,139.6134496
横浜ベイシェラトン ホテル＆タワーズ,https://www.jalan.net/jalan/img/4/spot/0204/KXL/guide000000204855_11.jpg,https://www.jalan.net/kankou/spt_guide000000204855/,35.4667494,139.6202012
神奈川県立歴史博物館（旧横浜正金銀行本店本館）,https://cdn.jalan.jp/jalan/img/5/kuchikomi/1215/KXL/a9a3b_0001215492_1.jpg,https://www.jalan.net/kankou/spt_14104ae2180022232/,35.4491011,139.6366414
東急東横線・目黒線日吉駅,https://cdn.jalan.jp/jalan/img/8/kuchikomi/5018/KXL/a4419_0005018064_1.JPG,https://www.jalan.net/kankou/spt_guide000000201661/,35.553449,139.6470623
ミハマ商会　元町本店,https://cdn.jalan.jp/jalan/img/9/kuchikomi/4579/KXL/66d1b_0004579471_1.JPG,https://www.jalan.net/kankou/spt_guide000000168092/,35.440941,139.649194
ハードロックカフェ横浜,https://cdn.jalan.jp/jalan/img/0/kuchikomi/1380/KXL/5cfe7_0001380710_1.jpg,https://www.jalan.net/kankou/spt_guide000000167104/,35.4557834,139.6330448
横浜国際プール,https://cdn.jalan.jp/jalan/img/0/kuchikomi/0020/KXL/f8b67_0000020241.jpg,https://www.jalan.net/kankou/spt_14100cc3360116476/,35.5641518,139.5944061
横浜市大倉山記念館（旧大倉精神文化研究所本館）,https://cdn.jalan.jp/jalan/img/1/kuchikomi/1491/KXL/e25bb_0001491745_1.JPG,https://www.jalan.net/kankou/spt_14109ae2180146698/,35.5246262,139.6281312
東急田園都市線たまプラーザ駅,https://cdn.jalan.jp/jalan/img/5/kuchikomi/4915/KXL/1637a_0004915077_3.JPG,https://www.jalan.net/kankou/spt_guide000000201657/,35.5774058,139.5585278
ドックヤードガーデン（旧横浜船渠第２号ドック）,https://cdn.jalan.jp/jalan/img/0/kuchikomi/1380/KXL/5473d_0001380095_1.jpg,https://www.jalan.net/kankou/spt_14103ae2180146737/,35.4549704,139.6321613
ブラフ18番館,https://cdn.jalan.jp/jalan/img/6/kuchikomi/4716/KXL/74c3b_0004716771_5.jpeg,https://www.jalan.net/kankou/spt_14100ae2180022298/,35.4368183,139.6439552
万騎が原ちびっこ動物園,https://cdn.jalan.jp/jalan/img/9/kuchikomi/0029/KXL/959d8_0000029710.JPG,https://www.jalan.net/kankou/spt_14112cc3310040448/,35.4497281,139.5349133
生麦魚河岸,https://cdn.jalan.jp/jalan/img/6/kuchikomi/0646/KXL/00d49_0000646213_2.JPG,https://www.jalan.net/kankou/spt_14101ai2240036307/,35.4988475,139.6753456
ラッシュ,https://cdn.jalan.jp/jalan/img/3/kuchikomi/3873/KXL/b7612_0003873957_1.JPG,https://www.jalan.net/kankou/spt_guide000000176135/,35.4651747,139.6204289
日本新聞博物館（ニュースパーク）,https://cdn.jalan.jp/jalan/img/5/kuchikomi/3215/KXL/fbf24_0003215176_1.JPG,https://www.jalan.net/kankou/spt_14104cc3290146759/,35.4462484,139.6428177
源豊行本店,https://cdn.jalan.jp/jalan/img/5/kuchikomi/4025/KXL/3f439_0004025111_1.jpg,https://www.jalan.net/kankou/spt_guide000000114013/,35.4441717,139.6460597
県立神奈川近代文学館,https://cdn.jalan.jp/jalan/img/9/kuchikomi/0019/KXL/d691e_0000019287.jpg,https://www.jalan.net/kankou/spt_14104cc3290033151/,35.4387147,139.6560453
ビックカメラ横浜西口店,https://cdn.jalan.jp/jalan/img/8/kuchikomi/3968/KXL/8267e_0003968966_1.jpg,https://www.jalan.net/kankou/spt_guide000000189374/,35.4643525,139.6189264
シルク博物館,https://cdn.jalan.jp/jalan/img/4/kuchikomi/4754/KXL/022a7_0004754330_1.jpg,https://www.jalan.net/kankou/spt_14104cc3290030148/,35.44718,139.6451576
相模鉄道天王町駅,https://cdn.jalan.jp/jalan/img/4/kuchikomi/3584/KXL/f5fec_0003584183_1.JPG,https://www.jalan.net/kankou/spt_guide000000189986/,35.4539501,139.6028158
京浜急行電鉄横浜駅,https://cdn.jalan.jp/jalan/img/4/kuchikomi/3624/KXL/97ed4_0003624027_1.JPG,https://www.jalan.net/kankou/spt_guide000000190575/,35.4659811,139.622062
称名寺庭園,https://cdn.jalan.jp/jalan/img/0/kuchikomi/0090/KXL/19839_0000090354.JPG,https://www.jalan.net/kankou/spt_14108ah2140016387/,35.3441917,139.6304083
横浜都市発展記念館,https://cdn.jalan.jp/jalan/img/0/kuchikomi/4110/KXL/d7e81_0004110422_1.JPG,https://www.jalan.net/kankou/spt_14104ae3292013837/,35.4462326,139.6428927
柏尾川堤の桜,https://cdn.jalan.jp/jalan/img/3/kuchikomi/4023/KXL/d9fc2_0004023297_1.JPG,https://www.jalan.net/kankou/spt_14110ac2100116461/,35.3995558,139.5342945
フクゾー洋品店,https://cdn.jalan.jp/jalan/img/9/kuchikomi/4579/KXL/cd888_0004579473_1.JPG,https://www.jalan.net/kankou/spt_guide000000167686/,35.440135,139.6481385
横浜スカイクルーズ,https://cdn.jalan.jp/jalan/img/9/kuchikomi/3089/KXL/d7ddf_0003089767_3.JPG,https://www.jalan.net/kankou/spt_guide000000183500/,35.4629231,139.6371894
サウスウッド,https://cdn.jalan.jp/jalan/img/4/kuchikomi/5154/KXL/ff0e1_0005154314_1.jpg,https://www.jalan.net/kankou/spt_guide000000191264/,35.54398435,139.5744125
タカラダ,https://cdn.jalan.jp/jalan/img/9/kuchikomi/4609/KXL/a953b_0004609539_1.jpg,https://www.jalan.net/kankou/spt_guide000000167685/,35.4404324,139.6480154
金沢自然公園,https://cdn.jalan.jp/jalan/img/8/kuchikomi/3608/KXL/62afc_0003608791_1.JPG,https://www.jalan.net/kankou/spt_14108ah3332045892/,35.3503609,139.5996551
青木悦子エステルフラワーデザインスタジオ,https://www.jalan.net/jalan/img/2/spot/0182/KXL/guide000000182930_5.jpg,https://www.jalan.net/kankou/spt_guide000000182930/,35.4420216,139.635251
大佛次郎記念館,https://cdn.jalan.jp/jalan/img/6/kuchikomi/0006/KXL/a2f2c_0000006388.jpg,https://www.jalan.net/kankou/spt_14104cc3290030151/,35.439319,139.655255
おかしのまちおか　伊勢佐木町店,https://cdn.jalan.jp/jalan/img/3/kuchikomi/4813/KXL/bfbd7_0004813360_1.JPG,https://www.jalan.net/kankou/spt_guide000000190501/,35.444962,139.63326
ナビオス横浜,https://www.jalan.net/jalan/img/0/spot/0190/KXL/guide000000190043_1.jpg,https://www.jalan.net/kankou/spt_guide000000190043/,35.4527031,139.6391161
綜通横浜ビル［旧本町旭ビル］,https://cdn.jalan.jp/jalan/img/5/kuchikomi/4255/KXL/f241c_0004255225_1.JPG,https://www.jalan.net/kankou/spt_14104ae2180146707/,35.44785785,139.6413178
横浜銀行アイスアリーナ,https://cdn.jalan.jp/jalan/img/3/kuchikomi/3493/KXL/9e1f9_0003493193_1.jpg,https://www.jalan.net/kankou/spt_guide000000187056/,35.476034,139.6300295
横濱００１ヨコハマグッズショップ,https://cdn.jalan.jp/jalan/img/1/kuchikomi/4311/KXL/c13d0_0004311076_1.JPG,https://www.jalan.net/kankou/spt_guide000000151322/,35.4654498,139.6205401
徳江いちご農園,https://www.jalan.net/jalan/img/2/spot/0202/KXL/guide000000202348_2.jpg,https://www.jalan.net/kankou/spt_guide000000202348/,35.5385647,139.5411193
横浜山手・テニス発祥記念館,https://cdn.jalan.jp/jalan/img/5/kuchikomi/4055/KXL/09a3e_0004055015_1.JPG,https://www.jalan.net/kankou/spt_14104cc3290146756/,35.434909,139.64835
新横浜駅観光案内所,https://cdn.jalan.jp/jalan/img/0/kuchikomi/4690/KXL/beb4b_0004690283_1.jpeg,https://www.jalan.net/kankou/spt_14100aa1030001531/,35.5076056,139.6172469
impera accessory,https://www.jalan.net/jalan/img/0/spot/0190/KXL/guide000000190802_1.jpg,https://www.jalan.net/kankou/spt_guide000000190802/,35.4884993,139.6265384
エレガントガラスワーク元町,https://www.jalan.net/jalan/img/2/spot/0182/KXL/guide000000182863_1.jpg,https://www.jalan.net/kankou/spt_guide000000182863/,35.439778,139.646728
日本大通り駅,https://cdn.jalan.jp/jalan/img/6/kuchikomi/4856/KXL/9198c_0004856442_1.jpeg,https://www.jalan.net/kankou/spt_guide000000190527/,35.44645645,139.6423062
神奈川県立金沢文庫,https://cdn.jalan.jp/jalan/img/3/kuchikomi/5013/KXL/b63b3_0005013823_1.jpg,https://www.jalan.net/kankou/spt_14108cc3300033416/,35.343905,139.628711
Sport Intelligence,https://www.jalan.net/jalan/img/1/spot/0201/KXL/guide000000201280_1.jpg,https://www.jalan.net/kankou/spt_guide000000201280/,40.7999123,-73.9638922
長津田駅,https://cdn.jalan.jp/jalan/img/4/kuchikomi/3584/KXL/c7492_0003584724_1.JPG,https://www.jalan.net/kankou/spt_guide000000187107/,35.5319546,139.4943049
ダイエー横浜西口店,https://cdn.jalan.jp/jalan/img/7/kuchikomi/4717/KXL/7dfd2_0004717059_1.jpg,https://www.jalan.net/kankou/spt_guide000000193242/,35.4644488,139.6174865
揚州飯店　本店,https://www.jalan.net/jalan/img/6/spot/0186/KXL/guide000000186548_1.jpg,https://www.jalan.net/kankou/spt_guide000000186548/,35.4435549,139.6463099
クルージングBAR横浜パラダイス,https://www.jalan.net/jalan/img/1/spot/0181/KXL/guide000000181145_1.jpg,https://www.jalan.net/kankou/spt_guide000000181145/,35.458369,139.638461
スノーヴァ新横浜,https://cdn.jalan.jp/jalan/img/4/kuchikomi/5144/KXL/e2765_0005144611_2.jpeg,https://www.jalan.net/kankou/spt_guide000000187937/,35.524599,139.658827
横浜開港資料館旧館［旧横浜英国総領事館］,https://cdn.jalan.jp/jalan/img/9/kuchikomi/3669/KXL/2710c_0003669022_1.JPG,https://www.jalan.net/kankou/spt_14104ae2180146715/,35.447663,139.643911
三殿台遺跡,https://cdn.jalan.jp/jalan/img/0/kuchikomi/3860/KXL/4d43b_0003860911_1.jpeg,https://www.jalan.net/kankou/spt_14107af2170020858/,35.4205556,139.6108664
横浜市八聖殿郷土資料館,https://cdn.jalan.jp/jalan/img/1/kuchikomi/3861/KXL/a2732_0003861630_1.jpeg,https://www.jalan.net/kankou/spt_14104cc3290032545/,35.4151164,139.6649785
神奈川芸術劇場,https://cdn.jalan.jp/jalan/img/0/kuchikomi/4310/KXL/8b160_0004310547_1.JPG,https://www.jalan.net/kankou/spt_guide000000190025/,35.4454203,139.6456872
水上バス,https://cdn.jalan.jp/jalan/img/8/kuchikomi/0888/KXL/24fd5_0000888781_1.jpg,https://www.jalan.net/kankou/spt_14100ee4612019189/,35.4535941,139.6380081
金沢山称名寺,https://cdn.jalan.jp/jalan/img/7/kuchikomi/1237/KXL/e5201_0001237655_1.jpg,https://www.jalan.net/kankou/spt_14108ag2130009742/,35.3441917,139.6304083
ハードロックカフェ横浜ショップ,https://cdn.jalan.jp/jalan/img/2/kuchikomi/3782/KXL/bedde_0003782527_1.jpg,https://www.jalan.net/kankou/spt_guide000000167105/,35.4557834,139.6330448
セブンイレブン横浜中華街東門店,https://cdn.jalan.jp/jalan/img/4/kuchikomi/4054/KXL/4df44_0004054851_1.JPG,https://www.jalan.net/kankou/spt_guide000000190528/,35.4434598,139.6485857
glas hytta''nakaNo blow Way''（吹きガラス工房nakaNo）,https://www.jalan.net/jalan/img/3/spot/0193/KXL/guide000000193280_1.jpg,https://www.jalan.net/kankou/spt_guide000000193280/,35.43154,139.615761
寺家ふるさと村,https://cdn.jalan.jp/jalan/img/7/kuchikomi/0007/KXL/623e0_0000007442.jpg,https://www.jalan.net/kankou/spt_14117ca3280124425/,35.56724,139.5006371
崎陽軒 横浜工場,https://cdn.jalan.jp/jalan/img/0/kuchikomi/4330/KXL/8eeef_0004330050_1.jpg,https://www.jalan.net/kankou/spt_guide000000191240/,35.517668,139.594206
妙法寺,https://cdn.jalan.jp/jalan/img/0/kuchikomi/3880/KXL/6d281_0003880936_1.JPG,https://www.jalan.net/kankou/spt_14107ag2130014978/,35.4295699,139.540238
KKRポートヒル横浜　山手ローズテラス,https://www.jalan.net/jalan/img/1/spot/0201/KXL/guide000000201311_5.jpg,https://www.jalan.net/kankou/spt_guide000000201311/,35.4404304,139.654108
ホテル　メルパルク横浜,https://www.jalan.net/jalan/img/1/spot/0201/KXL/guide000000201236_1.jpg,https://www.jalan.net/kankou/spt_guide000000201236/,35.4435151,139.6515555
生麦事件碑,https://cdn.jalan.jp/jalan/img/2/kuchikomi/4192/KXL/65930_0004192185_2.JPG,https://www.jalan.net/kankou/spt_14101aj2200024337/,35.4912122,139.6638411
野島公園展望台,https://cdn.jalan.jp/jalan/img/8/kuchikomi/4858/KXL/95ed0_0004858718_5.JPG,https://www.jalan.net/kankou/spt_14108ad3350046602/,35.327179,139.635736
横浜市営地下鉄あざみ野駅,https://cdn.jalan.jp/jalan/img/1/kuchikomi/5181/KXL/e2c4a_0005181037_2.JPG,https://www.jalan.net/kankou/spt_guide000000201658/,35.5685796,139.5534552
三溪園の花,https://cdn.jalan.jp/jalan/img/8/kuchikomi/0458/KXL/2de4f_0000458029_1.JPG,https://www.jalan.net/kankou/spt_14104ac2100008686/,35.4170511,139.6588267
横浜市営地下鉄センター北駅,https://cdn.jalan.jp/jalan/img/1/kuchikomi/5181/KXL/11278_0005181024_4.JPG,https://www.jalan.net/kankou/spt_guide000000201659/,35.553138,139.578482
天授院（三渓園）,https://cdn.jalan.jp/jalan/img/7/kuchikomi/5237/KXL/6914e_0005237318_1.jpeg,https://www.jalan.net/kankou/spt_guide000000196857/,35.417552,139.657255
白雲邸（三渓園）,https://cdn.jalan.jp/jalan/img/1/kuchikomi/4671/KXL/511a3_0004671121_1.JPG,https://www.jalan.net/kankou/spt_guide000000196852/,35.4174737,139.658335
横浜市営地下鉄日吉駅,https://cdn.jalan.jp/jalan/img/7/kuchikomi/5157/KXL/ec5d4_0005157160_1.jpg,https://www.jalan.net/kankou/spt_guide000000201660/,35.5532868,139.6468632
JR根岸駅,https://cdn.jalan.jp/jalan/img/4/kuchikomi/4304/KXL/4334f_0004304638_1.jpg,https://www.jalan.net/kankou/spt_guide000000197393/,35.4157101,139.6352043
横浜港内遊覧船,https://cdn.jalan.jp/jalan/img/1/kuchikomi/1081/KXL/8224c_0001081228_1.jpg,https://www.jalan.net/kankou/spt_14100ee4610142037/,35.4487819,139.6440203
青葉台駅,https://cdn.jalan.jp/jalan/img/0/kuchikomi/4430/KXL/94f8a_0004430464_1.JPG,https://www.jalan.net/kankou/spt_guide000000187309/,35.5432506,139.5172181
臨春閣（三渓園）,https://cdn.jalan.jp/jalan/img/1/kuchikomi/4161/KXL/cd46b_0004161657_2.jpeg,https://www.jalan.net/kankou/spt_guide000000196850/,35.4171456,139.6581288
東急田園都市線あざみ野駅,https://cdn.jalan.jp/jalan/img/5/kuchikomi/4985/KXL/9b314_0004985811_1.jpeg,https://www.jalan.net/kankou/spt_guide000000201582/,35.5685796,139.5534552
上海横浜友好園,https://cdn.jalan.jp/jalan/img/2/kuchikomi/0012/KXL/ba97e_0000012866.jpg,https://www.jalan.net/kankou/spt_14104ah2140016191/,35.4149614,139.6579435
ブリキのおもちゃ博物館,https://cdn.jalan.jp/jalan/img/6/kuchikomi/1456/KXL/14934_0001456624_1.jpg,https://www.jalan.net/kankou/spt_14104cc3290033095/,35.4376862,139.6530616
横浜山手聖公会,https://cdn.jalan.jp/jalan/img/5/kuchikomi/0535/KXL/aab87_0000535589_3.jpg,https://www.jalan.net/kankou/spt_14104ae2180146703/,35.4380585,139.6524249
山手資料館,https://cdn.jalan.jp/jalan/img/5/kuchikomi/3215/KXL/1e63f_0003215105_1.JPG,https://www.jalan.net/kankou/spt_14104cc3290032547/,35.4383985,139.6526522
日米和親条約締結の碑,https://cdn.jalan.jp/jalan/img/3/kuchikomi/3873/KXL/3031b_0003873832_1.JPG,https://www.jalan.net/kankou/spt_14104aj2200026075/,35.4474918,139.6443722
横浜ユーラシア文化館,https://cdn.jalan.jp/jalan/img/0/kuchikomi/4110/KXL/a5cd6_0004110402_1.JPG,https://www.jalan.net/kankou/spt_14104ae3292013838/,35.4462714,139.6432557
三溪園のツツジ,https://cdn.jalan.jp/jalan/img/6/kuchikomi/3836/KXL/45062_0003836804_1.jpg,https://www.jalan.net/kankou/spt_14104ac2100008305/,35.4170511,139.6588267
メーカーズシャツ鎌倉,https://www.jalan.net/jalan/img/8/spot/0168/KXL/guide000000168411_1.jpg,https://www.jalan.net/kankou/spt_guide000000168411/,35.4663933,139.6214337
京浜急行電鉄生麦駅,https://cdn.jalan.jp/jalan/img/4/kuchikomi/4124/KXL/56e70_0004124482_1.JPG,https://www.jalan.net/kankou/spt_guide000000190574/,35.4952998,139.6669501
ザ　ベイスターズ,https://www.jalan.net/jalan/img/4/spot/0164/KXL/guide000000164282_1.jpg,https://www.jalan.net/kankou/spt_guide000000164282/,35.4434518,139.6400593
スポーツオーソリティ・ＭＡＲＫ ＩＳみなとみらい店,https://cdn.jalan.jp/jalan/img/5/kuchikomi/2045/KXL/b8132_0002045937_2.JPG,https://www.jalan.net/kankou/spt_guide000000185793/,35.4582746,139.6313161
デリカ ステーション 新横浜駅　新幹線のりば（東口）・東乗換口改札内コンコース店,https://cdn.jalan.jp/jalan/img/0/kuchikomi/4690/KXL/6f364_0004690207_1.jpeg,https://www.jalan.net/kankou/spt_guide000000195618/,35.5069031,139.6170466
東急東横線反町駅,https://cdn.jalan.jp/jalan/img/8/kuchikomi/5018/KXL/b134e_0005018053_1.jpg,https://www.jalan.net/kankou/spt_guide000000190640/,35.4746702,139.6252473
アイスクリーム発祥の地,https://cdn.jalan.jp/jalan/img/1/kuchikomi/1491/KXL/39442_0001491028_2.jpg,https://www.jalan.net/kankou/spt_14104aj2200024990/,35.4525337,139.6425952
トリコロールワン スタジアムショップ,https://cdn.jalan.jp/jalan/img/2/kuchikomi/4772/KXL/9119d_0004772342_1.JPG,https://www.jalan.net/kankou/spt_guide000000167166/,35.5105556,139.6072222
山手公園管理事務所（旧山手６８番館）,https://cdn.jalan.jp/jalan/img/7/kuchikomi/4777/KXL/03c70_0004777006_1.JPG,https://www.jalan.net/kankou/spt_14104ae2180146736/,35.4346046,139.6490155
本覚寺,https://cdn.jalan.jp/jalan/img/5/kuchikomi/0005/KXL/9a584_0000005292.jpg,https://www.jalan.net/kankou/spt_14102ag2130009743/,35.4720479,139.6267603
朝夷奈切通し,https://cdn.jalan.jp/jalan/img/8/kuchikomi/3498/KXL/ce38e_0003498862_1.jpg,https://www.jalan.net/kankou/spt_14108aj2200023494/,35.3276733,139.5922825
横浜 屋形船 濱進,https://www.jalan.net/jalan/img/6/spot/0186/KXL/guide000000186365_25.jpg,https://www.jalan.net/kankou/spt_guide000000186365/,35.4604669,139.6362829
旧富士銀行横浜支店［旧安田銀行横浜支店］,https://cdn.jalan.jp/jalan/img/2/kuchikomi/0692/KXL/13e7d_0000692557_2.JPG,https://www.jalan.net/kankou/spt_14104ae2180146720/,35.4493682,139.6372587
コリア庭園,https://cdn.jalan.jp/jalan/img/3/kuchikomi/4723/KXL/6a553_0004723349_1.jpeg,https://www.jalan.net/kankou/spt_14101ah2140016386/,35.5226993,139.6623307
横浜マリンロケット,https://www.jalan.net/jalan/img/7/spot/0187/KXL/guide000000187523_26.jpg,https://www.jalan.net/kankou/spt_guide000000187523/,35.4691763,139.622876
アートクリスタル横浜,https://www.jalan.net/jalan/img/1/spot/0181/KXL/guide000000181477_1.jpg,https://www.jalan.net/kankou/spt_guide000000181477/,35.462873,139.6219796
三溪記念館,https://cdn.jalan.jp/jalan/img/3/kuchikomi/4203/KXL/5e925_0004203264_1.JPG,https://www.jalan.net/kankou/spt_14104cc3290032000/,35.417089,139.6588247
みその公園「横溝屋敷」,https://cdn.jalan.jp/jalan/img/0/kuchikomi/1370/KXL/b7365_0001370551_1.jpg,https://www.jalan.net/kankou/spt_14101ae2180022233/,35.5218048,139.6427917
アボカドキッチン,https://www.jalan.net/jalan/img/6/spot/0176/KXL/guide000000176139_1.jpg,https://www.jalan.net/kankou/spt_guide000000176139/,35.466289,139.627377
シクロポリタンジャパン,https://cdn.jalan.jp/jalan/img/0/kuchikomi/3800/KXL/4c753_0003800386_1.jpg,https://www.jalan.net/kankou/spt_guide000000190880/,35.440519,139.640962
ビックカメラアウトレット横浜ビブレ店,https://cdn.jalan.jp/jalan/img/0/kuchikomi/3320/KXL/63381_0003320507_1.JPG,https://www.jalan.net/kankou/spt_guide000000189375/,35.4648658,139.6181778
岡田邸,https://cdn.jalan.jp/jalan/img/5/kuchikomi/4055/KXL/7739b_0004055108_1.JPG,https://www.jalan.net/kankou/spt_14104ae2180146734/,35.445544,139.639692
石橋邸,https://cdn.jalan.jp/jalan/img/4/kuchikomi/4054/KXL/f46c1_0004054904_1.JPG,https://www.jalan.net/kankou/spt_14104ae2180146727/,35.5291282,139.7001341
鶴翔閣〜旧原家住宅（三渓園）,https://cdn.jalan.jp/jalan/img/1/kuchikomi/4671/KXL/ce368_0004671088_1.JPG,https://www.jalan.net/kankou/spt_guide000000202292/,35.4180748,139.6591195
横浜ハーバリウム弐番店,https://www.jalan.net/jalan/img/5/spot/0205/KXL/guide000000205525_1.jpg,https://www.jalan.net/kankou/spt_guide000000205525/,35.3460226,139.6538778
横浜セグウェイツアー,https://www.jalan.net/jalan/img/4/spot/0204/KXL/guide000000204660_1.jpg,https://www.jalan.net/kankou/spt_guide000000204660/,35.4521279,139.6377778
タイ工房,https://www.jalan.net/jalan/img/2/spot/0182/KXL/guide000000182869_1.jpg,https://www.jalan.net/kankou/spt_guide000000182869/,35.3194615,139.5494413
Regina Yokohama　ハンドメイド体験教室,https://www.jalan.net/jalan/img/7/spot/0207/KXL/guide000000207689_3.jpg,https://www.jalan.net/kankou/spt_guide000000207689/,35.4642935,139.6197946
faro　terrace,https://www.jalan.net/jalan/img/0/spot/0180/KXL/guide000000180923_1.jpg,https://www.jalan.net/kankou/spt_guide000000180923/,35.468331,139.625606
Yokohama Sky Cruise,https://www.jalan.net/jalan/img/8/spot/0168/KXL/guide000000168201_2.jpg,https://www.jalan.net/kankou/spt_guide000000168201/,35.4629078,139.6371827
旧帷子橋跡,https://cdn.jalan.jp/jalan/img/2/kuchikomi/4152/KXL/b201f_0004152779_3.JPG,https://www.jalan.net/kankou/spt_guide000000191969/,35.4545547,139.6035959
品濃一里塚,https://cdn.jalan.jp/jalan/img/6/kuchikomi/4236/KXL/c1982_0004236146_1.JPG,https://www.jalan.net/kankou/spt_guide000000189983/,35.4325436,139.5643701
保土ヶ谷一里塚跡,https://cdn.jalan.jp/jalan/img/1/kuchikomi/3771/KXL/b54f3_0003771811_1.jpg,https://www.jalan.net/kankou/spt_guide000000189982/,35.4451131,139.5899762
横浜YSABEL　ポーセラーツ＆キャンドルサロン,https://www.jalan.net/jalan/img/1/spot/0181/KXL/guide000000181181_6.jpg,https://www.jalan.net/kankou/spt_guide000000181181/,35.452713,139.5951149
市場村一里塚,https://cdn.jalan.jp/jalan/img/1/kuchikomi/3771/KXL/8f0c6_0003771828_2.jpg,https://www.jalan.net/kankou/spt_guide000000189981/,35.5175399,139.6842526
プティアメリ,https://www.jalan.net/jalan/img/5/spot/0185/KXL/guide000000185139_1.jpg,https://www.jalan.net/kankou/spt_guide000000185139/,35.4790445,139.478102
かながわ浦島太郎PJ,https://www.jalan.net/jalan/img/0/spot/0180/KXL/guide000000180196_1.jpg,https://www.jalan.net/kankou/spt_guide000000180196/,35.4838135,139.6468455
九尾屋きものレンタル-KIMONO Rental-横浜中華街店,https://www.jalan.net/jalan/img/3/spot/0203/KXL/guide000000203760_1.jpg,https://www.jalan.net/kankou/spt_guide000000203760/,35.4423579,139.6462423
ふれーゆ,https://cdn.jalan.jp/jalan/img/0/kuchikomi/3890/KXL/e926f_0003890077_1.jpg,https://www.jalan.net/kankou/spt_guide000000191534/,35.4796609,139.6884551
横浜市三殿台考古館,https://cdn.jalan.jp/jalan/img/9/kuchikomi/3609/KXL/f7385_0003609297_1.JPG,https://www.jalan.net/kankou/spt_14107cc3290030912/,35.4211183,139.6107672
地蔵王廟,https://cdn.jalan.jp/jalan/img/8/kuchikomi/3668/KXL/3bba5_0003668990_1.JPG,https://www.jalan.net/kankou/spt_14104ag2130013975/,35.4282432,139.6365516
生香園本館,https://www.jalan.net/jalan/img/1/spot/0151/KXL/guide000000151307_1.jpg,https://www.jalan.net/kankou/spt_guide000000151307/,35.4478708,139.6358711
三ツ沢公園の桜,https://cdn.jalan.jp/jalan/img/8/kuchikomi/1388/KXL/c3b37_0001388304_2.jpg,https://www.jalan.net/kankou/spt_14103ac2100127874/,35.4707177,139.6032233
稲荷前古墳群,https://cdn.jalan.jp/jalan/img/1/kuchikomi/5131/KXL/f1216_0005131096_1.jpg,https://www.jalan.net/kankou/spt_14113af2170019523/,35.5597698,139.5317105
ＪＲ新子安駅,https://cdn.jalan.jp/jalan/img/4/kuchikomi/4124/KXL/095db_0004124526_1.JPG,https://www.jalan.net/kankou/spt_guide000000190572/,35.487084,139.6547846
綱島源泉　湯けむりの庄,https://cdn.jalan.jp/jalan/img/7/kuchikomi/4777/KXL/52087_0004777198_1.jpeg,https://www.jalan.net/kankou/spt_guide000000200946/,35.5305801,139.6451614
京急新子安駅,https://cdn.jalan.jp/jalan/img/4/kuchikomi/4124/KXL/0ceac_0004124500_1.JPG,https://www.jalan.net/kankou/spt_guide000000190573/,35.4870872,139.6554689
YOKOHAMA GLASS,https://www.jalan.net/jalan/img/6/spot/0176/KXL/guide000000176131_1.jpg,https://www.jalan.net/kankou/spt_guide000000176131/,35.4520947,139.6434846
損保ジャパン日本興亜馬車道ビル［旧川崎銀行横浜支店］,https://cdn.jalan.jp/jalan/img/9/kuchikomi/5069/KXL/3e1a9_0005069629_3.jpeg,https://www.jalan.net/kankou/spt_14104ae2180146699/,35.4486243,139.6363333
ローソン西横浜駅前店,https://cdn.jalan.jp/jalan/img/6/kuchikomi/5006/KXL/c6563_0005006841_1.JPG,https://www.jalan.net/kankou/spt_guide000000197114/,35.4530042,139.6089813
みなとみらい東急スクエア,https://cdn.jalan.jp/jalan/img/6/kuchikomi/4436/KXL/057d2_0004436730_3.JPG,https://www.jalan.net/kankou/spt_guide000000192527/,35.4563235,139.6328266
山手２１４番館（旧スウェーデン領事公邸）,https://cdn.jalan.jp/jalan/img/9/kuchikomi/3839/KXL/a6f7d_0003839912_1.jpg,https://www.jalan.net/kankou/spt_14104ae2180146724/,35.4356453,139.6411945
東急電鉄　大倉山駅,https://cdn.jalan.jp/jalan/img/8/kuchikomi/5068/KXL/7d4af_0005068735_1.jpg,https://www.jalan.net/kankou/spt_guide000000205222/,35.5218361,139.6298577
成田山横浜別院延命院野毛山不動尊,https://www.jalan.net/jalan/img/2/spot/0202/KXL/guide000000202256_1.jpg,https://www.jalan.net/kankou/spt_guide000000202256/,35.4491667,139.6275
巻き寿司教室ぐるり横浜元町スタジオ,https://www.jalan.net/jalan/img/1/spot/0181/KXL/guide000000181157_1.jpg,https://www.jalan.net/kankou/spt_guide000000181157/,35.4404205,139.6491627
反町浴場,https://cdn.jalan.jp/jalan/img/6/kuchikomi/4746/KXL/ccdb1_0004746610_2.jpg,https://www.jalan.net/kankou/spt_guide000000199083/,35.4742397,139.6249956
陶芸教室きらく,https://www.jalan.net/jalan/img/3/spot/0183/KXL/guide000000183080_1.jpg,https://www.jalan.net/kankou/spt_guide000000183080/,35.4513625,139.5925305
照宝,https://cdn.jalan.jp/jalan/img/5/kuchikomi/4025/KXL/3d1ec_0004025123_1.jpg,https://www.jalan.net/kankou/spt_guide000000171826/,35.4434566,139.6456448
みなとみらい線 新高島駅,https://cdn.jalan.jp/jalan/img/0/kuchikomi/4960/KXL/5d447_0004960426_1.jpg,https://www.jalan.net/kankou/spt_guide000000190718/,35.462038,139.626731
ＪＲ菊名駅,https://cdn.jalan.jp/jalan/img/8/kuchikomi/3618/KXL/c861c_0003618765_1.JPG,https://www.jalan.net/kankou/spt_guide000000190570/,35.5104958,139.6312856
おかしのまちおか　石川町店,https://cdn.jalan.jp/jalan/img/7/kuchikomi/5007/KXL/e883e_0005007153_1.jpeg,https://www.jalan.net/kankou/spt_guide000000190499/,35.4389394,139.6451515
鶴見神社,https://cdn.jalan.jp/jalan/img/3/kuchikomi/5043/KXL/67f61_0005043581_2.JPG,https://www.jalan.net/kankou/spt_guide000000189090/,35.5110174,139.6773712
東急電鉄こどもの国線 こどもの国駅,https://cdn.jalan.jp/jalan/img/3/kuchikomi/4963/KXL/948bc_0004963478_1.jpg,https://www.jalan.net/kankou/spt_guide000000197116/,35.558218,139.486656
関東学院中学校,https://cdn.jalan.jp/jalan/img/0/kuchikomi/3480/KXL/dfb10_0003480233_1.JPG,https://www.jalan.net/kankou/spt_14105ae2180146705/,35.4418589,139.6201542
岩田健夫邸,https://cdn.jalan.jp/jalan/img/8/kuchikomi/3668/KXL/2670e_0003668986_1.jpg,https://www.jalan.net/kankou/spt_14104ae2180146726/,35.4321113,139.6429874
月華殿（三渓園）,https://cdn.jalan.jp/jalan/img/1/kuchikomi/4671/KXL/06f81_0004671188_1.JPG,https://www.jalan.net/kankou/spt_guide000000196855/,35.4174347,139.6574528
ワールドカップスタジアムツアー,https://cdn.jalan.jp/jalan/img/4/kuchikomi/3274/KXL/35869_0003274976_1.jpg,https://www.jalan.net/kankou/spt_guide000000114028/,35.5099461,139.6063937
横浜第２合同庁舎［旧生糸検査所］,https://cdn.jalan.jp/jalan/img/0/kuchikomi/4010/KXL/4caa3_0004010570_1.JPG,https://www.jalan.net/kankou/spt_14104ae2180146704/,35.450755,139.6373202
(公社)神奈川県観光協会,https://cdn.jalan.jp/jalan/img/5/kuchikomi/3645/KXL/ef24b_0003645333_1.JPG,https://www.jalan.net/kankou/spt_14104aa1030001078/,35.447218,139.645125
旧東京三菱銀行横浜中央支店（旧第百銀行横浜支店）,https://cdn.jalan.jp/jalan/img/2/kuchikomi/3872/KXL/00567_0003872885_1.JPG,https://www.jalan.net/kankou/spt_14104ae2180146719/,35.4489975,139.6389465
リーフみなとみらい,https://cdn.jalan.jp/jalan/img/4/kuchikomi/4324/KXL/2dff8_0004324457_2.JPG,https://www.jalan.net/kankou/spt_guide000000191001/,35.4593238,139.6288759
東急東横線 菊名駅,https://cdn.jalan.jp/jalan/img/8/kuchikomi/3618/KXL/7d2f3_0003618801_1.JPG,https://www.jalan.net/kankou/spt_guide000000190553/,35.5104958,139.6312856
神奈川運上所跡,https://cdn.jalan.jp/jalan/img/2/kuchikomi/4332/KXL/12e8f_0004332558_2.JPG,https://www.jalan.net/kankou/spt_guide000000190026/,35.4470455,139.6425783
日本ガス事業発祥の地,https://cdn.jalan.jp/jalan/img/3/kuchikomi/4083/KXL/88676_0004083428_1.jpg,https://www.jalan.net/kankou/spt_14104aj2200026098/,35.4507971,139.6291192
シルバーオオノ,https://cdn.jalan.jp/jalan/img/1/kuchikomi/4701/KXL/5a8de_0004701638_1.JPG,https://www.jalan.net/kankou/spt_guide000000175046/,35.439967,139.647311
ハッシュパピー・スペシャルティストア横浜元町店,https://cdn.jalan.jp/jalan/img/9/kuchikomi/4579/KXL/1c8ec_0004579472_1.JPG,https://www.jalan.net/kankou/spt_guide000000167690/,35.440442,139.648875
h&H TRADING,https://cdn.jalan.jp/jalan/img/2/kuchikomi/3872/KXL/37b44_0003872698_1.JPG,https://www.jalan.net/kankou/spt_guide000000176140/,35.452713,139.5951149
横濱コレクターズモール,https://cdn.jalan.jp/jalan/img/5/kuchikomi/3875/KXL/8683a_0003875238_1.JPG,https://www.jalan.net/kankou/spt_guide000000176111/,35.4472802,139.6451295
ふくろうカフェ福来楼本牧店,https://www.jalan.net/jalan/img/3/spot/0183/KXL/guide000000183567_1.jpg,https://www.jalan.net/kankou/spt_guide000000183567/,35.4292763,139.662837
三溪園のフジ,https://cdn.jalan.jp/jalan/img/9/kuchikomi/0459/KXL/e4ab2_0000459410_1.jpg,https://www.jalan.net/kankou/spt_14104ac2100008257/,35.4170511,139.6588267
高島中央公園,https://cdn.jalan.jp/jalan/img/9/kuchikomi/4479/KXL/e6142_0004479931_1.jpg,https://www.jalan.net/kankou/spt_guide000000191000/,35.461998,139.6305013
横浜郵船ビル,https://cdn.jalan.jp/jalan/img/2/kuchikomi/4332/KXL/5f67d_0004332522_1.JPG,https://www.jalan.net/kankou/spt_14104ae2180146714/,35.4504365,139.639391
カトリック山手教会聖堂,https://cdn.jalan.jp/jalan/img/9/kuchikomi/3839/KXL/6848e_0003839745_1.jpg,https://www.jalan.net/kankou/spt_14104ae2180146701/,35.436427,139.647235
戸塚区民文化センターさくらプラザ,https://www.jalan.net/jalan/img/7/spot/0187/KXL/guide000000187956_1.jpg,https://www.jalan.net/kankou/spt_guide000000187956/,35.4000263,139.5335185
三井住友銀行横浜支店（旧三井銀行横浜支店）,https://cdn.jalan.jp/jalan/img/2/kuchikomi/4332/KXL/8c765_0004332474_1.JPG,https://www.jalan.net/kankou/spt_14104ae2180146717/,35.448,139.64012
開通合名会社の煉瓦遺構,https://cdn.jalan.jp/jalan/img/6/kuchikomi/4856/KXL/88567_0004856435_1.jpeg,https://www.jalan.net/kankou/spt_guide000000190027/,35.4477249,139.6416945
快活CLUB 新横浜店,https://www.jalan.net/jalan/img/6/spot/0196/KXL/guide000000196917_2.jpg,https://www.jalan.net/kankou/spt_guide000000196917/,35.5077425,139.6144883
大聖山真福寺和田不動尊,https://www.jalan.net/jalan/img/2/spot/0202/KXL/guide000000202257_1.jpg,https://www.jalan.net/kankou/spt_guide000000202257/,35.466922,139.588933
和の文化「遊山房」,https://www.jalan.net/jalan/img/8/spot/0188/KXL/guide000000188297_1.jpg,https://www.jalan.net/kankou/spt_guide000000188297/,35.5625067,139.5717532
スタジオアーツ,https://www.jalan.net/jalan/img/1/spot/0181/KXL/guide000000181870_1.jpg,https://www.jalan.net/kankou/spt_guide000000181870/,35.5396361,139.5165487
芝口果樹園,https://www.jalan.net/jalan/img/3/spot/0183/KXL/guide000000183272_2.jpg,https://www.jalan.net/kankou/spt_guide000000183272/,35.366724,139.500025
釣船進丸,https://www.jalan.net/jalan/img/8/spot/0188/KXL/guide000000188393_1.jpg,https://www.jalan.net/kankou/spt_guide000000188393/,35.3329229,139.6348656
Yokohama Red-Bear,https://www.jalan.net/jalan/img/4/spot/0204/KXL/guide000000204559_31.jpg,https://www.jalan.net/kankou/spt_guide000000204559/,35.4587507,139.6220091
staypure,https://www.jalan.net/jalan/img/6/spot/0206/KXL/guide000000206799_1.jpg,https://www.jalan.net/kankou/spt_guide000000206799/,35.5189324,139.5396742
hana　Collection,https://www.jalan.net/jalan/img/1/spot/0201/KXL/guide000000201909_1.jpg,https://www.jalan.net/kankou/spt_guide000000201909/,35.445717,139.6292282
レストラン　ビアポート,https://www.jalan.net/jalan/img/9/spot/0189/KXL/guide000000189724_3.jpg,https://www.jalan.net/kankou/spt_guide000000189724/,35.4893387,139.6627301
モーション・ブルー・ヨコハマ,https://www.jalan.net/jalan/img/4/spot/0184/KXL/guide000000184110_30.jpg,https://www.jalan.net/kankou/spt_guide000000184110/,35.452699,139.643331
JFlight,https://cdn.jalan.jp/jalan/img/8/kuchikomi/5078/KXL/49a25_0005078634_1.JPG,https://www.jalan.net/kankou/spt_guide000000188200/,35.4520759,139.6285864
フォレストアドベンチャー・よこはま,https://www.jalan.net/jalan/img/7/spot/0207/KXL/guide000000207451_4.jpg,https://www.jalan.net/kankou/spt_guide000000207451/,35.5014231,139.523272
Eternity Flora,https://www.jalan.net/jalan/img/4/spot/0204/KXL/guide000000204023_1.jpg,https://www.jalan.net/kankou/spt_guide000000204023/,35.5065235,139.6201475
くつ幸房 IPPO,https://cdn.jalan.jp/jalan/img/7/kuchikomi/5237/KXL/98810_0005237048_1.jpg,https://www.jalan.net/kankou/spt_guide000000203813/,35.4578501,139.5117544
adeam,https://www.jalan.net/jalan/img/2/spot/0212/KXL/guide000000212103_1.jpg,https://www.jalan.net/kankou/spt_guide000000212103/,35.6915983,139.7047992
着物レンタルVASARA　横浜みなとみらい店,https://www.jalan.net/jalan/img/9/spot/0209/KXL/guide000000209038_1.jpg,https://www.jalan.net/kankou/spt_guide000000209038/,35.4506947,139.6240711
higher Self Service,https://www.jalan.net/jalan/img/7/spot/0207/KXL/guide000000207230_1.jpg,https://www.jalan.net/kankou/spt_guide000000207230/,35.452713,139.5951149
コの字カフェ製作所,https://www.jalan.net/jalan/img/6/spot/0206/KXL/guide000000206820_5.jpg,https://www.jalan.net/kankou/spt_guide000000206820/,35.5437532,139.627813
新横浜　プリンセサ,https://www.jalan.net/jalan/img/5/spot/0205/KXL/guide000000205532_14.jpg,https://www.jalan.net/kankou/spt_guide000000205532/,35.511755,139.618565
小さなパン教室 Hama Sora Cooking,https://www.jalan.net/jalan/img/5/spot/0205/KXL/guide000000205085_1.jpg,https://www.jalan.net/kankou/spt_guide000000205085/,35.508892,139.67856
猫カフェmfｍｆ,https://www.jalan.net/jalan/img/4/spot/0204/KXL/guide000000204088_1.jpg,https://www.jalan.net/kankou/spt_guide000000204088/,35.4442906,139.6362851
陶芸・絵画造形教室　工房恵霑,https://www.jalan.net/jalan/img/7/spot/0197/KXL/guide000000197989_1.jpg,https://www.jalan.net/kankou/spt_guide000000197989/,35.367647,139.626584
スピードウォール　横浜海の公園　ウインドサーフィン　SUP　スクール,https://www.jalan.net/jalan/img/7/spot/0197/KXL/guide000000197333_1.jpg,https://www.jalan.net/kankou/spt_guide000000197333/,35.3349883,139.6319198
La Perle（ラペルル）,https://www.jalan.net/jalan/img/8/spot/0188/KXL/guide000000188481_7.jpg,https://www.jalan.net/kankou/spt_guide000000188481/,35.4437472,139.6475969
米元釣船店,https://www.jalan.net/jalan/img/7/spot/0187/KXL/guide000000187938_1.jpg,https://www.jalan.net/kankou/spt_guide000000187938/,35.332487,139.623136
横濱ハイカラきもの館赤レンガ倉庫店,https://www.jalan.net/jalan/img/7/spot/0187/KXL/guide000000187525_3.jpg,https://www.jalan.net/kankou/spt_guide000000187525/,35.4512665,139.6478049
木の暮らし　横浜店,https://www.jalan.net/jalan/img/7/spot/0187/KXL/guide000000187247_9.jpg,https://www.jalan.net/kankou/spt_guide000000187247/,35.440752,139.649772
陶房ａｇｅｔｓｕ,https://www.jalan.net/jalan/img/6/spot/0186/KXL/guide000000186349_1.jpg,https://www.jalan.net/kankou/spt_guide000000186349/,35.5560138,139.579297
横浜あおば玉田ガラス工房,https://www.jalan.net/jalan/img/4/spot/0184/KXL/guide000000184615_1.jpg,https://www.jalan.net/kankou/spt_guide000000184615/,35.5532489,139.5536392
屋形船すずよし,https://www.jalan.net/jalan/img/3/spot/0183/KXL/guide000000183955_1.jpg,https://www.jalan.net/kankou/spt_guide000000183955/,35.4505589,139.6328154
銀粘土っ亭,https://www.jalan.net/jalan/img/3/spot/0183/KXL/guide000000183353_3.jpg,https://www.jalan.net/kankou/spt_guide000000183353/,35.5227194,139.6299889
Classical Princess Japon,https://www.jalan.net/jalan/img/3/spot/0183/KXL/guide000000183014_1.jpg,https://www.jalan.net/kankou/spt_guide000000183014/,35.4566979,139.6246539
ベイファイター,https://www.jalan.net/jalan/img/2/spot/0182/KXL/guide000000182493_1.jpg,https://www.jalan.net/kankou/spt_guide000000182493/,35.4862647,139.6672002
エピス・フルール,https://www.jalan.net/jalan/img/1/spot/0181/KXL/guide000000181863_12.jpg,https://www.jalan.net/kankou/spt_guide000000181863/,35.4414971,139.6509189
E.ハンドワークス,https://www.jalan.net/jalan/img/0/spot/0180/KXL/guide000000180327_1.jpg,https://www.jalan.net/kankou/spt_guide000000180327/,35.452713,139.5951149
ポーセラーツサロン Rigola,https://www.jalan.net/jalan/img/2/spot/0212/KXL/guide000000212812_1.jpg,https://www.jalan.net/kankou/spt_guide000000212812/,35.5334901,139.6537552
川戸ファーム,https://www.jalan.net/jalan/img/2/spot/0212/KXL/guide000000212772_5.jpg,https://www.jalan.net/kankou/spt_guide000000212772/,35.3786997,139.4948251
studio the Bloom,https://www.jalan.net/jalan/img/2/spot/0212/KXL/guide000000212751_1.jpg,https://www.jalan.net/kankou/spt_guide000000212751/,35.416739,139.488385
Beads Jewelry Studio LUNA,https://www.jalan.net/jalan/img/2/spot/0212/KXL/guide000000212722_1.jpg,https://www.jalan.net/kankou/spt_guide000000212722/,35.4411695,139.6504924
ビーズ屋黒猫,https://www.jalan.net/jalan/img/2/spot/0212/KXL/guide000000212336_4.jpg,https://www.jalan.net/kankou/spt_guide000000212336/,35.4158178,139.624524
感動写真体験会,https://www.jalan.net/jalan/img/2/spot/0212/KXL/guide000000212184_7.jpg,https://www.jalan.net/kankou/spt_guide000000212184/,35.4105868,139.5114572
みなとみらいクルーザー観光船　〜アンカレッジ横浜〜,https://www.jalan.net/jalan/img/1/spot/0211/KXL/guide000000211816_4.jpg,https://www.jalan.net/kankou/spt_guide000000211816/,35.4552191,139.6420347
リリースタイル　フラワー&フォト,https://www.jalan.net/jalan/img/9/spot/0209/KXL/guide000000209926_14.jpg,https://www.jalan.net/kankou/spt_guide000000209926/,35.452713,139.5951149
Myuna blue,https://www.jalan.net/jalan/img/9/spot/0209/KXL/guide000000209712_1.jpg,https://www.jalan.net/kankou/spt_guide000000209712/,35.5334901,139.6537552
工房スミス　横浜元町店,https://www.jalan.net/jalan/img/9/spot/0209/KXL/guide000000209699_1.jpg,https://www.jalan.net/kankou/spt_guide000000209699/,35.4405978,139.650877
浮世絵カフェ,https://www.jalan.net/jalan/img/9/spot/0209/KXL/guide000000209044_1.jpg,https://www.jalan.net/kankou/spt_guide000000209044/,35.4461343,139.6471156
ハーバリウム・プリザーブドフラワー教室ラピヌ,https://www.jalan.net/jalan/img/8/spot/0208/KXL/guide000000208966_1.jpg,https://www.jalan.net/kankou/spt_guide000000208966/,35.4374913,139.6456487
PREMIEREYOKOHAMAの庭〜空と大地の恵みとBBQ〜,https://www.jalan.net/jalan/img/8/spot/0208/KXL/guide000000208774_1.jpg,https://www.jalan.net/kankou/spt_guide000000208774/,35.5549727,139.5792716
石けん工房　ローザローザ,https://www.jalan.net/jalan/img/8/spot/0208/KXL/guide000000208664_1.jpg,https://www.jalan.net/kankou/spt_guide000000208664/,35.452713,139.5951149
スタジオ　マリーローラ,https://www.jalan.net/jalan/img/8/spot/0208/KXL/guide000000208401_18.jpg,https://www.jalan.net/kankou/spt_guide000000208401/,35.4389496,139.6456463
門倉農園　ユアーズガーデン,https://www.jalan.net/jalan/img/8/spot/0208/KXL/guide000000208351_1.gif,https://www.jalan.net/kankou/spt_guide000000208351/,35.4315519,139.5357559
食品さんぷる畑,https://www.jalan.net/jalan/img/8/spot/0208/KXL/guide000000208093_14.jpg,https://www.jalan.net/kankou/spt_guide000000208093/,35.470973,139.625428
Flower and Aroma Rose Wood,https://www.jalan.net/jalan/img/7/spot/0207/KXL/guide000000207652_1.jpg,https://www.jalan.net/kankou/spt_guide000000207652/,35.52455455,139.6376427
レザンジュ,https://www.jalan.net/jalan/img/6/spot/0206/KXL/guide000000206728_8.jpg,https://www.jalan.net/kankou/spt_guide000000206728/,35.4453275,139.6471149
ダイビングショップ　トリトン,https://www.jalan.net/jalan/img/6/spot/0206/KXL/guide000000206628_1.jpg,https://www.jalan.net/kankou/spt_guide000000206628/,35.4784376,139.6309548
all fours GYM,https://www.jalan.net/jalan/img/4/spot/0204/KXL/guide000000204849_1.jpg,https://www.jalan.net/kankou/spt_guide000000204849/,35.42383,139.665604
gatto nero candle,https://www.jalan.net/jalan/img/4/spot/0204/KXL/guide000000204450_1.jpg,https://www.jalan.net/kankou/spt_guide000000204450/,35.4666943,139.5032284
RosaCraft,https://www.jalan.net/jalan/img/4/spot/0204/KXL/guide000000204444_1.jpg,https://www.jalan.net/kankou/spt_guide000000204444/,35.4659811,139.622062
キャンドル工房＆ショップ　あおたま別館,https://www.jalan.net/jalan/img/4/spot/0204/KXL/guide000000204021_14.jpg,https://www.jalan.net/kankou/spt_guide000000204021/,35.442041,139.6450628
フォレストライダー,https://www.jalan.net/jalan/img/3/spot/0203/KXL/guide000000203766_1.jpg,https://www.jalan.net/kankou/spt_guide000000203766/,35.5014231,139.523272
cropgirls,https://www.jalan.net/jalan/img/3/spot/0203/KXL/guide000000203692_1.jpg,https://www.jalan.net/kankou/spt_guide000000203692/,35.3978819,139.5325821
アトリエラベンダーファーム,https://www.jalan.net/jalan/img/3/spot/0203/KXL/guide000000203289_1.jpg,https://www.jalan.net/kankou/spt_guide000000203289/,35.452713,139.5951149
grobal cabin 横浜中華街（ドーミーインチェーン）,https://www.jalan.net/jalan/img/3/spot/0203/KXL/guide000000203037_1.jpg,https://www.jalan.net/kankou/spt_guide000000203037/,35.4424221,139.6463923
Pastel Gardens,https://www.jalan.net/jalan/img/2/spot/0202/KXL/guide000000202681_8.jpg,https://www.jalan.net/kankou/spt_guide000000202681/,35.4944071,139.5171985
日中水墨協会認定カルチャー教室　満柏書画塾,https://www.jalan.net/jalan/img/2/spot/0202/KXL/guide000000202295_1.jpg,https://www.jalan.net/kankou/spt_guide000000202295/,35.465263,139.622845
DIVING　SHOP　SEVEN7,https://www.jalan.net/jalan/img/2/spot/0202/KXL/guide000000202147_1.jpg,https://www.jalan.net/kankou/spt_guide000000202147/,35.4598398,139.6218002
表千家茶道教室,https://www.jalan.net/jalan/img/1/spot/0201/KXL/guide000000201337_1.jpg,https://www.jalan.net/kankou/spt_guide000000201337/,35.4414053,139.6273986
Satomi Piano Lesson Room,https://www.jalan.net/jalan/img/3/spot/0193/KXL/guide000000193913_1.jpg,https://www.jalan.net/kankou/spt_guide000000193913/,35.535303,139.5894818
flower menuet（横浜）,https://www.jalan.net/jalan/img/3/spot/0193/KXL/guide000000193333_6.jpg,https://www.jalan.net/kankou/spt_guide000000193333/,35.465476,139.625244
Flower　Nonchalant（フラワーノンシャラン）,https://www.jalan.net/jalan/img/3/spot/0193/KXL/guide000000193283_1.jpg,https://www.jalan.net/kankou/spt_guide000000193283/,35.452713,139.5951149
花のアトリエ　Chocolat　neige,https://www.jalan.net/jalan/img/3/spot/0193/KXL/guide000000193282_9.jpg,https://www.jalan.net/kankou/spt_guide000000193282/,35.481318,139.614068
健一丸,https://www.jalan.net/jalan/img/2/spot/0192/KXL/guide000000192654_1.jpg,https://www.jalan.net/kankou/spt_guide000000192654/,35.3336721,139.6351174
吉原いちご園,https://www.jalan.net/jalan/img/2/spot/0192/KXL/guide000000192302_1.jpg,https://www.jalan.net/kankou/spt_guide000000192302/,35.3646411,139.4902781
横浜陶芸学園,https://www.jalan.net/jalan/img/8/spot/0188/KXL/guide000000188811_1.jpg,https://www.jalan.net/kankou/spt_guide000000188811/,35.38088,139.601512
蒲利丸,https://www.jalan.net/jalan/img/8/spot/0188/KXL/guide000000188391_1.jpg,https://www.jalan.net/kankou/spt_guide000000188391/,35.3337988,139.635114
シークロ,https://www.jalan.net/jalan/img/7/spot/0187/KXL/guide000000187894_1.jpg,https://www.jalan.net/kankou/spt_guide000000187894/,35.4763272,139.6370938
ダイビングスクール　アクシー,https://www.jalan.net/jalan/img/7/spot/0187/KXL/guide000000187822_1.jpg,https://www.jalan.net/kankou/spt_guide000000187822/,35.4882162,139.6241166
手鞠庵,https://www.jalan.net/jalan/img/6/spot/0186/KXL/guide000000186399_1.jpg,https://www.jalan.net/kankou/spt_guide000000186399/,35.464445,139.618734
CycleTravelation,https://www.jalan.net/jalan/img/5/spot/0185/KXL/guide000000185176_1.jpg,https://www.jalan.net/kankou/spt_guide000000185176/,35.463079,139.615217
クリスタル　Y　上大岡,https://www.jalan.net/jalan/img/4/spot/0184/KXL/guide000000184271_1.jpg,https://www.jalan.net/kankou/spt_guide000000184271/,35.409759,139.595205
アニバーサリークルーズみなとみらい,https://www.jalan.net/jalan/img/3/spot/0183/KXL/guide000000183338_1.jpg,https://www.jalan.net/kankou/spt_guide000000183338/,35.458289,139.638389
さくらん布ぞうり,https://www.jalan.net/jalan/img/3/spot/0183/KXL/guide000000183038_1.jpg,https://www.jalan.net/kankou/spt_guide000000183038/,35.4654493,139.6250517
ビッグロック日吉店,https://www.jalan.net/jalan/img/2/spot/0182/KXL/guide000000182413_4.jpg,https://www.jalan.net/kankou/spt_guide000000182413/,35.5421776,139.6502779
スマイルバルーン,https://www.jalan.net/jalan/img/2/spot/0182/KXL/guide000000182315_1.jpg,https://www.jalan.net/kankou/spt_guide000000182315/,35.4567247,139.5174806
ステンドグラス工房　ライツラボ,https://www.jalan.net/jalan/img/2/spot/0182/KXL/guide000000182300_1.jpg,https://www.jalan.net/kankou/spt_guide000000182300/,35.5368887,139.6329956
ぐらすさーくる,https://www.jalan.net/jalan/img/2/spot/0182/KXL/guide000000182299_1.jpg,https://www.jalan.net/kankou/spt_guide000000182299/,35.5603339,139.5295309
ダイビングスクール&プロショップ　ミッドサマー,https://www.jalan.net/jalan/img/2/spot/0182/KXL/guide000000182295_1.jpg,https://www.jalan.net/kankou/spt_guide000000182295/,35.513561,139.626848
ルナポーセリングループ・たまプラーザ校〜陶絵付け・ポーセラーアーツサロン,https://www.jalan.net/jalan/img/1/spot/0181/KXL/guide000000181869_8.jpg,https://www.jalan.net/kankou/spt_guide000000181869/,35.5623277,139.4775291
浄玻璃工芸社がらすびと工房,https://www.jalan.net/jalan/img/1/spot/0181/KXL/guide000000181228_1.jpg,https://www.jalan.net/kankou/spt_guide000000181228/,35.5325646,139.6762054
マキノグラススタジオ,https://www.jalan.net/jalan/img/1/spot/0181/KXL/guide000000181183_1.jpg,https://www.jalan.net/kankou/spt_guide000000181183/,35.5325855,139.676064
手工芸アトリエ・ラ・フランス,https://www.jalan.net/jalan/img/1/spot/0181/KXL/guide000000181109_8.jpg,https://www.jalan.net/kankou/spt_guide000000181109/,35.578304,139.553217
横濱陶藝倶樂部,https://www.jalan.net/jalan/img/0/spot/0180/KXL/guide000000180325_8.jpg,https://www.jalan.net/kankou/spt_guide000000180325/,35.516909,139.6883728
Dive Colors,https://www.jalan.net/jalan/img/2/spot/0182/KXL/guide000000182591_1.jpg,https://www.jalan.net/kankou/spt_guide000000182591/,35.47587,139.6228025
ハクビ京都きもの学院　横浜教室,https://www.jalan.net/jalan/img/2/spot/0182/KXL/guide000000182243_1.jpg,https://www.jalan.net/kankou/spt_guide000000182243/,35.4672072,139.6196293
テトラシード,https://www.jalan.net/jalan/img/1/spot/0181/KXL/guide000000181220_1.jpg,https://www.jalan.net/kankou/spt_guide000000181220/,35.5594939,139.5744649
光ステンド工房,https://www.jalan.net/jalan/img/1/spot/0181/KXL/guide000000181193_1.jpg,https://www.jalan.net/kankou/spt_guide000000181193/,35.4107475,139.5972333
いせ辰,https://www.jalan.net/jalan/img/7/spot/0177/KXL/guide000000177449_1.jpg,https://www.jalan.net/kankou/spt_guide000000177449/,35.7243022,139.7649755
NEXT　横浜桜木町店,https://cdn.jalan.jp/jalan/img/3/kuchikomi/4253/KXL/3e1ab_0004253549_1.jpg,https://www.jalan.net/kankou/spt_guide000000167682/,35.4511195,139.6325992
Atsuko Matano Gallery　ランドマークプラザ店,https://www.jalan.net/jalan/img/6/spot/0176/KXL/guide000000176186_1.jpg,https://www.jalan.net/kankou/spt_guide000000176186/,35.45512995,139.6313333
ポートサイド公園,https://cdn.jalan.jp/jalan/img/7/kuchikomi/1457/KXL/bd5fa_0001457287_1.jpg,https://www.jalan.net/kankou/spt_guide000000172990/,35.4676082,139.6304369
横浜フィッシングピアーズ大黒海づり施設,https://cdn.jalan.jp/jalan/img/2/kuchikomi/0022/KXL/bf320_0000022617.jpg,https://www.jalan.net/kankou/spt_14101cb3530084336/,35.4511851,139.6964332
ビール発祥の地（麒麟麦酒開源記念碑）,https://cdn.jalan.jp/jalan/img/2/kuchikomi/2622/KXL/77ff5_0002622881_4.JPG,https://www.jalan.net/kankou/spt_14104aj2200025358/,35.4352708,139.6531622
日産自動車（株）横浜工場,https://cdn.jalan.jp/jalan/img/8/kuchikomi/0628/KXL/a31c2_0000628055_2.JPG,https://www.jalan.net/kankou/spt_14102cc3340045303/,35.4823611,139.6614714
横浜ジャックモール,https://cdn.jalan.jp/jalan/img/8/kuchikomi/3858/KXL/8aaef_0003858475_1.jpg,https://www.jalan.net/kankou/spt_guide000000151355/,35.4604638,139.6293333
日産ウォーターパーク,https://cdn.jalan.jp/jalan/img/6/kuchikomi/3576/KXL/bb2ad_0003576042_1.jpg,https://www.jalan.net/kankou/spt_14109cc3360146775/,35.5105355,139.6071768
旧英国七番館（戸田平和記念館）,https://cdn.jalan.jp/jalan/img/8/kuchikomi/0008/KXL/30452_0000008513.jpg,https://www.jalan.net/kankou/spt_14104ae2180146721/,35.4457327,139.6483708
Wailea　元町本店,https://www.jalan.net/jalan/img/7/spot/0177/KXL/guide000000177450_1.jpg,https://www.jalan.net/kankou/spt_guide000000177450/,35.4403145,139.6479865
カモメの水兵さん歌碑,https://cdn.jalan.jp/jalan/img/6/kuchikomi/4436/KXL/28237_0004436792_2.JPG,https://www.jalan.net/kankou/spt_guide000000190018/,35.4458783,139.6501477
長浜公園,https://cdn.jalan.jp/jalan/img/6/kuchikomi/3486/KXL/0eb2a_0003486424_1.JPG,https://www.jalan.net/kankou/spt_14108ah3330043659/,35.3615188,139.6366119
スタージュエリー ランドマークプラザ店,https://www.jalan.net/jalan/img/2/spot/0172/KXL/guide000000172180_1.jpg,https://www.jalan.net/kankou/spt_guide000000172180/,35.4557249,139.6321698
チャイナハウス　カモメ,https://cdn.jalan.jp/jalan/img/2/kuchikomi/2622/KXL/ee9a7_0002622835_2.JPG,https://www.jalan.net/kankou/spt_guide000000168906/,35.4427119,139.6477281
横浜フィッシングピアーズ本牧海づり施設,https://cdn.jalan.jp/jalan/img/5/kuchikomi/1365/KXL/0b7c6_0001365331_2.jpg,https://www.jalan.net/kankou/spt_14104cb3530084355/,35.4301637,139.6866373
横浜市役所,https://cdn.jalan.jp/jalan/img/7/kuchikomi/4117/KXL/dd8eb_0004117140_1.jpg,https://www.jalan.net/kankou/spt_guide000000186044/,35.4503614,139.6342277
市ケ尾横穴古墳群,https://cdn.jalan.jp/jalan/img/7/kuchikomi/0497/KXL/92ed0_0000497438_1.JPG,https://www.jalan.net/kankou/spt_14113af2170017848/,35.5571894,139.5400183
三溪園のハナショウブ,https://cdn.jalan.jp/jalan/img/0/kuchikomi/0460/KXL/a86cd_0000460758_1.jpg,https://www.jalan.net/kankou/spt_14104ac2100008004/,35.4170511,139.6588267
相模鉄道西横浜駅,https://cdn.jalan.jp/jalan/img/4/kuchikomi/3584/KXL/3f57a_0003584093_1.JPG,https://www.jalan.net/kankou/spt_guide000000189985/,35.4534061,139.608495
エディー・バウアークイーンズスクエア横浜店,https://cdn.jalan.jp/jalan/img/5/kuchikomi/4335/KXL/39adc_0004335193_1.JPG,https://www.jalan.net/kankou/spt_guide000000168094/,35.4562294,139.6338069
日清オイリオウェルネスギャラリー,https://cdn.jalan.jp/jalan/img/3/kuchikomi/3863/KXL/2ab2f_0003863469_1.jpeg,https://www.jalan.net/kankou/spt_14107cc3340044632/,35.3995031,139.6195656
松原邸,https://cdn.jalan.jp/jalan/img/7/kuchikomi/4777/KXL/df755_0004777039_1.JPG,https://www.jalan.net/kankou/spt_14104ae2180146731/,35.6670778,139.6524399
宇田川邸,https://cdn.jalan.jp/jalan/img/7/kuchikomi/4777/KXL/c46c2_0004777023_1.JPG,https://www.jalan.net/kankou/spt_14104ae2180146728/,35.452713,139.5951149
坂田農園,https://cdn.jalan.jp/jalan/img/4/kuchikomi/3824/KXL/fbe9e_0003824959_1.gif,https://www.jalan.net/kankou/spt_14117cb3510146807/,35.5638886,139.5204972
八朔ぶどう園,https://cdn.jalan.jp/jalan/img/4/kuchikomi/3584/KXL/952fa_0003584796_1.JPG,https://www.jalan.net/kankou/spt_14113cb3510146809/,35.5297518,139.5345315
大塚製靴（株）クツのオーツカ資料館,https://cdn.jalan.jp/jalan/img/3/kuchikomi/1833/KXL/99cc4_0001833195_1.jpg,https://www.jalan.net/kankou/spt_14109cc3340045302/,35.6602827,139.7289074
長浜ホール［横浜検疫所長浜措置場旧細菌検査室及び旧事務棟］(野口記念公園）,https://cdn.jalan.jp/jalan/img/4/kuchikomi/3584/KXL/0ecfe_0003584194_1.JPG,https://www.jalan.net/kankou/spt_14108ae2180146709/,35.3573781,139.6363349
技能文化展示室匠プラザ,https://cdn.jalan.jp/jalan/img/2/kuchikomi/4322/KXL/5b90e_0004322591_3.JPG,https://www.jalan.net/kankou/spt_14104cc3290146755/,35.4419858,139.6349043
ヘボン博士邸記念碑,https://cdn.jalan.jp/jalan/img/4/kuchikomi/4054/KXL/96eb1_0004054862_1.JPG,https://www.jalan.net/kankou/spt_14104aj2200025308/,35.4426302,139.6517284
カトリック横浜司教館［旧相馬永胤邸］,https://cdn.jalan.jp/jalan/img/8/kuchikomi/5078/KXL/fcba1_0005078933_2.JPG,https://www.jalan.net/kankou/spt_14104ae2180146733/,35.4360734,139.6473577
カトリック横浜司教館別館,https://cdn.jalan.jp/jalan/img/8/kuchikomi/5078/KXL/dcca5_0005078871_3.JPG,https://www.jalan.net/kankou/spt_14104ae2180146732/,35.4368668,139.6472323
ＢＥＡＴＴＹ邸［ビーティ邸］,https://cdn.jalan.jp/jalan/img/4/kuchikomi/4054/KXL/ba5f6_0004054946_1.JPG,https://www.jalan.net/kankou/spt_14104ae2180146730/,35.452713,139.5951149
JR東神奈川駅,https://cdn.jalan.jp/jalan/img/0/kuchikomi/5140/KXL/bb302_0005140653_2.JPG,https://www.jalan.net/kankou/spt_guide000000205145/,35.4779627,139.6333469
クリーニング業発祥の地碑,https://cdn.jalan.jp/jalan/img/4/kuchikomi/4054/KXL/b3cf4_0004054868_1.JPG,https://www.jalan.net/kankou/spt_guide000000190013/,35.4415235,139.6523854
THE BAYS,https://cdn.jalan.jp/jalan/img/0/kuchikomi/4310/KXL/50c53_0004310505_1.JPG,https://www.jalan.net/kankou/spt_guide000000187599/,35.44502,139.6416026
Goody！LAUNDRY,https://cdn.jalan.jp/jalan/img/8/kuchikomi/3878/KXL/7c3ae_0003878257_1.JPG,https://www.jalan.net/kankou/spt_guide000000173356/,35.5171086,139.5665128
DeLi　アット！店,https://www.jalan.net/jalan/img/8/spot/0168/KXL/guide000000168185_1.jpg,https://www.jalan.net/kankou/spt_guide000000168185/,35.4562322,139.6340378
スポーツコミュニティプラザ,https://www.jalan.net/jalan/img/4/spot/0154/KXL/guide000000154619_1.jpg,https://www.jalan.net/kankou/spt_guide000000154619/,35.4666149,139.6152077
舞岡ふるさと村,https://cdn.jalan.jp/jalan/img/7/kuchikomi/3887/KXL/5b4f4_0003887178_1.JPG,https://www.jalan.net/kankou/spt_14110ca3280116473/,35.3984022,139.5507917
岡倉天心生誕碑,https://cdn.jalan.jp/jalan/img/0/kuchikomi/4240/KXL/a4b9e_0004240653_1.JPG,https://www.jalan.net/kankou/spt_14104aj2200023496/,35.4473804,139.6411932
三井物産横浜ビル,https://cdn.jalan.jp/jalan/img/5/kuchikomi/1495/KXL/1ae9c_0001495914_3.jpg,https://www.jalan.net/kankou/spt_14104ae2180146716/,35.4458209,139.6423
横浜共立学園本校舎,https://cdn.jalan.jp/jalan/img/6/kuchikomi/3486/KXL/e9d54_0003486121_1.JPG,https://www.jalan.net/kankou/spt_14104ae2180146696/,35.4348144,139.6406555
横浜チョコレートファクトリー＆ミュージアム,https://cdn.jalan.jp/jalan/img/6/kuchikomi/4906/KXL/5ea04_0004906999_1.jpg,https://www.jalan.net/kankou/spt_guide000000202998/,35.4425204,139.6481023
ベーリック・ホール,https://cdn.jalan.jp/jalan/img/8/kuchikomi/5078/KXL/c7611_0005078790_11.JPG,https://www.jalan.net/kankou/spt_guide000000202112/,35.4376225,139.6506956
ニューオータニイン横浜プレミアム,https://cdn.jalan.jp/jalan/img/4/kuchikomi/4684/KXL/2d778_0004684029_1.jpeg,https://www.jalan.net/kankou/spt_guide000000198547/,35.4521298,139.6307588
ジョイナステラス 二俣川,https://cdn.jalan.jp/jalan/img/5/kuchikomi/4605/KXL/0fe01_0004605442_1.jpg,https://www.jalan.net/kankou/spt_guide000000196933/,35.4630515,139.5325155
こども自然公園　大池,https://cdn.jalan.jp/jalan/img/7/kuchikomi/3767/KXL/0497f_0003767877_1.JPG,https://www.jalan.net/kankou/spt_guide000000191972/,35.4501817,139.5358589
サーキットがやってくる！横浜ワールドポーターズGP,https://cdn.jalan.jp/jalan/img/6/kuchikomi/2856/KXL/fc280_0002856935_1.JPG,https://www.jalan.net/kankou/spt_guide000000186836/,35.4540062,139.6389327
WINDS,https://www.jalan.net/jalan/img/5/spot/0175/KXL/guide000000175084_1.jpg,https://www.jalan.net/kankou/spt_guide000000175084/,35.4474827,139.6279613
横浜元町　竹中,https://www.jalan.net/jalan/img/1/spot/0151/KXL/guide000000151300_1.jpg,https://www.jalan.net/kankou/spt_guide000000151300/,35.4398154,139.6465181
快活CLUB横浜北山田店,https://cdn.jalan.jp/jalan/img/8/kuchikomi/5098/KXL/41ea2_0005098294_1.JPG,https://www.jalan.net/kankou/spt_alikejpB000370634/,35.561915,139.588536
本牧臨海公園,https://cdn.jalan.jp/jalan/img/1/kuchikomi/0761/KXL/d76df_0000761636_2.jpg,https://www.jalan.net/kankou/spt_14104ah3330043249/,35.4151294,139.6648599
横浜銀行協会（旧横浜銀行集会所）,https://cdn.jalan.jp/jalan/img/4/kuchikomi/4164/KXL/e1a40_0004164494_1.JPG,https://www.jalan.net/kankou/spt_14104ae2180146718/,35.4490512,139.6386267
岩船地蔵尊,https://cdn.jalan.jp/jalan/img/6/kuchikomi/5066/KXL/599d0_0005066712_1.jpeg,https://www.jalan.net/kankou/spt_guide000000205455/,35.4788726,139.5102536
横浜開港記念広場,https://cdn.jalan.jp/jalan/img/9/kuchikomi/5069/KXL/7c311_0005069603_1.jpeg,https://www.jalan.net/kankou/spt_guide000000205001/,35.4473052,139.6442249
ダイエー 鴨居店,https://cdn.jalan.jp/jalan/img/3/kuchikomi/4883/KXL/f5c99_0004883546_1.jpeg,https://www.jalan.net/kankou/spt_guide000000204603/,35.510615,139.5689129
JR鴨居駅,https://cdn.jalan.jp/jalan/img/3/kuchikomi/5143/KXL/97c4a_0005143677_2.jpeg,https://www.jalan.net/kankou/spt_guide000000204597/,35.5108558,139.5671678
旧燈明寺三重塔（三渓園）,https://cdn.jalan.jp/jalan/img/1/kuchikomi/4671/KXL/9a0a8_0004671628_1.JPG,https://www.jalan.net/kankou/spt_guide000000202294/,35.416355,139.659235
橘樹神社,https://cdn.jalan.jp/jalan/img/1/kuchikomi/5141/KXL/d7021_0005141431_2.JPG,https://www.jalan.net/kankou/spt_guide000000197456/,35.4555556,139.6036111
京浜急行電鉄日ノ出町駅,https://cdn.jalan.jp/jalan/img/5/kuchikomi/4655/KXL/ef045_0004655378_3.JPG,https://www.jalan.net/kankou/spt_guide000000195520/,35.4455459,139.6267666
こども自然公園レストハウス,https://cdn.jalan.jp/jalan/img/7/kuchikomi/3767/KXL/8cfc9_0003767888_1.JPG,https://www.jalan.net/kankou/spt_guide000000191973/,35.4530386,139.5359946
武相堺道,https://cdn.jalan.jp/jalan/img/7/kuchikomi/3767/KXL/f8bb4_0003767865_1.JPG,https://www.jalan.net/kankou/spt_guide000000191971/,35.497054,139.625258
横浜ボウリング発祥の碑,https://cdn.jalan.jp/jalan/img/3/kuchikomi/3793/KXL/d48ac_0003793199_1.JPG,https://www.jalan.net/kankou/spt_guide000000190014/,35.441866,139.6526209
ロッククライミングジムZEN新横浜店,https://www.jalan.net/jalan/img/0/spot/0180/KXL/guide000000180778_1.jpg,https://www.jalan.net/kankou/spt_guide000000180778/,35.5196013,139.6116473
apa−apa,https://www.jalan.net/jalan/img/1/spot/0171/KXL/guide000000171833_1.jpg,https://www.jalan.net/kankou/spt_guide000000171833/,35.44652,139.636718
ANOTHER\u2019J,https://www.jalan.net/jalan/img/7/spot/0167/KXL/guide000000167044_1.jpg,https://www.jalan.net/kankou/spt_guide000000167044/,35.452713,139.5951149
ジーンズハウス　いわ乃,https://cdn.jalan.jp/jalan/img/3/kuchikomi/5243/KXL/c4af4_0005243220_1.jpg,https://www.jalan.net/kankou/spt_guide000000211789/,35.4453961,139.6336918
快活CLUB センター南店,https://www.jalan.net/jalan/img/7/spot/0207/KXL/guide000000207752_1.jpg,https://www.jalan.net/kankou/spt_guide000000207752/,35.5438986,139.5715708
弘明寺商店街,https://cdn.jalan.jp/jalan/img/5/kuchikomi/5175/KXL/a05ad_0005175458_1.JPG,https://www.jalan.net/kankou/spt_guide000000206350/,35.423702,139.59938
旭鎮守八幡神社,https://cdn.jalan.jp/jalan/img/1/kuchikomi/5071/KXL/89d2b_0005071151_1.JPG,https://www.jalan.net/kankou/spt_guide000000206118/,35.4931473,139.5182053
三嶋神社,https://cdn.jalan.jp/jalan/img/1/kuchikomi/5071/KXL/eaf0d_0005071157_1.jpg,https://www.jalan.net/kankou/spt_guide000000206117/,35.4833142,139.5178781
霧が丘公園,https://cdn.jalan.jp/jalan/img/1/kuchikomi/5071/KXL/4d173_0005071178_1.JPG,https://www.jalan.net/kankou/spt_guide000000204606/,35.5136559,139.5016554
旧東慶寺仏殿（三渓園）,https://cdn.jalan.jp/jalan/img/1/kuchikomi/4671/KXL/b3dad_0004671639_1.JPG,https://www.jalan.net/kankou/spt_guide000000202297/,35.415123,139.6594283
旧燈明寺本堂（三渓園）,https://cdn.jalan.jp/jalan/img/1/kuchikomi/4671/KXL/96687_0004671650_1.JPG,https://www.jalan.net/kankou/spt_guide000000202296/,35.4161879,139.6604165
春草盧（三渓園）,https://cdn.jalan.jp/jalan/img/1/kuchikomi/4671/KXL/8f5c2_0004671606_1.JPG,https://www.jalan.net/kankou/spt_guide000000202291/,35.416639,139.6574086
聴秋閣（三渓園）,https://cdn.jalan.jp/jalan/img/1/kuchikomi/4671/KXL/27b8a_0004671588_1.JPG,https://www.jalan.net/kankou/spt_guide000000202286/,35.4171456,139.6581288
中島館,https://cdn.jalan.jp/jalan/img/9/kuchikomi/5169/KXL/a65be_0005169857_1.JPG,https://www.jalan.net/kankou/spt_guide000000199516/,35.424343,139.601554
忠彦丸,https://cdn.jalan.jp/jalan/img/9/kuchikomi/4429/KXL/51cd4_0004429679_1.jpg,https://www.jalan.net/kankou/spt_guide000000198525/,35.3330764,139.6372662
快活CLUB横浜芹が谷店,https://www.jalan.net/jalan/img/8/spot/0198/KXL/guide000000198488_1.jpg,https://www.jalan.net/kankou/spt_guide000000198488/,35.415958,139.573424
大蓮寺,https://cdn.jalan.jp/jalan/img/1/kuchikomi/5141/KXL/1e67e_0005141893_2.JPG,https://www.jalan.net/kankou/spt_guide000000197463/,35.4503278,139.5987083
天徳院,https://cdn.jalan.jp/jalan/img/1/kuchikomi/5141/KXL/6e05b_0005141895_2.JPG,https://www.jalan.net/kankou/spt_guide000000197461/,35.4506752,139.5993287
神明社,https://cdn.jalan.jp/jalan/img/1/kuchikomi/4311/KXL/80656_0004311243_1.JPG,https://www.jalan.net/kankou/spt_guide000000197459/,35.4526262,139.5981432
野毛屋釣船店,https://cdn.jalan.jp/jalan/img/9/kuchikomi/4429/KXL/adebe_0004429672_1.jpg,https://www.jalan.net/kankou/spt_guide000000194026/,35.3277368,139.623862
神明社の大ヒノキ,https://cdn.jalan.jp/jalan/img/7/kuchikomi/3767/KXL/5ab68_0003767913_1.JPG,https://www.jalan.net/kankou/spt_guide000000191979/,35.4371136,139.5133821
観音禅寺,https://cdn.jalan.jp/jalan/img/7/kuchikomi/3767/KXL/1cb7d_0003767908_1.JPG,https://www.jalan.net/kankou/spt_guide000000191977/,35.43558,139.5129175
中丸家長屋門,https://cdn.jalan.jp/jalan/img/7/kuchikomi/3767/KXL/7b396_0003767901_1.JPG,https://www.jalan.net/kankou/spt_guide000000191975/,35.4331054,139.5136332
ハックルベリーフィールド,https://www.jalan.net/jalan/img/3/spot/0183/KXL/guide000000183306_1.jpg,https://www.jalan.net/kankou/spt_guide000000183306/,35.5333794,139.5512823
ルパン・ダイビングショップ,https://www.jalan.net/jalan/img/1/spot/0181/KXL/guide000000181209_1.jpg,https://www.jalan.net/kankou/spt_guide000000181209/,35.5816178,139.5540647
ロッククライミングジムZENセンター南店,https://www.jalan.net/jalan/img/0/spot/0180/KXL/guide000000180947_1.jpg,https://www.jalan.net/kankou/spt_guide000000180947/,35.5467016,139.5762247
逗子海岸でマリンスポーツ、ヨガを楽しめるカフェ　エバーリゾート「ラウンジエバー」,https://www.jalan.net/jalan/img/9/spot/0179/KXL/guide000000179927_1.jpg,https://www.jalan.net/kankou/spt_guide000000179927/,35.289407,139.5743198
Jam Jam,https://www.jalan.net/jalan/img/6/spot/0176/KXL/guide000000176147_1.jpg,https://www.jalan.net/kankou/spt_guide000000176147/,35.43953435,139.6475269
FES,https://www.jalan.net/jalan/img/6/spot/0176/KXL/guide000000176138_1.jpg,https://www.jalan.net/kankou/spt_guide000000176138/,35.5736361,139.549674
カラクリ時計のパンヤ,https://www.jalan.net/jalan/img/6/spot/0176/KXL/guide000000176079_1.jpg,https://www.jalan.net/kankou/spt_guide000000176079/,35.5871499,139.5367618
月の蔵　横浜,https://www.jalan.net/jalan/img/5/spot/0175/KXL/guide000000175081_2.jpg,https://www.jalan.net/kankou/spt_guide000000175081/,35.4647033,139.6187968
フットライフ　ヤマモト,https://www.jalan.net/jalan/img/7/spot/0167/KXL/guide000000167039_2.jpg,https://www.jalan.net/kankou/spt_guide000000167039/,35.6397908,139.7029173
神奈川国際フィールドアーチェリー場,https://cdn.jalan.jp/jalan/img/1/kuchikomi/2221/KXL/bcff3_0002221162_1.JPG,https://www.jalan.net/kankou/spt_14110ca3460086781/,35.434794,139.53711
古民家カフェ　ボン・ラヴィ,https://www.jalan.net/jalan/img/7/spot/0207/KXL/guide000000207340_1.jpg,https://www.jalan.net/kankou/spt_guide000000207340/,35.5045724,139.6034173
横浜ランドマーケット,https://www.jalan.net/jalan/img/6/spot/0176/KXL/guide000000176142_1.jpg,https://www.jalan.net/kankou/spt_guide000000176142/,35.454954,139.6313859
車屋呉服店,https://www.jalan.net/jalan/img/2/spot/0182/KXL/guide000000182842_1.jpg,https://www.jalan.net/kankou/spt_guide000000182842/,35.4193132,139.6018419
ディーボルダリング綱島,https://www.jalan.net/jalan/img/1/spot/0201/KXL/guide000000201452_1.jpg,https://www.jalan.net/kankou/spt_guide000000201452/,35.5361018,139.6334988
アトリエmasako,https://www.jalan.net/jalan/img/7/spot/0187/KXL/guide000000187294_1.jpg,https://www.jalan.net/kankou/spt_guide000000187294/,35.468742,139.6207795
剣史丸,https://www.jalan.net/jalan/img/4/spot/0204/KXL/guide000000204854_1.jpg,https://www.jalan.net/kankou/spt_guide000000204854/,35.3295542,139.6311725
アート工房Current,https://www.jalan.net/jalan/img/1/spot/0201/KXL/guide000000201351_4.jpg,https://www.jalan.net/kankou/spt_guide000000201351/,35.4983074,139.6650293
Emi's Style Yoga,https://www.jalan.net/jalan/img/7/spot/0197/KXL/guide000000197971_1.jpg,https://www.jalan.net/kankou/spt_guide000000197971/,35.3617826,139.6289821
KT Zepp Yokohama,https://www.jalan.net/jalan/img/0/spot/0210/KXL/guide000000210528_1.jpg,https://www.jalan.net/kankou/spt_guide000000210528/,35.4601089,139.6260696
ヨコハマポーセリンペインティングフィオーレ,https://www.jalan.net/jalan/img/8/spot/0208/KXL/guide000000208489_1.jpg,https://www.jalan.net/kankou/spt_guide000000208489/,35.454954,139.6313859
インド水塔（山下公園）,https://www.jalan.net/jalan/img/6/spot/0206/KXL/guide000000206551_1.jpg,https://www.jalan.net/kankou/spt_guide000000206551/,35.4477069,139.6468087
京急オープントップバス横浜,https://www.jalan.net/jalan/img/5/spot/0205/KXL/guide000000205843_1.jpg,https://www.jalan.net/kankou/spt_guide000000205843/,35.462413,139.6262111
猫豚カフェPIGCAT ネコときどきブタ,https://www.jalan.net/jalan/img/3/spot/0203/KXL/guide000000203075_3.jpg,https://www.jalan.net/kankou/spt_guide000000203075/,35.3976794,139.5316936
快活CLUB関内店,https://www.jalan.net/jalan/img/3/spot/0203/KXL/guide000000203025_3.jpg,https://www.jalan.net/kankou/spt_guide000000203025/,35.4455078,139.6335136
カピバランドPUIPUI,https://cdn.jalan.jp/jalan/img/2/kuchikomi/4812/KXL/85edc_0004812764_2.JPG,https://www.jalan.net/kankou/spt_guide000000202407/,35.5482286,139.5609479
潮田神社,https://www.jalan.net/jalan/img/1/spot/0201/KXL/guide000000201667_2.jpg,https://www.jalan.net/kankou/spt_guide000000201667/,35.5044369,139.6888745
うすたつ丸,https://cdn.jalan.jp/jalan/img/6/kuchikomi/5246/KXL/0458c_0005246870_1.JPG,https://www.jalan.net/kankou/spt_guide000000200116/,35.3252615,139.632793
快活CLUB綱島駅前店,https://www.jalan.net/jalan/img/8/spot/0198/KXL/guide000000198487_1.jpg,https://www.jalan.net/kankou/spt_guide000000198487/,35.5360839,139.633678
快活CLUB東戸塚駅前店,https://www.jalan.net/jalan/img/8/spot/0198/KXL/guide000000198486_1.jpg,https://www.jalan.net/kankou/spt_guide000000198486/,35.4292048,139.5575586
INITY,https://www.jalan.net/jalan/img/7/spot/0177/KXL/guide000000177458_1.jpg,https://www.jalan.net/kankou/spt_guide000000177458/,35.4040276,139.5372925
ad.balloon,https://www.jalan.net/jalan/img/7/spot/0177/KXL/guide000000177457_1.jpg,https://www.jalan.net/kankou/spt_guide000000177457/,37.7975509,-122.4006097
Rose　blanche,https://www.jalan.net/jalan/img/7/spot/0177/KXL/guide000000177456_1.jpg,https://www.jalan.net/kankou/spt_guide000000177456/,35.4405806,139.6485782
丸加　伝統横濱スカーフ関内店,https://www.jalan.net/jalan/img/7/spot/0177/KXL/guide000000177452_1.jpg,https://www.jalan.net/kankou/spt_guide000000177452/,35.4549326,139.6314018
ビューティ アベニュー ソシエ　横浜ベイホテル東急店,https://www.jalan.net/jalan/img/6/spot/0176/KXL/guide000000176168_1.jpg,https://www.jalan.net/kankou/spt_guide000000176168/,35.4569624,139.6352813
CAMPER,https://www.jalan.net/jalan/img/6/spot/0176/KXL/guide000000176163_1.jpg,https://www.jalan.net/kankou/spt_guide000000176163/,35.4656212,139.6248679
BLUE BLUE YOKOHAMA,https://cdn.jalan.jp/jalan/img/2/kuchikomi/2622/KXL/31678_0002622836_2.JPG,https://www.jalan.net/kankou/spt_guide000000176137/,35.448451,139.6447741
LE TIROIR,https://www.jalan.net/jalan/img/6/spot/0176/KXL/guide000000176132_1.jpg,https://www.jalan.net/kankou/spt_guide000000176132/,35.452713,139.5951149
Rising Sun,https://www.jalan.net/jalan/img/6/spot/0176/KXL/guide000000176110_2.jpg,https://www.jalan.net/kankou/spt_guide000000176110/,35.4480585,139.6438243
志成,https://www.jalan.net/jalan/img/8/spot/0168/KXL/guide000000168909_1.jpg,https://www.jalan.net/kankou/spt_guide000000168909/,35.560265,139.505859
NOAHEART　CLUB,https://www.jalan.net/jalan/img/8/spot/0168/KXL/guide000000168183_1.jpg,https://www.jalan.net/kankou/spt_guide000000168183/,35.4560782,139.6338627
プリントハウスOM,https://www.jalan.net/jalan/img/7/spot/0167/KXL/guide000000167041_1.jpg,https://www.jalan.net/kankou/spt_guide000000167041/,35.534165,139.649734
TRACKS　JAPAN,https://www.jalan.net/jalan/img/4/spot/0164/KXL/guide000000164284_1.jpg,https://www.jalan.net/kankou/spt_guide000000164284/,35.4422397,139.6322186
わん・は〜と　絵本館,https://www.jalan.net/jalan/img/1/spot/0161/KXL/guide000000161706_1.jpg,https://www.jalan.net/kankou/spt_guide000000161706/,35.452713,139.5951149
goldie　H．P．FRANCE,https://www.jalan.net/jalan/img/1/spot/0151/KXL/guide000000151348_1.jpg,https://www.jalan.net/kankou/spt_guide000000151348/,35.4660292,139.6207188
ウィトリッヒの森,https://www.jalan.net/jalan/img/4/spot/0114/KXL/guide000000114021_1.jpg,https://www.jalan.net/kankou/spt_guide000000114021/,35.3759329,139.4982603
ドイツ足の健康館,https://www.jalan.net/jalan/img/4/spot/0114/KXL/guide000000114014_2.jpg,https://www.jalan.net/kankou/spt_guide000000114014/,35.4399971,139.6483695
