横浜ランドマークタワー　スカイガーデン,https://ext.yakei.jp/photo/pc/landmark1.jpg,https://yakei.jp/japan/spot.php?i=landmark,35.4545776,139.6314788
横浜ランドマークタワー3階,https://ext.yakei.jp/photo/pc/landmark3rd1.jpg,https://yakei.jp/japan/spot.php?i=landmark3rd,35.454954,139.6313859
横浜市役所　市民ラウンジ,https://ext.yakei.jp/photo/pc/yokohama-city-hall1.jpg,https://yakei.jp/japan/spot.php?i=yokohama-city-hall,35.45052,139.6339288
みなとみらい東急スクエア２,https://ext.yakei.jp/photo/pc/at1st1.jpg,https://yakei.jp/japan/spot.php?i=at1st,35.4563235,139.6328266
みなとみらい東急スクエア３,https://ext.yakei.jp/photo/pc/at2nd1.jpg,https://yakei.jp/japan/spot.php?i=at2nd,35.45669455,139.6344517
臨港パーク,https://ext.yakei.jp/photo/pc/rinko-park1.jpg,https://yakei.jp/japan/spot.php?i=rinko-park,35.4610616,139.6368945
ぷかり桟橋,https://ext.yakei.jp/photo/pc/pukari1.jpg,https://yakei.jp/japan/spot.php?i=pukari,35.458289,139.638389
日本丸メモリアルパーク,https://ext.yakei.jp/photo/pc/memorial-park1.jpg,https://yakei.jp/japan/spot.php?i=memorial-park,35.4536328,139.6326329
MARK IS　みなとみらい　みんなの庭,https://ext.yakei.jp/photo/pc/markis1.jpg,https://yakei.jp/japan/spot.php?i=markis,35.4578894,139.6319365
ヨコハマ グランド インターコンチネンタルホテル前,https://ext.yakei.jp/photo/pc/intercontinental1.jpg,https://yakei.jp/japan/spot.php?i=intercontinental,35.4575951,139.6372159
横浜マリンタワー,https://ext.yakei.jp/photo/pc/marine1.jpg,https://yakei.jp/japan/spot.php?i=marine,35.4439383,139.6509414
横浜港　大さん橋,https://ext.yakei.jp/photo/pc/oosanbashi1.jpg,https://yakei.jp/japan/spot.php?i=oosanbashi,35.4511766,139.6473228
山下公園,https://ext.yakei.jp/photo/pc/yamashita1.jpg,https://yakei.jp/japan/spot.php?i=yamashita,35.4456543,139.6500049
アニヴェルセルみなとみらい横浜,https://ext.yakei.jp/photo/pc/anniversaire1.jpg,https://yakei.jp/japan/spot.php?i=anniversaire,35.4546867,139.6356275
横浜赤レンガ倉庫,https://ext.yakei.jp/photo/pc/bricks1.jpg,https://yakei.jp/japan/spot.php?i=bricks,35.4525944,139.6428944
横浜ハンマーヘッド,https://ext.yakei.jp/photo/pc/hammerhead1.jpg,https://yakei.jp/japan/spot.php?i=hammerhead,35.4566535,139.6419573
マリン アンド ウォーク ヨコハマ,https://ext.yakei.jp/photo/pc/marineandwalk1.jpg,https://yakei.jp/japan/spot.php?i=marineandwalk,35.4545749,139.6420709
旧横浜港駅プラットフォーム,https://ext.yakei.jp/photo/pc/old-yokohama1.jpg,https://yakei.jp/japan/spot.php?i=old-yokohama,35.4540447,139.643321
汽車道,https://ext.yakei.jp/photo/pc/kishamichi1.jpg,https://yakei.jp/japan/spot.php?i=kishamichi,35.4528701,139.6345294
万国橋,https://ext.yakei.jp/photo/pc/bankokubashi1.jpg,https://yakei.jp/japan/spot.php?i=bankokubashi,35.4520447,139.6390498
ナビオス横浜,https://ext.yakei.jp/photo/pc/navios1.jpg,https://yakei.jp/japan/spot.php?i=navios,35.4527031,139.6391161
横浜ワールドポーターズ　ルーフガーデン,https://ext.yakei.jp/photo/pc/roofgarden1.jpg,https://yakei.jp/japan/spot.php?i=roofgarden,35.4540062,139.6389327
横浜ワールドポーターズ　駐車場,https://ext.yakei.jp/photo/pc/roofgarden-parking1.jpg,https://yakei.jp/japan/spot.php?i=roofgarden-parking,35.4540062,139.6389327
新港サークルウォーク,https://ext.yakei.jp/photo/pc/circle_walk1.jpg,https://yakei.jp/japan/spot.php?i=circle_walk,35.4539184,139.640517
クロスゲート屋上庭園,https://ext.yakei.jp/photo/pc/crossgate1.jpg,https://yakei.jp/japan/spot.php?i=crossgate,35.4511045,139.6325957
カップヌードル　ミュージアム　パーク,https://ext.yakei.jp/photo/pc/cupnoodle1.jpg,https://yakei.jp/japan/spot.php?i=cupnoodle,35.4561,139.6391454
ノートルダム横浜みなとみらい,https://ext.yakei.jp/photo/pc/notredame1.jpg,https://yakei.jp/japan/spot.php?i=notredame,35.4518877,139.6351537
北仲通北第一公園,https://ext.yakei.jp/photo/pc/kitanaka_first1.jpg,https://yakei.jp/japan/spot.php?i=kitanaka_first,35.4519286,139.6337893
北仲通北第二公園,https://ext.yakei.jp/photo/pc/kitanaka_second1.jpg,https://yakei.jp/japan/spot.php?i=kitanaka_second,35.4521293,139.636097
北仲通北第三公園,https://ext.yakei.jp/photo/pc/kitanaka_third1.jpg,https://yakei.jp/japan/spot.php?i=kitanaka_third,35.4519956,139.6384778
運河前遊歩道,https://ext.yakei.jp/photo/pc/canal-mae1.jpg,https://yakei.jp/japan/spot.php?i=canal-mae,35.452713,139.5951149
象の鼻テラス,https://ext.yakei.jp/photo/pc/zounohana_terrace1.jpg,https://yakei.jp/japan/spot.php?i=zounohana_terrace,35.4495748,139.6431524
山下臨港線プロムナード,https://ext.yakei.jp/photo/pc/yamashitarinko1.jpg,https://yakei.jp/japan/spot.php?i=yamashitarinko,35.44886805,139.6442528
象の鼻防波堤,https://ext.yakei.jp/photo/pc/zonohana_bohatei1.jpg,https://yakei.jp/japan/spot.php?i=zonohana_bohatei,35.4501134,139.6447551
開港の丘,https://ext.yakei.jp/photo/pc/kaiko_hills1.jpg,https://yakei.jp/japan/spot.php?i=kaiko_hills,35.4501514,139.6428272
桜木町歩道橋,https://ext.yakei.jp/photo/pc/sakuragicho_footbridge1.jpg,https://yakei.jp/japan/spot.php?i=sakuragicho_footbridge,35.449642,139.6322378
JR横浜タワー うみそらデッキ,https://ext.yakei.jp/photo/pc/umizora-deck1.jpg,https://yakei.jp/japan/spot.php?i=umizora-deck,35.4663696,139.6219645
そごう横浜店　太陽の広場,https://ext.yakei.jp/photo/pc/sogo1.jpg,https://yakei.jp/japan/spot.php?i=sogo,35.4654493,139.6250517
横浜スカイビル,https://ext.yakei.jp/photo/pc/skybuild1.jpg,https://yakei.jp/japan/spot.php?i=skybuild,35.4646185,139.6243441
みなとみらい大橋,https://ext.yakei.jp/photo/pc/mm_bridge1.jpg,https://yakei.jp/japan/spot.php?i=mm_bridge,35.4652369,139.6273805
高島水際線公園,https://ext.yakei.jp/photo/pc/mizugiwasen1.jpg,https://yakei.jp/japan/spot.php?i=mizugiwasen,35.465753,139.6308856
水際線プロムナード,https://ext.yakei.jp/photo/pc/mizugiwasen_prom1.jpg,https://yakei.jp/japan/spot.php?i=mizugiwasen_prom,35.4521422,139.6358035
はまみらいウォーク,https://ext.yakei.jp/photo/pc/hamamirai1.jpg,https://yakei.jp/japan/spot.php?i=hamamirai,35.4640865,139.6257333
ポートサイド公園,https://ext.yakei.jp/photo/pc/portside1.jpg,https://yakei.jp/japan/spot.php?i=portside,35.4676082,139.6304369
横浜ベイクォーター　Bay Garden,https://ext.yakei.jp/photo/pc/bayquarter1.jpg,https://yakei.jp/japan/spot.php?i=bayquarter,35.4664687,139.6267626
コットンハーバー,https://ext.yakei.jp/photo/pc/cotton1.jpg,https://yakei.jp/japan/spot.php?i=https://yakei.jp/japan/spot.php?i=cotton,35.468386,139.639393
瑞穗橋,https://ext.yakei.jp/photo/pc/mizuho1.jpg,https://yakei.jp/japan/spot.php?i=mizuho,35.4721045,139.6397649
幸ヶ谷公園,https://ext.yakei.jp/photo/pc/kougaya1.jpg,https://yakei.jp/japan/spot.php?i=kougaya,35.4720052,139.6293587
本覚寺,https://ext.yakei.jp/photo/pc/hongakuji1.jpg,https://yakei.jp/japan/spot.php?i=hongakuji,35.4720479,139.6267603
子安台公園,https://ext.yakei.jp/photo/pc/koyasudai1.jpg,https://yakei.jp/japan/spot.php?i=koyasudai,35.4926826,139.6602551
神之木公園,https://ext.yakei.jp/photo/pc/kaminoki1.jpg,https://yakei.jp/japan/spot.php?i=kaminoki,35.4955779,139.652355
西寺尾の丘公園,https://ext.yakei.jp/photo/pc/terao1.jpg,https://yakei.jp/japan/spot.php?i=terao,35.5003492,139.6489476
みはらし公園,https://ext.yakei.jp/photo/pc/miharashi_bay1.jpg,https://yakei.jp/japan/spot.php?i=miharashi_bay,35.4643309,139.6086919
高島山公園,https://ext.yakei.jp/photo/pc/takashima1.jpg,https://yakei.jp/japan/spot.php?i=takashima,35.4714485,139.6246815
三ッ沢上町公園,https://ext.yakei.jp/photo/pc/mitsuzawa1.jpg,https://yakei.jp/japan/spot.php?i=mitsuzawa,35.4764874,139.6046976
松見みはらし公園,https://ext.yakei.jp/photo/pc/matsumi1.jpg,https://yakei.jp/japan/spot.php?i=matsumi,35.5012161,139.6409114
大黒ふ頭西緑地,https://ext.yakei.jp/photo/pc/daikokufuto1.jpg,https://yakei.jp/japan/spot.php?i=daikokufuto,35.4583751,139.6770044
SKYWALK,https://ext.yakei.jp/photo/pc/skywalk1.jpg,https://yakei.jp/japan/spot.php?i=skywalk,35.4592695,139.676653
海芝浦駅,https://ext.yakei.jp/photo/pc/umishibaura1.jpg,https://yakei.jp/japan/spot.php?i=umishibaura,35.4860928,139.7008904
海芝公園,https://ext.yakei.jp/photo/pc/umishiba1.jpg,https://yakei.jp/japan/spot.php?i=umishiba,35.4858269,139.7002588
新芝浦駅,https://ext.yakei.jp/photo/pc/shinshibaura1.jpg,https://yakei.jp/japan/spot.php?i=shinshibaura,35.4918977,139.7001403
大黒プロムナード,https://ext.yakei.jp/photo/pc/daikoku1.jpg,https://yakei.jp/japan/spot.php?i=daikoku,35.4711864,139.6682829
横浜さとうのふるさとバス停,https://ext.yakei.jp/photo/pc/yokohama-sato1.jpg,https://yakei.jp/japan/spot.php?i=yokohama-sato,35.4694,139.671
潮見橋,https://ext.yakei.jp/photo/pc/shiomibashi1.jpg,https://yakei.jp/japan/spot.php?i=shiomibashi,35.50406695,139.6794925
港の見える丘公園,https://ext.yakei.jp/photo/pc/minato1.jpg,https://yakei.jp/japan/spot.php?i=minato,35.4405924,139.654746
横浜山手町,https://ext.yakei.jp/photo/pc/yokohama-yamate1.jpg,https://yakei.jp/japan/spot.php?i=yokohama-yamate,35.437212,139.6508526
ワシン坂上公園,https://ext.yakei.jp/photo/pc/washinzaka-park1.jpg,https://yakei.jp/japan/spot.php?i=washinzaka-park,35.4358586,139.6593545
神奈川県庁　屋上展望台,https://ext.yakei.jp/photo/pc/kanagawapref1.jpg,https://yakei.jp/japan/spot.php?i=kanagawapref,35.4476652,139.6426432
アメリカ山公園,https://ext.yakei.jp/photo/pc/americayama1.jpg,https://yakei.jp/japan/spot.php?i=americayama,35.4413358,139.6515664
山手イタリア山庭園,https://ext.yakei.jp/photo/pc/yamate_italia1.jpg,https://yakei.jp/japan/spot.php?i=yamate_italia,35.4366667,139.6433333
ワシン坂,https://ext.yakei.jp/photo/pc/washinzaka1.jpg,https://yakei.jp/japan/spot.php?i=washinzaka,35.43281895,139.6617106
元町百段公園,https://ext.yakei.jp/photo/pc/hyakudan1.jpg,https://yakei.jp/japan/spot.php?i=hyakudan,35.4397166,139.6488587
元町公園　貝殻坂,https://ext.yakei.jp/photo/pc/motomachi1.jpg,https://yakei.jp/japan/spot.php?i=motomachi,35.4381451,139.6513269
MEGAドン・キホーテ山下公園店　夜景フロア,https://ext.yakei.jp/photo/pc/megadonki1.jpg,https://yakei.jp/japan/spot.php?i=megadonki,35.4424167,139.653986
野毛山展望台,https://ext.yakei.jp/photo/pc/nogeyama1.jpg,https://yakei.jp/japan/spot.php?i=nogeyama,35.4450315,139.6232777
浅間台みはらし公園,https://ext.yakei.jp/photo/pc/sengen_miharashi1.jpg,https://yakei.jp/japan/spot.php?i=sengen_miharashi,35.4643309,139.6086919
宮田中学校前,https://ext.yakei.jp/photo/pc/miyata1.jpg,https://yakei.jp/japan/spot.php?i=miyata,35.46138,139.6028
御所山公園,https://ext.yakei.jp/photo/pc/goshoyama1.jpg,https://yakei.jp/japan/spot.php?i=goshoyama,35.4545026,139.623317
大岡川プロムナード,https://ext.yakei.jp/photo/pc/oookagawa1.jpg,https://yakei.jp/japan/spot.php?i=oookagawa,35.4248335,139.6004475
横浜成田山,https://ext.yakei.jp/photo/pc/yokohama-narita1.jpg,https://yakei.jp/japan/spot.php?i=yokohama-narita,35.4491667,139.6275
根岸森林公園,https://ext.yakei.jp/photo/pc/negishi1.jpg,https://yakei.jp/japan/spot.php?i=negishi,35.4240511,139.6380931
池袋公園,https://ext.yakei.jp/photo/pc/ikebukuro1.jpg,https://yakei.jp/japan/spot.php?i=ikebukuro,35.4217003,139.6502946
本牧山頂公園,https://ext.yakei.jp/photo/pc/honmoku1.jpg,https://yakei.jp/japan/spot.php?i=honmoku,35.4248668,139.6600252
本牧山頂公園　本牧荒井の丘,https://ext.yakei.jp/photo/pc/honmokuarai1.jpg,https://yakei.jp/japan/spot.php?i=honmokuarai,35.4217264,139.6509796
本牧臨海公園,https://ext.yakei.jp/photo/pc/honmokurinkai1.jpg,https://yakei.jp/japan/spot.php?i=honmokurinkai,35.4151294,139.6648599
横浜港シンボルタワー,https://ext.yakei.jp/photo/pc/yokohama_symbol1.jpg,https://yakei.jp/japan/spot.php?i=yokohama_symbol,35.4389973,139.6896205
根岸加曽台七曲り坂 ,https://ext.yakei.jp/photo/pc/negishikaso1.jpg,https://yakei.jp/japan/spot.php?i=negishikaso,35.4198913,139.6455863
星川3丁目階段,https://ext.yakei.jp/photo/pc/hoshikawa1.jpg,https://yakei.jp/japan/spot.php?i=hoshikawa,35.4664391,139.5909497
上星川あおぞら公園,https://ext.yakei.jp/photo/pc/kamihoshikawa1.jpg,https://yakei.jp/japan/spot.php?i=kamihoshikawa,35.4737929,139.5799542
峰岡町三丁目公園,https://ext.yakei.jp/photo/pc/mineoka1.jpg,https://yakei.jp/japan/spot.php?i=mineoka,35.4665277,139.5916376
富士山神社,https://ext.yakei.jp/photo/pc/fujisan-shrine1.jpg,https://yakei.jp/japan/spot.php?i=fujisan-shrine,35.4787903,139.5691986
三春台第二公園,https://ext.yakei.jp/photo/pc/miharudai1.jpg,https://yakei.jp/japan/spot.php?i=miharudai,35.440831,139.6187331
唐沢公園,https://ext.yakei.jp/photo/pc/karasawa1.jpg,https://yakei.jp/japan/spot.php?i=karasawa,35.432754,139.6333028
弘明寺公園展望台,https://ext.yakei.jp/photo/pc/gumyouji1.jpg,https://yakei.jp/japan/spot.php?i=gumyouji,35.4245835,139.5955461
清水ヶ丘公園,https://ext.yakei.jp/photo/pc/shimizu1.jpg,https://yakei.jp/japan/spot.php?i=shimizu,35.4377641,139.6059761
蒔田見晴らし公園,https://ext.yakei.jp/photo/pc/maita1.jpg,https://yakei.jp/japan/spot.php?i=maita,35.4233109,139.6136731
蒔田谷戸田上第二公園,https://ext.yakei.jp/photo/pc/maitatayatodaue1.jpg,https://yakei.jp/japan/spot.php?i=maitatayatodaue,35.4241999,139.6131061
蒔田三度台公園,https://ext.yakei.jp/photo/pc/maitasando1.jpg,https://yakei.jp/japan/spot.php?i=maitasando,35.4231532,139.6141981
蒔田伊勢山公園,https://ext.yakei.jp/photo/pc/maita_iseyama1.jpg,https://yakei.jp/japan/spot.php?i=maita_iseyama,35.4281887,139.6134829
中村冒険パーク,https://ext.yakei.jp/photo/pc/adventure1.jpg,https://yakei.jp/japan/spot.php?i=adventure,35.4293014,139.628501
打越橋,https://ext.yakei.jp/photo/pc/uchikoshi1.jpg,https://yakei.jp/japan/spot.php?i=uchikoshi,35.4334935,139.6389288
稲荷坂,https://ext.yakei.jp/photo/pc/inarizaka1.jpg,https://yakei.jp/japan/spot.php?i=inarizaka,35.4300677,139.6233961
黒船見物の丘,https://ext.yakei.jp/photo/pc/kamioooka1.jpg,https://yakei.jp/japan/spot.php?i=kamioooka,35.406066,139.6030458
真光寺付近,https://ext.yakei.jp/photo/pc/shinkouji1.jpg,https://yakei.jp/japan/spot.php?i=shinkouji,35.4071148,139.6021239
笹下中央公園,https://ext.yakei.jp/photo/pc/sasage1.jpg,https://yakei.jp/japan/spot.php?i=sasage,35.3922908,139.596624
下倉田脇谷公園,https://ext.yakei.jp/photo/pc/shimokurata1.jpg,https://yakei.jp/japan/spot.php?i=shimokurata,35.3868171,139.544118
吉田町大日谷公園,https://ext.yakei.jp/photo/pc/yoshidacho1.jpg,https://yakei.jp/japan/spot.php?i=yoshidacho,35.3989652,139.5443075
秋葉台公園,https://ext.yakei.jp/photo/pc/akibadai-park1.jpg,https://yakei.jp/japan/spot.php?i=akibadai-park,35.4243019,139.5471186
水神橋,https://ext.yakei.jp/photo/pc/suijin1.jpg,https://yakei.jp/japan/spot.php?i=suijin,35.3948787,139.5422636
川上公園,https://ext.yakei.jp/photo/pc/kawakami1.jpg,https://yakei.jp/japan/spot.php?i=kawakami,35.420092,139.5647765
東俣野中央公園,https://ext.yakei.jp/photo/pc/matano1.jpg,https://yakei.jp/japan/spot.php?i=matano,35.3665343,139.4943099
平戸みはらし公園,https://ext.yakei.jp/photo/pc/hiradio-miharashi1.jpg,https://yakei.jp/japan/spot.php?i=hiradio-miharashi,35.4261625,139.5644813
平戸小学校近く,https://ext.yakei.jp/photo/pc/hirado-school1.jpg,https://yakei.jp/japan/spot.php?i=hirado-school,35.42679,139.563741
平戸,https://ext.yakei.jp/photo/pc/hirado1.jpg,https://yakei.jp/japan/spot.php?i=hirado,35.4307999,139.5696586
岡津南第二公園,https://ext.yakei.jp/photo/pc/okadu1.jpg,https://yakei.jp/japan/spot.php?i=okadu,35.424729,139.5253746
境木町公園,https://ext.yakei.jp/photo/pc/sakaigi1.jpg,https://yakei.jp/japan/spot.php?i=sakaigi,35.4418747,139.5627423
円海山,https://ext.yakei.jp/photo/pc/enkaizan1.jpg,https://yakei.jp/japan/spot.php?i=enkaizan,35.60361045,139.109444
松の内公園,https://ext.yakei.jp/photo/pc/matsunouchi1.jpg,https://yakei.jp/japan/spot.php?i=matsunouchi,35.3850229,139.6102053
岡村三丁目第四公園,https://ext.yakei.jp/photo/pc/takigashira1.jpg,https://yakei.jp/japan/spot.php?i=takigashira,35.4218336,139.6128839
三殿台考古館前,https://ext.yakei.jp/photo/pc/santonodai1.jpg,https://yakei.jp/japan/spot.php?i=santonodai,35.4211183,139.6107672
森四丁目第五公園,https://ext.yakei.jp/photo/pc/mori1.jpg,https://yakei.jp/japan/spot.php?i=mori,35.3947268,139.605322
森みはらし公園,https://ext.yakei.jp/photo/pc/morinomiharashi1.jpg,https://yakei.jp/japan/spot.php?i=morinomiharashi,35.3987387,139.6127883
丸山1丁目公園,https://ext.yakei.jp/photo/pc/maruyama_isogo1.jpg,https://yakei.jp/japan/spot.php?i=maruyama_isogo,35.4253381,139.6190248
杉田臨海緑地,https://ext.yakei.jp/photo/pc/sugita1.jpg,https://yakei.jp/japan/spot.php?i=sugita,35.3845062,139.6275288
磯子・海の見える公園,https://ext.yakei.jp/photo/pc/uminomieru_park1.jpg,https://yakei.jp/japan/spot.php?i=uminomieru_park,35.4097941,139.6279506
東電前,https://ext.yakei.jp/photo/pc/shin-isogo1.jpg,https://yakei.jp/japan/spot.php?i=shin-isogo,35.3920509,139.5276626
新磯子町,https://ext.yakei.jp/photo/pc/shin_isogo1.jpg,https://yakei.jp/japan/spot.php?i=shin_isogo,35.4043731,139.6338462
ベイサイドマリーナ横浜,https://ext.yakei.jp/photo/pc/bayside_marina1.jpg,https://yakei.jp/japan/spot.php?i=bayside_marina,35.380219,139.6479247
野島公園,https://ext.yakei.jp/photo/pc/nojima1.jpg,https://yakei.jp/japan/spot.php?i=nojima,35.327395,139.6350801
エステ・シティ湘南六浦,https://ext.yakei.jp/photo/pc/mutsuura1.jpg,https://yakei.jp/japan/spot.php?i=mutsuura,35.314263,139.608485
ひまわり公園,https://ext.yakei.jp/photo/pc/himawari1.jpg,https://yakei.jp/japan/spot.php?i=himawari,35.5467104,139.6249831
富岡西公園,https://ext.yakei.jp/photo/pc/tomioka-west1.jpg,https://yakei.jp/japan/spot.php?i=tomioka-west,35.3640094,139.6205655
富岡総合公園 北台展望台,https://ext.yakei.jp/photo/pc/kitadai1.jpg,https://yakei.jp/japan/spot.php?i=kitadai,35.3773591,139.6278563
富岡総合公園　見晴らし台,https://ext.yakei.jp/photo/pc/tomioka_miharashi1.jpg,https://yakei.jp/japan/spot.php?i=tomioka_miharashi,35.3764441,139.6343786
みはらし公園,https://ext.yakei.jp/photo/pc/horiguchi-miharashi1.jpg,https://yakei.jp/japan/spot.php?i=horiguchi-miharashi,35.4643309,139.6086919
長浜,https://ext.yakei.jp/photo/pc/nagahama1.jpg,https://yakei.jp/japan/spot.php?i=nagahama,35.35632845,139.63563
能見台,https://ext.yakei.jp/photo/pc/noukendai1.jpg,https://yakei.jp/japan/spot.php?i=noukendai,35.35611245,139.615667
イオン金沢八景店　金沢八景展望室,https://ext.yakei.jp/photo/pc/daiei1.jpg,https://yakei.jp/japan/spot.php?i=daiei,35.3338936,139.6225572
鶴ヶ峰本町第三公園,https://ext.yakei.jp/photo/pc/tsurugamine1.jpg,https://yakei.jp/japan/spot.php?i=tsurugamine,35.4785327,139.545853
川島町,https://ext.yakei.jp/photo/pc/kawashimacho1.jpg,https://yakei.jp/japan/spot.php?i=kawashimacho,35.46994325,139.5675543
長津田みなみ台公園,https://ext.yakei.jp/photo/pc/nagatsuda1.jpg,https://yakei.jp/japan/spot.php?i=nagatsuda,35.5252331,139.5011073
飯縄神社,https://ext.yakei.jp/photo/pc/iinawa1.jpg,https://yakei.jp/japan/spot.php?i=iinawa,35.5118132,139.48354
八阪神社前,https://ext.yakei.jp/photo/pc/yasaka1.jpg,https://yakei.jp/japan/spot.php?i=yasaka,35.3948523,139.5299677
鴨池大橋,https://ext.yakei.jp/photo/pc/kamoike1.jpg,https://yakei.jp/japan/spot.php?i=kamoike,35.5120512,139.5643852
東本郷第一公園,https://ext.yakei.jp/photo/pc/higashihongo1.jpg,https://yakei.jp/japan/spot.php?i=higashihongo,35.5075885,139.5723744
東鴨居中学校裏,https://ext.yakei.jp/photo/pc/east-kamoi1.jpg,https://yakei.jp/japan/spot.php?i=east-kamoi,35.504755,139.5714741
シーアイハイツ たまプラーザ・パークヒルズ,https://ext.yakei.jp/photo/pc/tamaplaza1.jpg,https://yakei.jp/japan/spot.php?i=tamaplaza,35.5715039,139.5654382
新石川４丁目公園,https://ext.yakei.jp/photo/pc/shinishikawa1.jpg,https://yakei.jp/japan/spot.php?i=shinishikawa,35.5702975,139.565503
田奈第二公園,https://ext.yakei.jp/photo/pc/tanadaini1.jpg,https://yakei.jp/japan/spot.php?i=tanadaini,35.5385871,139.5060484
桜台公園,https://ext.yakei.jp/photo/pc/sakuradai1.jpg,https://yakei.jp/japan/spot.php?i=sakuradai,35.5490269,139.5099618
たちばな台公園,https://ext.yakei.jp/photo/pc/tachibana1.jpg,https://yakei.jp/japan/spot.php?i=tachibana,35.5543955,139.5166269
市ヶ尾第五公園,https://ext.yakei.jp/photo/pc/ichigao1.jpg,https://yakei.jp/japan/spot.php?i=ichigao,35.5387156,139.5374806
稲荷前古墳,https://ext.yakei.jp/photo/pc/inarimae1.jpg,https://yakei.jp/japan/spot.php?i=inarimae,35.5597698,139.5317105
稲荷前第六公園,https://ext.yakei.jp/photo/pc/inarimae_six1.jpg,https://yakei.jp/japan/spot.php?i=inarimae_six,35.559545,139.5341047
横浜国際プール　のぞみ橋,https://ext.yakei.jp/photo/pc/nozomi_bridge1.jpg,https://yakei.jp/japan/spot.php?i=nozomi_bridge,35.5641518,139.5944061
山田富士公園,https://ext.yakei.jp/photo/pc/yamadafuji1.jpg,https://yakei.jp/japan/spot.php?i=yamadafuji,35.5626701,139.5905813
滝ヶ谷公園,https://ext.yakei.jp/photo/pc/takigaya1.jpg,https://yakei.jp/japan/spot.php?i=takigaya,35.5583081,139.5946274
荏田南,https://ext.yakei.jp/photo/pc/eda_south1.jpg,https://yakei.jp/japan/spot.php?i=eda_south,35.54590275,139.5579892
富士塚古墳,https://ext.yakei.jp/photo/pc/fujizuka1.jpg,https://yakei.jp/japan/spot.php?i=fujizuka,35.4673508,139.6104424
川和富士公園,https://ext.yakei.jp/photo/pc/kawafuji1.jpg,https://yakei.jp/japan/spot.php?i=kawafuji,35.5330664,139.5566558
桜山歩道橋,https://ext.yakei.jp/photo/pc/sakurayama-hodo1.jpg,https://yakei.jp/japan/spot.php?i=sakurayama-hodo,35.5477034,139.5733388
ヨツバコ,https://ext.yakei.jp/photo/pc/yotsubako1.jpg,https://yakei.jp/japan/spot.php?i=yotsubako,35.5536957,139.5792389
早渕かなりあ公園,https://ext.yakei.jp/photo/pc/kanaria1.jpg,https://yakei.jp/japan/spot.php?i=kanaria,35.5510073,139.6017665
中川八幡山公園,https://ext.yakei.jp/photo/pc/nakagawa1.jpg,https://yakei.jp/japan/spot.php?i=nakagawa,35.5544576,139.5699161
吾妻山公園,https://ext.yakei.jp/photo/pc/azumayama1.jpg,https://yakei.jp/japan/spot.php?i=azumayama,35.5495077,139.5771555
東山田公園,https://ext.yakei.jp/photo/pc/higashiyamada1.jpg,https://yakei.jp/japan/spot.php?i=higashiyamada,35.5628814,139.6024525
山田神社,https://ext.yakei.jp/photo/pc/yamata1.jpg,https://yakei.jp/japan/spot.php?i=yamata,35.5549668,139.5978255
月出松公園,https://ext.yakei.jp/photo/pc/tsukidematsu1.jpg,https://yakei.jp/japan/spot.php?i=tsukidematsu,35.5262228,139.5585938
川和市民の森,https://ext.yakei.jp/photo/pc/kawawa-civic1.jpg,https://yakei.jp/japan/spot.php?i=kawawa-civic,35.5301297,139.552673
池辺市民の森,https://ext.yakei.jp/photo/pc/ikebe-civic1.jpg,https://yakei.jp/japan/spot.php?i=ikebe-civic,35.5263271,139.5634862
日吉公園,https://ext.yakei.jp/photo/pc/hiyoshi1.jpg,https://yakei.jp/japan/spot.php?i=hiyoshi,35.5590131,139.6474691
日吉本町5丁目　鳥居,https://ext.yakei.jp/photo/pc/hiyoshi-honcho1.jpg,https://yakei.jp/japan/spot.php?i=hiyoshi-honcho,35.550036,139.6336133
大倉山公園,https://ext.yakei.jp/photo/pc/ookurayama1.jpg,https://yakei.jp/japan/spot.php?i=ookurayama,35.5261619,139.6273319
新羽丘陵公園,https://ext.yakei.jp/photo/pc/nippa1.jpg,https://yakei.jp/japan/spot.php?i=nippa,35.5240803,139.6077887
太尾見晴らしの丘公園,https://ext.yakei.jp/photo/pc/futoo1.jpg,https://yakei.jp/japan/spot.php?i=futoo,35.5321413,139.6221055
高田天満宮,https://ext.yakei.jp/photo/pc/takatatenma1.jpg,https://yakei.jp/japan/spot.php?i=takatatenma,35.554758,139.620138
高田,https://ext.yakei.jp/photo/pc/takada1.jpg,https://yakei.jp/japan/spot.php?i=takada,35.5587579,139.6194825
新吉田第三公園,https://ext.yakei.jp/photo/pc/shinyoshida1.jpg,https://yakei.jp/japan/spot.php?i=shinyoshida,35.54178,139.6188548
正覚院,https://ext.yakei.jp/photo/pc/shogakuin1.jpg,https://yakei.jp/japan/spot.php?i=shogakuin,35.5091513,139.6216984
菊名三丁目公園,https://ext.yakei.jp/photo/pc/kikuna1.jpg,https://yakei.jp/japan/spot.php?i=kikuna,35.5067576,139.6377786
高田東,https://ext.yakei.jp/photo/pc/takada_east1.jpg,https://yakei.jp/japan/spot.php?i=takada_east,35.550039,139.6233714
高田第5公園,https://ext.yakei.jp/photo/pc/takata-five1.jpg,https://yakei.jp/japan/spot.php?i=takata-five,35.5514662,139.6248941
師岡町梅の丘公園,https://ext.yakei.jp/photo/pc/morooka1.jpg,https://yakei.jp/japan/spot.php?i=morooka,35.5232121,139.6418092
鳥山町,https://ext.yakei.jp/photo/pc/toriyama1.jpg,https://yakei.jp/japan/spot.php?i=toriyama,35.5059769,139.6072098
獅子ケ谷市民の森,https://ext.yakei.jp/photo/pc/shishigaya1.jpg,https://yakei.jp/japan/spot.php?i=shishigaya,35.5222473,139.6408189
川崎マリエン,https://ext.yakei.jp/photo/pc/marien1.jpg,https://yakei.jp/japan/spot.php?i=marien,35.4964547,139.7632178
東扇島東公園,https://ext.yakei.jp/photo/pc/ougi_east1.jpg,https://yakei.jp/japan/spot.php?i=ougi_east,35.504886,139.7723086
東扇島西公園,https://ext.yakei.jp/photo/pc/ougi_west1.jpg,https://yakei.jp/japan/spot.php?i=ougi_west,35.4876508,139.7428022
千鳥町,https://ext.yakei.jp/photo/pc/chidoricho1.jpg,https://yakei.jp/japan/spot.php?i=chidoricho,35.4104709,139.6526204
千鳥橋,https://ext.yakei.jp/photo/pc/chidori_bridge1.jpg,https://yakei.jp/japan/spot.php?i=chidori_bridge,35.47389,139.6390042
千鳥運河前,https://ext.yakei.jp/photo/pc/chidori_canal1.jpg,https://yakei.jp/japan/spot.php?i=chidori_canal,35.5266287,139.7571697
水江町水江運河,https://ext.yakei.jp/photo/pc/mizue_canal1.jpg,https://yakei.jp/japan/spot.php?i=mizue_canal,35.5152452,139.740905
水江町公園,https://ext.yakei.jp/photo/pc/mizue_park1.jpg,https://yakei.jp/japan/spot.php?i=mizue_park,35.5045216,139.7424557
浮島町 東燃ゼネラル石油前,https://ext.yakei.jp/photo/pc/ukishima_tonen1.jpg,https://yakei.jp/japan/spot.php?i=ukishima_tonen,35.5277765,139.7739142
浮島町　JX日鉱日石前,https://ext.yakei.jp/photo/pc/ukishima_jx1.jpg,https://yakei.jp/japan/spot.php?i=ukishima_jx,35.51432265,139.7977597
末広町駅貨物ヤード前,https://ext.yakei.jp/photo/pc/suehirocho1.jpg,https://yakei.jp/japan/spot.php?i=suehirocho,35.452713,139.5951149
ちどり公園,https://ext.yakei.jp/photo/pc/chidori1.jpg,https://yakei.jp/japan/spot.php?i=chidori,35.5108316,139.7590321
扇橋,https://ext.yakei.jp/photo/pc/ougi_baridge1.jpg,https://yakei.jp/japan/spot.php?i=ougi_baridge,35.3626051,139.5638427
扇町,https://ext.yakei.jp/photo/pc/ougimachi1.jpg,https://yakei.jp/japan/spot.php?i=ougimachi,35.4401002,139.6382747
大川緑地,https://ext.yakei.jp/photo/pc/ookawa_ryokuchi1.jpg,https://yakei.jp/japan/spot.php?i=ookawa_ryokuchi,35.3404427,139.620412
大川橋,https://ext.yakei.jp/photo/pc/ookawa_bridge1.jpg,https://yakei.jp/japan/spot.php?i=ookawa_bridge,35.4979247,139.7097674
汐留橋,https://ext.yakei.jp/photo/pc/shiodome_bridge1.jpg,https://yakei.jp/japan/spot.php?i=shiodome_bridge,35.6563591,139.7583293
夢見ヶ崎動物公園,https://ext.yakei.jp/photo/pc/zoopark1.jpg,https://yakei.jp/japan/spot.php?i=zoopark,35.5493189,139.6656112
夢見ヶ崎公園,https://ext.yakei.jp/photo/pc/ryogenji1.jpg,https://yakei.jp/japan/spot.php?i=ryogenji,35.5493189,139.6656112
多摩川見晴らし公園,https://ext.yakei.jp/photo/pc/tamagawa1.jpg,https://yakei.jp/japan/spot.php?i=tamagawa,35.5379047,139.6993298
グランツリー武蔵小杉　屋上庭園,https://ext.yakei.jp/photo/pc/grandtree1.jpg,https://yakei.jp/japan/spot.php?i=grandtree,35.5738264,139.6603535
井田伊勢台公園,https://ext.yakei.jp/photo/pc/idaisedai1.jpg,https://yakei.jp/japan/spot.php?i=idaisedai,35.5635805,139.6375515
鷺沼北公園,https://ext.yakei.jp/photo/pc/saginuma1.jpg,https://yakei.jp/japan/spot.php?i=saginuma,35.5837543,139.5687156
神木本町緑地,https://ext.yakei.jp/photo/pc/shinboku1.jpg,https://yakei.jp/japan/spot.php?i=shinboku,35.6051029,139.5783135
五所塚,https://ext.yakei.jp/photo/pc/goshoduka1.jpg,https://yakei.jp/japan/spot.php?i=goshoduka,35.602361,139.5095574
久末城法谷公園,https://ext.yakei.jp/photo/pc/hisasue1.jpg,https://yakei.jp/japan/spot.php?i=hisasue,35.5644211,139.6260927
久地不動緑道,https://ext.yakei.jp/photo/pc/kujifudo1.jpg,https://yakei.jp/japan/spot.php?i=kujifudo,35.606333,139.6034878
子母口公園,https://ext.yakei.jp/photo/pc/shibokuchi1.jpg,https://yakei.jp/japan/spot.php?i=shibokuchi,35.5725367,139.6285052
高津さんぽみち,https://ext.yakei.jp/photo/pc/takatsusanpo1.jpg,https://yakei.jp/japan/spot.php?i=takatsusanpo,35.490236,139.557833
千年緑地保全地区,https://ext.yakei.jp/photo/pc/chitose_ryokuchi1.jpg,https://yakei.jp/japan/spot.php?i=chitose_ryokuchi,35.5415564,139.4809383
新作八幡宮,https://ext.yakei.jp/photo/pc/shinsaku1.jpg,https://yakei.jp/japan/spot.php?i=shinsaku,35.5854691,139.6181156
生田配水池,https://ext.yakei.jp/photo/pc/ikuta_haisuichi1.jpg,https://yakei.jp/japan/spot.php?i=ikuta_haisuichi,35.6207316,139.5405873
生田配水池　展望デッキ,https://ext.yakei.jp/photo/pc/ikuta_deck1.jpg,https://yakei.jp/japan/spot.php?i=ikuta_deck,35.6196419,139.5402556
ふじやま遺跡公園,https://ext.yakei.jp/photo/pc/fujiyamaiseki1.jpg,https://yakei.jp/japan/spot.php?i=fujiyamaiseki,35.6081009,139.5808117
長尾宮前公園,https://ext.yakei.jp/photo/pc/nagaomiyamae1.jpg,https://yakei.jp/japan/spot.php?i=nagaomiyamae,35.606889,139.5774
長尾,https://ext.yakei.jp/photo/pc/nagao1.jpg,https://yakei.jp/japan/spot.php?i=nagao,35.36197195,139.5265533
Z坂,https://ext.yakei.jp/photo/pc/zsaka1.jpg,https://yakei.jp/japan/spot.php?i=zsaka,35.4055421,139.5953268
東名高速陸橋,https://ext.yakei.jp/photo/pc/tomei1.jpg,https://yakei.jp/japan/spot.php?i=tomei,35.5634114,139.5576494
東生田緑地,https://ext.yakei.jp/photo/pc/ikuta1.jpg,https://yakei.jp/japan/spot.php?i=ikuta,35.617938,139.5527457
枡形山,https://ext.yakei.jp/photo/pc/masugata1.jpg,https://yakei.jp/japan/spot.php?i=masugata,35.6111399,139.5609295
菅馬場,https://ext.yakei.jp/photo/pc/sugebanba1.jpg,https://yakei.jp/japan/spot.php?i=sugebanba,35.625011,139.5359392
古沢こもれびの杜緑地,https://ext.yakei.jp/photo/pc/komorebi1.jpg,https://yakei.jp/japan/spot.php?i=komorebi,35.6037017,139.4968453
五力田見晴らし公園,https://ext.yakei.jp/photo/pc/gorikida1.jpg,https://yakei.jp/japan/spot.php?i=gorikida,35.4643309,139.6086919
向原,https://ext.yakei.jp/photo/pc/mukaibara1.jpg,https://yakei.jp/japan/spot.php?i=mukaibara,35.5352304,139.5836895
万福寺さとやま公園,https://ext.yakei.jp/photo/pc/satoyama1.jpg,https://yakei.jp/japan/spot.php?i=satoyama,35.6083303,139.5042258
王禅寺見晴し公園,https://ext.yakei.jp/photo/pc/ouzenji1.jpg,https://yakei.jp/japan/spot.php?i=ouzenji,35.5996675,139.5205159
弘法松公園,https://ext.yakei.jp/photo/pc/koubou1.jpg,https://yakei.jp/japan/spot.php?i=koubou,35.6024301,139.515062
鶴川台　尾根緑地（東側）,https://ext.yakei.jp/photo/pc/tsurukawa_east1.jpg,https://yakei.jp/japan/spot.php?i=tsurukawa_east,35.5913501,139.4690926
鶴川台　尾根緑地（西側）,https://ext.yakei.jp/photo/pc/tsurukawa_west1.jpg,https://yakei.jp/japan/spot.php?i=tsurukawa_west,35.5913501,139.4690926
京王電鉄 若葉台車両基地,https://ext.yakei.jp/photo/pc/wakabadai-fac1.jpg,https://yakei.jp/japan/spot.php?i=wakabadai-fac,35.6224362,139.4670985
湘南平,https://ext.yakei.jp/photo/pc/syonan1.jpg,https://yakei.jp/japan/spot.php?i=syonan,35.3200254,139.3090369
日向岡,https://ext.yakei.jp/photo/pc/hinataoka1.jpg,https://yakei.jp/japan/spot.php?i=hinataoka,35.3403842,139.2997862
殿山,https://ext.yakei.jp/photo/pc/tonoyama1.jpg,https://yakei.jp/japan/spot.php?i=tonoyama,35.5083946,139.6528658
藤沢市役所本庁舎　展望デッキ,https://ext.yakei.jp/photo/pc/fujisawa1.jpg,https://yakei.jp/japan/spot.php?i=fujisawa,35.3387758,139.4908965
江の島シーキャンドル,https://ext.yakei.jp/photo/pc/enoshima1.jpg,https://yakei.jp/japan/spot.php?i=enoshima,35.2997417,139.478425
マイアミビーチ広場,https://ext.yakei.jp/photo/pc/maiami1.jpg,https://yakei.jp/japan/spot.php?i=maiami,25.8102415,-80.1401415
みどりの広場,https://ext.yakei.jp/photo/pc/midorinohiroba1.jpg,https://yakei.jp/japan/spot.php?i=midorinohiroba,35.4126641,139.5159726
湘南テラスモール,https://ext.yakei.jp/photo/pc/terracemall1.jpg,https://yakei.jp/japan/spot.php?i=terracemall,35.3383158,139.4463011
湘南江の島駅 　ルーフテラス,https://ext.yakei.jp/photo/pc/syonan-enoshima-st1.jpg,https://yakei.jp/japan/spot.php?i=syonan-enoshima-st,35.3117812,139.4877095
富士見坂,https://ext.yakei.jp/photo/pc/katasefujimi1.jpg,https://yakei.jp/japan/spot.php?i=katasefujimi,35.5042364,139.6307843
伊勢山公園　江の島が見える見晴台,https://ext.yakei.jp/photo/pc/iseyama-enoshima1.jpg,https://yakei.jp/japan/spot.php?i=iseyama-enoshima,35.3485424,139.4743253
伊勢山公園　かざはや広場,https://ext.yakei.jp/photo/pc/iseyama-kazahaya1.jpg,https://yakei.jp/japan/spot.php?i=iseyama-kazahaya,35.3488555,139.4739595
西富,https://ext.yakei.jp/photo/pc/nishitomi1.jpg,https://yakei.jp/japan/spot.php?i=nishitomi,35.3575435,139.4902702
大船なんてん公園,https://ext.yakei.jp/photo/pc/nanten1.jpg,https://yakei.jp/japan/spot.php?i=nanten,35.341668,139.5452767
松根台公園,https://ext.yakei.jp/photo/pc/matsunedai1.jpg,https://yakei.jp/japan/spot.php?i=matsunedai,35.4926826,139.6602551
披露山公園,https://ext.yakei.jp/photo/pc/hirouyama1.jpg,https://yakei.jp/japan/spot.php?i=hirouyama,35.296722,139.5648929
大崎公園,https://ext.yakei.jp/photo/pc/zushi_oosaki1.jpg,https://yakei.jp/japan/spot.php?i=zushi_oosaki,35.3763399,139.6082366
なごみの丘公園,https://ext.yakei.jp/photo/pc/nagomi1.jpg,https://yakei.jp/japan/spot.php?i=nagomi,35.2943912,139.5928981
湘南国際村,https://ext.yakei.jp/photo/pc/kokusai1.jpg,https://yakei.jp/japan/spot.php?i=kokusai,35.25400505,139.615513
鷹取山　展望広場,https://ext.yakei.jp/photo/pc/takatori1.jpg,https://yakei.jp/japan/spot.php?i=takatori,35.3065258,139.6127072
鷹取山　展望台,https://ext.yakei.jp/photo/pc/takatori_tenbo1.jpg,https://yakei.jp/japan/spot.php?i=takatori_tenbo,35.3065258,139.6127072
塚山公園,https://ext.yakei.jp/photo/pc/tsukayama1.jpg,https://yakei.jp/japan/spot.php?i=tsukayama,35.2800857,139.6414886
大楠山展望台,https://ext.yakei.jp/photo/pc/ookusu1.jpg,https://yakei.jp/japan/spot.php?i=ookusu,35.250193,139.6277364
横須賀中央公園,https://ext.yakei.jp/photo/pc/yokosukachuou1.jpg,https://yakei.jp/japan/spot.php?i=yokosukachuou,35.275478,139.6738437
衣笠山公園,https://ext.yakei.jp/photo/pc/kinugasayama1.jpg,https://yakei.jp/japan/spot.php?i=kinugasayama,35.25059,139.6591776
森崎小学校裏,https://ext.yakei.jp/photo/pc/morisaki1.jpg,https://yakei.jp/japan/spot.php?i=morisaki,35.244931,139.678916
くりはま花の国,https://ext.yakei.jp/photo/pc/kurihama1.jpg,https://yakei.jp/japan/spot.php?i=kurihama,35.2172612,139.7035438
しろさか歩道橋,https://ext.yakei.jp/photo/pc/shirosaka1.jpg,https://yakei.jp/japan/spot.php?i=shirosaka,35.5477113,139.5733377
八景の棚,https://ext.yakei.jp/photo/pc/hakenotana1.jpg,https://yakei.jp/japan/spot.php?i=hakenotana,35.5221145,139.3775629
三段の滝展望広場,https://ext.yakei.jp/photo/pc/sandan_fall1.jpg,https://yakei.jp/japan/spot.php?i=sandan_fall,35.516703,139.3797988
津久井湖城山公園　展望デッキ,https://ext.yakei.jp/photo/pc/tsukuiko_deck1.jpg,https://yakei.jp/japan/spot.php?i=tsukuiko_deck,35.5819666,139.2819312
城山若葉台,https://ext.yakei.jp/photo/pc/wakabadai1.jpg,https://yakei.jp/japan/spot.php?i=wakabadai,35.5962375,139.293394
金刀比羅宮,https://ext.yakei.jp/photo/pc/kotohiragu1.jpg,https://yakei.jp/japan/spot.php?i=kotohiragu,35.4710228,139.6249739
相模野C.C.,https://ext.yakei.jp/photo/pc/sagamino1.jpg,https://yakei.jp/japan/spot.php?i=sagamino,35.5588722,139.3026123
地頭山古墳,https://ext.yakei.jp/photo/pc/jito1.jpg,https://yakei.jp/japan/spot.php?i=jito,35.4280384,139.3523751
ぼうさいの丘,https://ext.yakei.jp/photo/pc/bousai1.jpg,https://yakei.jp/japan/spot.php?i=bousai,35.4712074,139.6179736
内陸工業団地,https://ext.yakei.jp/photo/pc/nairiku1.jpg,https://yakei.jp/japan/spot.php?i=nairiku,35.511148,139.356708
厚木パノラマタワー,https://ext.yakei.jp/photo/pc/atsugi1.jpg,https://yakei.jp/japan/spot.php?i=atsugi,35.4517627,139.3697264
鳶尾山観光展望台,https://ext.yakei.jp/photo/pc/tobio1.jpg,https://yakei.jp/japan/spot.php?i=tobio,35.4991383,139.3285406
座間公園,https://ext.yakei.jp/photo/pc/zama1.jpg,https://yakei.jp/japan/spot.php?i=zama,35.4918646,139.3935871
大山阿夫利神社,https://ext.yakei.jp/photo/pc/afuri1.jpg,https://yakei.jp/japan/spot.php?i=afuri,35.4318836,139.2382407
三之宮,https://ext.yakei.jp/photo/pc/sannomiya1.jpg,https://yakei.jp/japan/spot.php?i=sannomiya,35.5283653,139.526927
相模国三之宮 比々多神社,https://ext.yakei.jp/photo/pc/hibita1.jpg,https://yakei.jp/japan/spot.php?i=hibita,35.4012574,139.2840183
塔ノ越公園,https://ext.yakei.jp/photo/pc/tounokoshi1.jpg,https://yakei.jp/japan/spot.php?i=tounokoshi,35.6005973,139.5239446
八菅山展望台,https://ext.yakei.jp/photo/pc/hasuge1.jpg,https://yakei.jp/japan/spot.php?i=hasuge,35.5150128,139.3200732
馬込公園,https://ext.yakei.jp/photo/pc/umagome1.jpg,https://yakei.jp/japan/spot.php?i=umagome,35.5886968,139.7032328
杉久保第一児童公園,https://ext.yakei.jp/photo/pc/sugikubo1.jpg,https://yakei.jp/japan/spot.php?i=sugikubo,35.424073,139.399856
菜の花台（ヤビツ峠）,https://ext.yakei.jp/photo/pc/nanohanadai1.jpg,https://yakei.jp/japan/spot.php?i=nanohanadai,35.4100228,139.2086059
浅間神社,https://ext.yakei.jp/photo/pc/asama_temple1.jpg,https://yakei.jp/japan/spot.php?i=asama_temple,35.465467,139.6107217
岳ノ台峠,https://ext.yakei.jp/photo/pc/takenodai1.jpg,https://yakei.jp/japan/spot.php?i=takenodai,35.42613245,139.2133733
弘法山公園,https://ext.yakei.jp/photo/pc/koubouyama1.jpg,https://yakei.jp/japan/spot.php?i=koubouyama,35.3723722,139.2429989
弘法山公園　権現山,https://ext.yakei.jp/photo/pc/gongenyama1.jpg,https://yakei.jp/japan/spot.php?i=gongenyama,35.3308725,139.6174121
震生湖,https://ext.yakei.jp/photo/pc/shinseiko1.jpg,https://yakei.jp/japan/spot.php?i=shinseiko,35.37217,139.198445
震生湖ゴルフ練習場付近,https://ext.yakei.jp/photo/pc/shinseiko_gc1.jpg,https://yakei.jp/japan/spot.php?i=shinseiko_gc,35.4323554,139.5055957
秦野戸川公園,https://ext.yakei.jp/photo/pc/togawa1.jpg,https://yakei.jp/japan/spot.php?i=togawa,35.4029007,139.1734133
チェックメイトC.C.,https://ext.yakei.jp/photo/pc/checkmate1.jpg,https://yakei.jp/japan/spot.php?i=checkmate,35.3619308,139.1393737
西平畑公園,https://ext.yakei.jp/photo/pc/nishihirahata1.jpg,https://yakei.jp/japan/spot.php?i=nishihirahata,35.3521439,139.1376647
篠窪,https://ext.yakei.jp/photo/pc/shinokubo1.jpg,https://yakei.jp/japan/spot.php?i=shinokubo,35.35125885,139.1683716
富士見塚見晴休憩場,https://ext.yakei.jp/photo/pc/fujimizuka1.jpg,https://yakei.jp/japan/spot.php?i=fujimizuka,35.3472612,139.1644943
ミナカ小田原　屋上庭園,https://ext.yakei.jp/photo/pc/minaka1.jpg,https://yakei.jp/japan/spot.php?i=minaka,35.254755,139.1556309
小田原城,https://ext.yakei.jp/photo/pc/odawaracastle1.jpg,https://yakei.jp/japan/spot.php?i=odawaracastle,35.2509493,139.1535136
曽我別所,https://ext.yakei.jp/photo/pc/soga1.jpg,https://yakei.jp/japan/spot.php?i=soga,35.3946559,139.5798272
曽我別所　農道,https://ext.yakei.jp/photo/pc/soga-road1.jpg,https://yakei.jp/japan/spot.php?i=soga-road,35.301537,139.193001
見晴台,https://ext.yakei.jp/photo/pc/miharashidai-soga1.jpg,https://yakei.jp/japan/spot.php?i=miharashidai-soga,35.4255348,139.6593649
国上農道之碑,https://ext.yakei.jp/photo/pc/kunigami1.jpg,https://yakei.jp/japan/spot.php?i=kunigami,35.3276733,139.5922825
中河原配水池,https://ext.yakei.jp/photo/pc/nakagawara1.jpg,https://yakei.jp/japan/spot.php?i=nakagawara,35.4458124,139.6232093
歩道橋 マツダ ターンパイク箱根,https://ext.yakei.jp/photo/pc/hakone1.jpg,https://yakei.jp/japan/spot.php?i=hakone,35.2423187,139.1405463
湘南ビュー展望台 箱根ターンパイク,https://ext.yakei.jp/photo/pc/syonanview1.jpg,https://yakei.jp/japan/spot.php?i=syonanview,35.2138785,139.1110513
御所ノ入駐車場 箱根ターンパイク,https://ext.yakei.jp/photo/pc/goshonoiri1.jpg,https://yakei.jp/japan/spot.php?i=goshonoiri,35.452713,139.5951149
笠懸山,https://ext.yakei.jp/photo/pc/ishigaki1.jpg,https://yakei.jp/japan/spot.php?i=ishigaki,36.4033257,139.2759149
石垣山城,https://ext.yakei.jp/photo/pc/ichiyajyo1.jpg,https://yakei.jp/japan/spot.php?i=ichiyajyo,35.5123596,139.594124
おだわら諏訪の原公園,https://ext.yakei.jp/photo/pc/odawarasuwa1.jpg,https://yakei.jp/japan/spot.php?i=odawarasuwa,35.2830541,139.1341257
久野霊園,https://ext.yakei.jp/photo/pc/hisano1.jpg,https://yakei.jp/japan/spot.php?i=hisano,35.258714,139.1078655
南足柄小田原道路,https://ext.yakei.jp/photo/pc/ashigara1.jpg,https://yakei.jp/japan/spot.php?i=ashigara,35.3373328,139.2437282
足柄万葉公園,https://ext.yakei.jp/photo/pc/ashigara_manyo1.jpg,https://yakei.jp/japan/spot.php?i=ashigara_manyo,35.323257,139.0168012
南足柄市運動公園,https://ext.yakei.jp/photo/pc/minamiashigara1.jpg,https://yakei.jp/japan/spot.php?i=minamiashigara,35.3419139,139.0966127
範茂史跡公園,https://ext.yakei.jp/photo/pc/norishigeshiseki1.jpg,https://yakei.jp/japan/spot.php?i=norishigeshiseki,35.3259204,139.1059147
丸山公園,https://ext.yakei.jp/photo/pc/maruyama1.jpg,https://yakei.jp/japan/spot.php?i=maruyama,35.450765,139.5221233
大野山乳牛育成牧場,https://ext.yakei.jp/photo/pc/ooyama1.jpg,https://yakei.jp/japan/spot.php?i=ooyama,35.3837755,139.0507145
山北町　東名高速横,https://ext.yakei.jp/photo/pc/yamakita1.jpg,https://yakei.jp/japan/spot.php?i=yamakita,35.4440944,139.64055
箱根駒ヶ岳ロープウエイ,https://ext.yakei.jp/photo/pc/hakone-komagatake1.jpg,https://yakei.jp/japan/spot.php?i=hakone-komagatake,35.2132107,139.0102018
ゆめ公園 (湯河原総合運動公園),https://ext.yakei.jp/photo/pc/yume_park1.jpg,https://yakei.jp/japan/spot.php?i=yume_park,35.1670835,139.1198797
星ヶ山公園　さつきの郷,https://ext.yakei.jp/photo/pc/hoshigayama1.jpg,https://yakei.jp/japan/spot.php?i=hoshigayama,35.1772852,139.1154156
