横浜ランドマークタワー　スカイガーデン,"https://ext.yakei.jp/photo/pc/landmark1.jpg","https://yakei.jp/japan/spot.php?i=landmark",35.4559265802915,35.4532286197085,139.6328277802915,139.6301298197085
横浜ランドマークタワー3階,"https://ext.yakei.jp/photo/pc/landmark3rd1.jpg","https://yakei.jp/japan/spot.php?i=landmark3rd",35.45630298029151,35.45360501970851,139.6327348802915,139.6300369197085
横浜市役所　市民ラウンジ,"https://ext.yakei.jp/photo/pc/yokohama-city-hall1.jpg","https://yakei.jp/japan/spot.php?i=yokohama-city-hall",35.45186898029149,35.4491710197085,139.6352777802915,139.6325798197085
みなとみらい東急スクエア２,"https://ext.yakei.jp/photo/pc/at1st1.jpg","https://yakei.jp/japan/spot.php?i=at1st",35.4576724802915,35.4549745197085,139.6341755802915,139.6314776197085
みなとみらい東急スクエア３,"https://ext.yakei.jp/photo/pc/at2nd1.jpg","https://yakei.jp/japan/spot.php?i=at2nd",35.4580435302915,35.45534556970851,139.6358006802915,139.6331027197085
臨港パーク,"https://ext.yakei.jp/photo/pc/rinko-park1.jpg","https://yakei.jp/japan/spot.php?i=rinko-park",35.4624105802915,35.4597126197085,139.6382434802915,139.6355455197085
ぷかり桟橋,"https://ext.yakei.jp/photo/pc/pukari1.jpg","https://yakei.jp/japan/spot.php?i=pukari",35.4596379802915,35.4569400197085,139.6397379802915,139.6370400197085
日本丸メモリアルパーク,"https://ext.yakei.jp/photo/pc/memorial-park1.jpg","https://yakei.jp/japan/spot.php?i=memorial-park",35.4549817802915,35.45228381970851,139.6339818802915,139.6312839197085
MARK IS　みなとみらい　みんなの庭,"https://ext.yakei.jp/photo/pc/markis1.jpg","https://yakei.jp/japan/spot.php?i=markis",35.4592383802915,35.4565404197085,139.6332854802915,139.6305875197085
ヨコハマ グランド インターコンチネンタルホテル前,"https://ext.yakei.jp/photo/pc/intercontinental1.jpg","https://yakei.jp/japan/spot.php?i=intercontinental",35.4589440802915,35.4562461197085,139.6385648802915,139.6358669197085
横浜マリンタワー,"https://ext.yakei.jp/photo/pc/marine1.jpg","https://yakei.jp/japan/spot.php?i=marine",35.4452872802915,35.4425893197085,139.6522903802915,139.6495924197085
横浜港　大さん橋,"https://ext.yakei.jp/photo/pc/oosanbashi1.jpg","https://yakei.jp/japan/spot.php?i=oosanbashi",35.45252558029149,35.44982761970849,139.6486717802915,139.6459738197085
山下公園,"https://ext.yakei.jp/photo/pc/yamashita1.jpg","https://yakei.jp/japan/spot.php?i=yamashita",35.4470032802915,35.4443053197085,139.6513538802915,139.6486559197085
アニヴェルセルみなとみらい横浜,"https://ext.yakei.jp/photo/pc/anniversaire1.jpg","https://yakei.jp/japan/spot.php?i=anniversaire",35.4560356802915,35.4533377197085,139.6369764802915,139.6342785197085
横浜赤レンガ倉庫,"https://ext.yakei.jp/photo/pc/bricks1.jpg","https://yakei.jp/japan/spot.php?i=bricks",35.4539433802915,35.4512454197085,139.6442433802915,139.6415454197085
横浜ハンマーヘッド,"https://ext.yakei.jp/photo/pc/hammerhead1.jpg","https://yakei.jp/japan/spot.php?i=hammerhead",35.4580024802915,35.4553045197085,139.6433062802915,139.6406083197085
マリン アンド ウォーク ヨコハマ,"https://ext.yakei.jp/photo/pc/marineandwalk1.jpg","https://yakei.jp/japan/spot.php?i=marineandwalk",35.45592388029149,35.45322591970849,139.6434198802915,139.6407219197085
旧横浜港駅プラットフォーム,"https://ext.yakei.jp/photo/pc/old-yokohama1.jpg","https://yakei.jp/japan/spot.php?i=old-yokohama",35.4553936802915,35.4526957197085,139.6446699802915,139.6419720197085
汽車道,"https://ext.yakei.jp/photo/pc/kishamichi1.jpg","https://yakei.jp/japan/spot.php?i=kishamichi",35.4542190802915,35.4515211197085,139.6358783802915,139.6331804197085
万国橋,"https://ext.yakei.jp/photo/pc/bankokubashi1.jpg","https://yakei.jp/japan/spot.php?i=bankokubashi",35.45339368029151,35.45069571970851,139.6403987802915,139.6377008197085
ナビオス横浜,"https://ext.yakei.jp/photo/pc/navios1.jpg","https://yakei.jp/japan/spot.php?i=navios",35.4540520802915,35.4513541197085,139.6404650802915,139.6377671197085
横浜ワールドポーターズ　ルーフガーデン,"https://ext.yakei.jp/photo/pc/roofgarden1.jpg","https://yakei.jp/japan/spot.php?i=roofgarden",35.45535518029151,35.45265721970851,139.6402816802915,139.6375837197085
横浜ワールドポーターズ　駐車場,"https://ext.yakei.jp/photo/pc/roofgarden-parking1.jpg","https://yakei.jp/japan/spot.php?i=roofgarden-parking",35.45535518029151,35.45265721970851,139.6402816802915,139.6375837197085
新港サークルウォーク,"https://ext.yakei.jp/photo/pc/circle_walk1.jpg","https://yakei.jp/japan/spot.php?i=circle_walk",35.4552673802915,35.4525694197085,139.6418659802915,139.6391680197085
クロスゲート屋上庭園,"https://ext.yakei.jp/photo/pc/crossgate1.jpg","https://yakei.jp/japan/spot.php?i=crossgate",35.4524534802915,35.4497555197085,139.6339446802915,139.6312467197085
カップヌードル　ミュージアム　パーク,"https://ext.yakei.jp/photo/pc/cupnoodle1.jpg","https://yakei.jp/japan/spot.php?i=cupnoodle",35.4574489802915,35.4547510197085,139.6404943802915,139.6377964197085
ノートルダム横浜みなとみらい,"https://ext.yakei.jp/photo/pc/notredame1.jpg","https://yakei.jp/japan/spot.php?i=notredame",35.4532366802915,35.4505387197085,139.6365026802915,139.6338047197085
北仲通北第一公園,"https://ext.yakei.jp/photo/pc/kitanaka_first1.jpg","https://yakei.jp/japan/spot.php?i=kitanaka_first",35.4532775802915,35.4505796197085,139.6351382802915,139.6324403197085
北仲通北第二公園,"https://ext.yakei.jp/photo/pc/kitanaka_second1.jpg","https://yakei.jp/japan/spot.php?i=kitanaka_second",35.4534782802915,35.4507803197085,139.6374459802915,139.6347480197085
北仲通北第三公園,"https://ext.yakei.jp/photo/pc/kitanaka_third1.jpg","https://yakei.jp/japan/spot.php?i=kitanaka_third",35.45334458029149,35.4506466197085,139.6398267802915,139.6371288197085
運河前遊歩道,"https://ext.yakei.jp/photo/pc/canal-mae1.jpg","https://yakei.jp/japan/spot.php?i=canal-mae",35.5928206,35.3126054,139.7254434,139.4647863
象の鼻テラス,"https://ext.yakei.jp/photo/pc/zounohana_terrace1.jpg","https://yakei.jp/japan/spot.php?i=zounohana_terrace",35.4509237802915,35.4482258197085,139.6445013802915,139.6418034197085
山下臨港線プロムナード,"https://ext.yakei.jp/photo/pc/yamashitarinko1.jpg","https://yakei.jp/japan/spot.php?i=yamashitarinko",35.4506709,35.4470652,139.6464845,139.6420211
象の鼻防波堤,"https://ext.yakei.jp/photo/pc/zonohana_bohatei1.jpg","https://yakei.jp/japan/spot.php?i=zonohana_bohatei",35.4514623802915,35.4487644197085,139.6461040802915,139.6434061197085
開港の丘,"https://ext.yakei.jp/photo/pc/kaiko_hills1.jpg","https://yakei.jp/japan/spot.php?i=kaiko_hills",35.4515003802915,35.4488024197085,139.6441761802915,139.6414782197085
桜木町歩道橋,"https://ext.yakei.jp/photo/pc/sakuragicho_footbridge1.jpg","https://yakei.jp/japan/spot.php?i=sakuragicho_footbridge",35.4509909802915,35.4482930197085,139.6335867802915,139.6308888197085
JR横浜タワー うみそらデッキ,"https://ext.yakei.jp/photo/pc/umizora-deck1.jpg","https://yakei.jp/japan/spot.php?i=umizora-deck",35.4677185802915,35.4650206197085,139.6233134802915,139.6206155197085
そごう横浜店　太陽の広場,"https://ext.yakei.jp/photo/pc/sogo1.jpg","https://yakei.jp/japan/spot.php?i=sogo",35.46679828029149,35.4641003197085,139.6264006802915,139.6237027197085
横浜スカイビル,"https://ext.yakei.jp/photo/pc/skybuild1.jpg","https://yakei.jp/japan/spot.php?i=skybuild",35.4659674802915,35.4632695197085,139.6256930802915,139.6229951197085
みなとみらい大橋,"https://ext.yakei.jp/photo/pc/mm_bridge1.jpg","https://yakei.jp/japan/spot.php?i=mm_bridge",35.4665858802915,35.4638879197085,139.6287294802915,139.6260315197085
高島水際線公園,"https://ext.yakei.jp/photo/pc/mizugiwasen1.jpg","https://yakei.jp/japan/spot.php?i=mizugiwasen",35.4671019802915,35.4644040197085,139.6322345802915,139.6295366197085
水際線プロムナード,"https://ext.yakei.jp/photo/pc/mizugiwasen_prom1.jpg","https://yakei.jp/japan/spot.php?i=mizugiwasen_prom",35.4534911802915,35.4507932197085,139.6371524802915,139.6344545197085
はまみらいウォーク,"https://ext.yakei.jp/photo/pc/hamamirai1.jpg","https://yakei.jp/japan/spot.php?i=hamamirai",35.4654354802915,35.4627375197085,139.6270822802915,139.6243843197085
ポートサイド公園,"https://ext.yakei.jp/photo/pc/portside1.jpg","https://yakei.jp/japan/spot.php?i=portside",35.4689571802915,35.4662592197085,139.6317858802915,139.6290879197085
横浜ベイクォーター　Bay Garden,"https://ext.yakei.jp/photo/pc/bayquarter1.jpg","https://yakei.jp/japan/spot.php?i=bayquarter",35.4678176802915,35.4651197197085,139.6281115802915,139.6254136197085
コットンハーバー,"https://ext.yakei.jp/photo/pc/cotton1.jpg","https://yakei.jp/japan/spot.php?i="https://yakei.jp/japan/spot.php?i=cotton",35.46973498029149,35.46703701970849,139.6407419802915,139.6380440197085
瑞穗橋,"https://ext.yakei.jp/photo/pc/mizuho1.jpg","https://yakei.jp/japan/spot.php?i=mizuho",35.4734534802915,35.4707555197085,139.6411138802915,139.6384159197085
幸ヶ谷公園,"https://ext.yakei.jp/photo/pc/kougaya1.jpg","https://yakei.jp/japan/spot.php?i=kougaya",35.47335418029149,35.4706562197085,139.6307076802915,139.6280097197085
本覚寺,"https://ext.yakei.jp/photo/pc/hongakuji1.jpg","https://yakei.jp/japan/spot.php?i=hongakuji",35.4733968802915,35.4706989197085,139.6281092802915,139.6254113197085
子安台公園,"https://ext.yakei.jp/photo/pc/koyasudai1.jpg","https://yakei.jp/japan/spot.php?i=koyasudai",35.49403158029149,35.49133361970849,139.6616040802915,139.6589061197085
神之木公園,"https://ext.yakei.jp/photo/pc/kaminoki1.jpg","https://yakei.jp/japan/spot.php?i=kaminoki",35.4969268802915,35.4942289197085,139.6537039802915,139.6510060197085
西寺尾の丘公園,"https://ext.yakei.jp/photo/pc/terao1.jpg","https://yakei.jp/japan/spot.php?i=terao",35.50169818029149,35.49900021970849,139.6502965802915,139.6475986197085
みはらし公園,"https://ext.yakei.jp/photo/pc/miharashi_bay1.jpg","https://yakei.jp/japan/spot.php?i=miharashi_bay",35.4656798802915,35.4629819197085,139.6100408802915,139.6073429197085
高島山公園,"https://ext.yakei.jp/photo/pc/takashima1.jpg","https://yakei.jp/japan/spot.php?i=takashima",35.4727974802915,35.4700995197085,139.6260304802915,139.6233325197085
三ッ沢上町公園,"https://ext.yakei.jp/photo/pc/mitsuzawa1.jpg","https://yakei.jp/japan/spot.php?i=mitsuzawa",35.47783638029149,35.47513841970849,139.6060465802915,139.6033486197085
松見みはらし公園,"https://ext.yakei.jp/photo/pc/matsumi1.jpg","https://yakei.jp/japan/spot.php?i=matsumi",35.5025650802915,35.4998671197085,139.6422603802915,139.6395624197085
大黒ふ頭西緑地,"https://ext.yakei.jp/photo/pc/daikokufuto1.jpg","https://yakei.jp/japan/spot.php?i=daikokufuto",35.4597240802915,35.4570261197085,139.6783533802915,139.6756554197085
SKYWALK,"https://ext.yakei.jp/photo/pc/skywalk1.jpg","https://yakei.jp/japan/spot.php?i=skywalk",35.4606184802915,35.4579205197085,139.6780019802915,139.6753040197085
海芝浦駅,"https://ext.yakei.jp/photo/pc/umishibaura1.jpg","https://yakei.jp/japan/spot.php?i=umishibaura",35.4874417802915,35.4847438197085,139.7022393802915,139.6995414197085
海芝公園,"https://ext.yakei.jp/photo/pc/umishiba1.jpg","https://yakei.jp/japan/spot.php?i=umishiba",35.4871758802915,35.4844779197085,139.7016077802915,139.6989098197085
新芝浦駅,"https://ext.yakei.jp/photo/pc/shinshibaura1.jpg","https://yakei.jp/japan/spot.php?i=shinshibaura",35.4932466802915,35.4905487197085,139.7014892802915,139.6987913197085
大黒プロムナード,"https://ext.yakei.jp/photo/pc/daikoku1.jpg","https://yakei.jp/japan/spot.php?i=daikoku",35.4725353802915,35.4698374197085,139.6696318802915,139.6669339197085
横浜さとうのふるさとバス停,"https://ext.yakei.jp/photo/pc/yokohama-sato1.jpg","https://yakei.jp/japan/spot.php?i=yokohama-sato",35.4707489802915,35.4680510197085,139.6723489802915,139.6696510197085
潮見橋,"https://ext.yakei.jp/photo/pc/shiomibashi1.jpg","https://yakei.jp/japan/spot.php?i=shiomibashi",35.50541593029149,35.50271796970849,139.6808414802915,139.6781435197085
港の見える丘公園,"https://ext.yakei.jp/photo/pc/minato1.jpg","https://yakei.jp/japan/spot.php?i=minato",35.4419413802915,35.4392434197085,139.6560949802915,139.6533970197085
横浜山手町,"https://ext.yakei.jp/photo/pc/yokohama-yamate1.jpg","https://yakei.jp/japan/spot.php?i=yokohama-yamate",35.4426169,35.4318071,139.6630065,139.6386987
ワシン坂上公園,"https://ext.yakei.jp/photo/pc/washinzaka-park1.jpg","https://yakei.jp/japan/spot.php?i=washinzaka-park",35.4372075802915,35.4345096197085,139.6607034802915,139.6580055197085
神奈川県庁　屋上展望台,"https://ext.yakei.jp/photo/pc/kanagawapref1.jpg","https://yakei.jp/japan/spot.php?i=kanagawapref",35.44901418029149,35.4463162197085,139.6439921802915,139.6412942197085
アメリカ山公園,"https://ext.yakei.jp/photo/pc/americayama1.jpg","https://yakei.jp/japan/spot.php?i=americayama",35.44268478029149,35.4399868197085,139.6529153802915,139.6502174197085
山手イタリア山庭園,"https://ext.yakei.jp/photo/pc/yamate_italia1.jpg","https://yakei.jp/japan/spot.php?i=yamate_italia",35.4380156802915,35.4353177197085,139.6446822802915,139.6419843197085
ワシン坂,"https://ext.yakei.jp/photo/pc/washinzaka1.jpg","https://yakei.jp/japan/spot.php?i=washinzaka",35.4341679302915,35.4314699697085,139.6630595302915,139.6603615697085
元町百段公園,"https://ext.yakei.jp/photo/pc/hyakudan1.jpg","https://yakei.jp/japan/spot.php?i=hyakudan",35.4410655802915,35.4383676197085,139.6502076802915,139.6475097197085
元町公園　貝殻坂,"https://ext.yakei.jp/photo/pc/motomachi1.jpg","https://yakei.jp/japan/spot.php?i=motomachi",35.4394940802915,35.4367961197085,139.6526758802915,139.6499779197085
MEGAドン・キホーテ山下公園店　夜景フロア,"https://ext.yakei.jp/photo/pc/megadonki1.jpg","https://yakei.jp/japan/spot.php?i=megadonki",35.44376568029151,35.44106771970851,139.6553349802915,139.6526370197085
野毛山展望台,"https://ext.yakei.jp/photo/pc/nogeyama1.jpg","https://yakei.jp/japan/spot.php?i=nogeyama",35.4463804802915,35.4436825197085,139.6246266802915,139.6219287197085
浅間台みはらし公園,"https://ext.yakei.jp/photo/pc/sengen_miharashi1.jpg","https://yakei.jp/japan/spot.php?i=sengen_miharashi",35.4656798802915,35.4629819197085,139.6100408802915,139.6073429197085
宮田中学校前,"https://ext.yakei.jp/photo/pc/miyata1.jpg","https://yakei.jp/japan/spot.php?i=miyata",35.4627289802915,35.4600310197085,139.6041489802915,139.6014510197085
御所山公園,"https://ext.yakei.jp/photo/pc/goshoyama1.jpg","https://yakei.jp/japan/spot.php?i=goshoyama",35.45585158029149,35.4531536197085,139.6246659802915,139.6219680197085
大岡川プロムナード,"https://ext.yakei.jp/photo/pc/oookagawa1.jpg","https://yakei.jp/japan/spot.php?i=oookagawa",35.4261824802915,35.4234845197085,139.6017964802915,139.5990985197085
横浜成田山,"https://ext.yakei.jp/photo/pc/yokohama-narita1.jpg","https://yakei.jp/japan/spot.php?i=yokohama-narita",35.4505156802915,35.4478177197085,139.6288489802915,139.6261510197085
根岸森林公園,"https://ext.yakei.jp/photo/pc/negishi1.jpg","https://yakei.jp/japan/spot.php?i=negishi",35.4254000802915,35.4227021197085,139.6394420802915,139.6367441197085
池袋公園,"https://ext.yakei.jp/photo/pc/ikebukuro1.jpg","https://yakei.jp/japan/spot.php?i=ikebukuro",35.42304928029149,35.42035131970849,139.6516435802915,139.6489456197085
本牧山頂公園,"https://ext.yakei.jp/photo/pc/honmoku1.jpg","https://yakei.jp/japan/spot.php?i=honmoku",35.4262157802915,35.4235178197085,139.6613741802915,139.6586762197085
本牧山頂公園　本牧荒井の丘,"https://ext.yakei.jp/photo/pc/honmokuarai1.jpg","https://yakei.jp/japan/spot.php?i=honmokuarai",35.42307538029149,35.42037741970849,139.6523285802915,139.6496306197085
本牧臨海公園,"https://ext.yakei.jp/photo/pc/honmokurinkai1.jpg","https://yakei.jp/japan/spot.php?i=honmokurinkai",35.41647838029149,35.41378041970849,139.6662088802915,139.6635109197085
横浜港シンボルタワー,"https://ext.yakei.jp/photo/pc/yokohama_symbol1.jpg","https://yakei.jp/japan/spot.php?i=yokohama_symbol",35.4403462802915,35.4376483197085,139.6909694802915,139.6882715197085
根岸加曽台七曲り坂 ,"https://ext.yakei.jp/photo/pc/negishikaso1.jpg","https://yakei.jp/japan/spot.php?i=negishikaso",35.4212402802915,35.4185423197085,139.6495205,139.6416521
星川3丁目階段,"https://ext.yakei.jp/photo/pc/hoshikawa1.jpg","https://yakei.jp/japan/spot.php?i=hoshikawa",35.46778808029149,35.4650901197085,139.5922986802915,139.5896007197085
上星川あおぞら公園,"https://ext.yakei.jp/photo/pc/kamihoshikawa1.jpg","https://yakei.jp/japan/spot.php?i=kamihoshikawa",35.4751418802915,35.4724439197085,139.5813031802915,139.5786052197085
峰岡町三丁目公園,"https://ext.yakei.jp/photo/pc/mineoka1.jpg","https://yakei.jp/japan/spot.php?i=mineoka",35.4678766802915,35.4651787197085,139.5929865802915,139.5902886197085
富士山神社,"https://ext.yakei.jp/photo/pc/fujisan-shrine1.jpg","https://yakei.jp/japan/spot.php?i=fujisan-shrine",35.4801392802915,35.4774413197085,139.5705475802915,139.5678496197085
三春台第二公園,"https://ext.yakei.jp/photo/pc/miharudai1.jpg","https://yakei.jp/japan/spot.php?i=miharudai",35.44217998029149,35.43948201970849,139.6200820802915,139.6173841197085
唐沢公園,"https://ext.yakei.jp/photo/pc/karasawa1.jpg","https://yakei.jp/japan/spot.php?i=karasawa",35.4341029802915,35.4314050197085,139.6346517802915,139.6319538197085
弘明寺公園展望台,"https://ext.yakei.jp/photo/pc/gumyouji1.jpg","https://yakei.jp/japan/spot.php?i=gumyouji",35.4259324802915,35.4232345197085,139.5968950802915,139.5941971197085
清水ヶ丘公園,"https://ext.yakei.jp/photo/pc/shimizu1.jpg","https://yakei.jp/japan/spot.php?i=shimizu",35.43911308029149,35.4364151197085,139.6073250802915,139.6046271197085
蒔田見晴らし公園,"https://ext.yakei.jp/photo/pc/maita1.jpg","https://yakei.jp/japan/spot.php?i=maita",35.4246598802915,35.4219619197085,139.6150220802915,139.6123241197085
蒔田谷戸田上第二公園,"https://ext.yakei.jp/photo/pc/maitatayatodaue1.jpg","https://yakei.jp/japan/spot.php?i=maitatayatodaue",35.42554888029149,35.4228509197085,139.6144550802915,139.6117571197085
蒔田三度台公園,"https://ext.yakei.jp/photo/pc/maitasando1.jpg","https://yakei.jp/japan/spot.php?i=maitasando",35.4245021802915,35.4218042197085,139.6155470802915,139.6128491197085
蒔田伊勢山公園,"https://ext.yakei.jp/photo/pc/maita_iseyama1.jpg","https://yakei.jp/japan/spot.php?i=maita_iseyama",35.4295376802915,35.4268397197085,139.6148318802915,139.6121339197085
中村冒険パーク,"https://ext.yakei.jp/photo/pc/adventure1.jpg","https://yakei.jp/japan/spot.php?i=adventure",35.4306503802915,35.4279524197085,139.6298499802915,139.6271520197085
打越橋,"https://ext.yakei.jp/photo/pc/uchikoshi1.jpg","https://yakei.jp/japan/spot.php?i=uchikoshi",35.4348424802915,35.4321445197085,139.6402777802915,139.6375798197085
稲荷坂,"https://ext.yakei.jp/photo/pc/inarizaka1.jpg","https://yakei.jp/japan/spot.php?i=inarizaka",35.43141668029149,35.42871871970849,139.6247450802915,139.6220471197085
黒船見物の丘,"https://ext.yakei.jp/photo/pc/kamioooka1.jpg","https://yakei.jp/japan/spot.php?i=kamioooka",35.4074149802915,35.4047170197085,139.6043947802915,139.6016968197085
真光寺付近,"https://ext.yakei.jp/photo/pc/shinkouji1.jpg","https://yakei.jp/japan/spot.php?i=shinkouji",35.4084637802915,35.4057658197085,139.6034728302915,139.6007748697085
笹下中央公園,"https://ext.yakei.jp/photo/pc/sasage1.jpg","https://yakei.jp/japan/spot.php?i=sasage",35.39363978029149,35.3909418197085,139.5979729802915,139.5952750197085
下倉田脇谷公園,"https://ext.yakei.jp/photo/pc/shimokurata1.jpg","https://yakei.jp/japan/spot.php?i=shimokurata",35.3881660802915,35.3854681197085,139.5454669802915,139.5427690197085
吉田町大日谷公園,"https://ext.yakei.jp/photo/pc/yoshidacho1.jpg","https://yakei.jp/japan/spot.php?i=yoshidacho",35.4003141802915,35.3976162197085,139.5456564802915,139.5429585197085
秋葉台公園,"https://ext.yakei.jp/photo/pc/akibadai-park1.jpg","https://yakei.jp/japan/spot.php?i=akibadai-park",35.42565088029149,35.42295291970849,139.5484675802915,139.5457696197085
水神橋,"https://ext.yakei.jp/photo/pc/suijin1.jpg","https://yakei.jp/japan/spot.php?i=suijin",35.3962276802915,35.3935297197085,139.5436125802915,139.5409146197085
川上公園,"https://ext.yakei.jp/photo/pc/kawakami1.jpg","https://yakei.jp/japan/spot.php?i=kawakami",35.4214409802915,35.4187430197085,139.5661254802915,139.5634275197085
東俣野中央公園,"https://ext.yakei.jp/photo/pc/matano1.jpg","https://yakei.jp/japan/spot.php?i=matano",35.36788328029149,35.3651853197085,139.4956588802915,139.4929609197085
平戸みはらし公園,"https://ext.yakei.jp/photo/pc/hiradio-miharashi1.jpg","https://yakei.jp/japan/spot.php?i=hiradio-miharashi",35.42751148029149,35.42481351970849,139.5658302802915,139.5631323197085
平戸小学校近く,"https://ext.yakei.jp/photo/pc/hirado-school1.jpg","https://yakei.jp/japan/spot.php?i=hirado-school",35.42813898029149,35.42544101970849,139.5650899802915,139.5623920197085
平戸,"https://ext.yakei.jp/photo/pc/hirado1.jpg","https://yakei.jp/japan/spot.php?i=hirado",35.4377611,35.4238387,139.5763823,139.5629349
岡津南第二公園,"https://ext.yakei.jp/photo/pc/okadu1.jpg","https://yakei.jp/japan/spot.php?i=okadu",35.4260779802915,35.4233800197085,139.5267235802915,139.5240256197085
境木町公園,"https://ext.yakei.jp/photo/pc/sakaigi1.jpg","https://yakei.jp/japan/spot.php?i=sakaigi",35.4432236802915,35.4405257197085,139.5640912802915,139.5613933197085
円海山,"https://ext.yakei.jp/photo/pc/enkaizan1.jpg","https://yakei.jp/japan/spot.php?i=enkaizan",35.6126826,35.5945383,139.1254514,139.0934366
松の内公園,"https://ext.yakei.jp/photo/pc/matsunouchi1.jpg","https://yakei.jp/japan/spot.php?i=matsunouchi",35.3863718802915,35.3836739197085,139.6115542802915,139.6088563197085
岡村三丁目第四公園,"https://ext.yakei.jp/photo/pc/takigashira1.jpg","https://yakei.jp/japan/spot.php?i=takigashira",35.4231825802915,35.4204846197085,139.6142328802915,139.6115349197085
三殿台考古館前,"https://ext.yakei.jp/photo/pc/santonodai1.jpg","https://yakei.jp/japan/spot.php?i=santonodai",35.4224672802915,35.4197693197085,139.6121161802915,139.6094182197085
森四丁目第五公園,"https://ext.yakei.jp/photo/pc/mori1.jpg","https://yakei.jp/japan/spot.php?i=mori",35.3960757802915,35.3933778197085,139.6066709802915,139.6039730197085
森みはらし公園,"https://ext.yakei.jp/photo/pc/morinomiharashi1.jpg","https://yakei.jp/japan/spot.php?i=morinomiharashi",35.40008768029149,35.39738971970849,139.6141372802915,139.6114393197085
丸山1丁目公園,"https://ext.yakei.jp/photo/pc/maruyama_isogo1.jpg","https://yakei.jp/japan/spot.php?i=maruyama_isogo",35.42668708029149,35.42398911970849,139.6203737802915,139.6176758197085
杉田臨海緑地,"https://ext.yakei.jp/photo/pc/sugita1.jpg","https://yakei.jp/japan/spot.php?i=sugita",35.38585518029149,35.38315721970849,139.6288777802915,139.6261798197085
磯子・海の見える公園,"https://ext.yakei.jp/photo/pc/uminomieru_park1.jpg","https://yakei.jp/japan/spot.php?i=uminomieru_park",35.4111430802915,35.4084451197085,139.6292995802915,139.6266016197085
東電前,"https://ext.yakei.jp/photo/pc/shin-isogo1.jpg","https://yakei.jp/japan/spot.php?i=shin-isogo",35.3933998802915,35.3907019197085,139.5290115802915,139.5263136197085
新磯子町,"https://ext.yakei.jp/photo/pc/shin_isogo1.jpg","https://yakei.jp/japan/spot.php?i=shin_isogo",35.410551,35.3981952,139.648446,139.6192463
ベイサイドマリーナ横浜,"https://ext.yakei.jp/photo/pc/bayside_marina1.jpg","https://yakei.jp/japan/spot.php?i=bayside_marina",35.38156798029149,35.37887001970849,139.6492736802915,139.6465757197085
野島公園,"https://ext.yakei.jp/photo/pc/nojima1.jpg","https://yakei.jp/japan/spot.php?i=nojima",35.32874398029149,35.3260460197085,139.6364290802915,139.6337311197085
エステ・シティ湘南六浦,"https://ext.yakei.jp/photo/pc/mutsuura1.jpg","https://yakei.jp/japan/spot.php?i=mutsuura",35.31561198029149,35.3129140197085,139.6098339802915,139.6071360197085
ひまわり公園,"https://ext.yakei.jp/photo/pc/himawari1.jpg","https://yakei.jp/japan/spot.php?i=himawari",35.54805938029149,35.54536141970849,139.6263320802915,139.6236341197085
富岡西公園,"https://ext.yakei.jp/photo/pc/tomioka-west1.jpg","https://yakei.jp/japan/spot.php?i=tomioka-west",35.3653583802915,35.3626604197085,139.6219144802915,139.6192165197085
富岡総合公園 北台展望台,"https://ext.yakei.jp/photo/pc/kitadai1.jpg","https://yakei.jp/japan/spot.php?i=kitadai",35.3787080802915,35.3760101197085,139.6292052802915,139.6265073197085
富岡総合公園　見晴らし台,"https://ext.yakei.jp/photo/pc/tomioka_miharashi1.jpg","https://yakei.jp/japan/spot.php?i=tomioka_miharashi",35.3777930802915,35.3750951197085,139.6357275802915,139.6330296197085
みはらし公園,"https://ext.yakei.jp/photo/pc/horiguchi-miharashi1.jpg","https://yakei.jp/japan/spot.php?i=horiguchi-miharashi",35.4656798802915,35.4629819197085,139.6100408802915,139.6073429197085
長浜,"https://ext.yakei.jp/photo/pc/nagahama1.jpg","https://yakei.jp/japan/spot.php?i=nagahama",35.3650124,35.3476445,139.6419844,139.6292756
能見台,"https://ext.yakei.jp/photo/pc/noukendai1.jpg","https://yakei.jp/japan/spot.php?i=noukendai",35.3653226,35.3469023,139.624757,139.6065769
イオン金沢八景店　金沢八景展望室,"https://ext.yakei.jp/photo/pc/daiei1.jpg","https://yakei.jp/japan/spot.php?i=daiei",35.33524258029149,35.3325446197085,139.6239061802915,139.6212082197085
鶴ヶ峰本町第三公園,"https://ext.yakei.jp/photo/pc/tsurugamine1.jpg","https://yakei.jp/japan/spot.php?i=tsurugamine",35.47988168029149,35.4771837197085,139.5472019802915,139.5445040197085
川島町,"https://ext.yakei.jp/photo/pc/kawashimacho1.jpg","https://yakei.jp/japan/spot.php?i=kawashimacho",35.4764575,35.463429,139.5774197,139.5576889
長津田みなみ台公園,"https://ext.yakei.jp/photo/pc/nagatsuda1.jpg","https://yakei.jp/japan/spot.php?i=nagatsuda",35.5265820802915,35.52388411970851,139.5024562802915,139.4997583197085
飯縄神社,"https://ext.yakei.jp/photo/pc/iinawa1.jpg","https://yakei.jp/japan/spot.php?i=iinawa",35.5131621802915,35.5104642197085,139.4848889802915,139.4821910197085
八阪神社前,"https://ext.yakei.jp/photo/pc/yasaka1.jpg","https://yakei.jp/japan/spot.php?i=yasaka",35.3962012802915,35.3935033197085,139.5313166802915,139.5286187197085
鴨池大橋,"https://ext.yakei.jp/photo/pc/kamoike1.jpg","https://yakei.jp/japan/spot.php?i=kamoike",35.5134001802915,35.5107022197085,139.5657341802915,139.5630362197085
東本郷第一公園,"https://ext.yakei.jp/photo/pc/higashihongo1.jpg","https://yakei.jp/japan/spot.php?i=higashihongo",35.5089374802915,35.5062395197085,139.5737233802915,139.5710254197085
東鴨居中学校裏,"https://ext.yakei.jp/photo/pc/east-kamoi1.jpg","https://yakei.jp/japan/spot.php?i=east-kamoi",35.5061039802915,35.5034060197085,139.5728230802915,139.5701251197085
シーアイハイツ たまプラーザ・パークヒルズ,"https://ext.yakei.jp/photo/pc/tamaplaza1.jpg","https://yakei.jp/japan/spot.php?i=tamaplaza",35.57285288029149,35.5701549197085,139.5667871802915,139.5640892197085
新石川４丁目公園,"https://ext.yakei.jp/photo/pc/shinishikawa1.jpg","https://yakei.jp/japan/spot.php?i=shinishikawa",35.57164648029149,35.56894851970849,139.5668519802915,139.5641540197085
田奈第二公園,"https://ext.yakei.jp/photo/pc/tanadaini1.jpg","https://yakei.jp/japan/spot.php?i=tanadaini",35.5399360802915,35.5372381197085,139.5073973802915,139.5046994197085
桜台公園,"https://ext.yakei.jp/photo/pc/sakuradai1.jpg","https://yakei.jp/japan/spot.php?i=sakuradai",35.5503758802915,35.5476779197085,139.5113107802915,139.5086128197085
たちばな台公園,"https://ext.yakei.jp/photo/pc/tachibana1.jpg","https://yakei.jp/japan/spot.php?i=tachibana",35.55574448029149,35.5530465197085,139.5179758802915,139.5152779197085
市ヶ尾第五公園,"https://ext.yakei.jp/photo/pc/ichigao1.jpg","https://yakei.jp/japan/spot.php?i=ichigao",35.5400645802915,35.5373666197085,139.5388295802915,139.5361316197085
稲荷前古墳,"https://ext.yakei.jp/photo/pc/inarimae1.jpg","https://yakei.jp/japan/spot.php?i=inarimae",35.5611187802915,35.5584208197085,139.5330594802915,139.5303615197085
稲荷前第六公園,"https://ext.yakei.jp/photo/pc/inarimae_six1.jpg","https://yakei.jp/japan/spot.php?i=inarimae_six",35.5608939802915,35.5581960197085,139.5354536802915,139.5327557197085
横浜国際プール　のぞみ橋,"https://ext.yakei.jp/photo/pc/nozomi_bridge1.jpg","https://yakei.jp/japan/spot.php?i=nozomi_bridge",35.5655007802915,35.5628028197085,139.5957550802915,139.5930571197085
山田富士公園,"https://ext.yakei.jp/photo/pc/yamadafuji1.jpg","https://yakei.jp/japan/spot.php?i=yamadafuji",35.56401908029149,35.5613211197085,139.5919302802915,139.5892323197085
滝ヶ谷公園,"https://ext.yakei.jp/photo/pc/takigaya1.jpg","https://yakei.jp/japan/spot.php?i=takigaya",35.5596570802915,35.5569591197085,139.5959763802915,139.5932784197085
荏田南,"https://ext.yakei.jp/photo/pc/eda_south1.jpg","https://yakei.jp/japan/spot.php?i=eda_south",35.5532347,35.5385708,139.5642077,139.5517706
富士塚古墳,"https://ext.yakei.jp/photo/pc/fujizuka1.jpg","https://yakei.jp/japan/spot.php?i=fujizuka",35.4686997802915,35.4660018197085,139.6117913802915,139.6090934197085
川和富士公園,"https://ext.yakei.jp/photo/pc/kawafuji1.jpg","https://yakei.jp/japan/spot.php?i=kawafuji",35.53441538029149,35.53171741970849,139.5580047802915,139.5553068197085
桜山歩道橋,"https://ext.yakei.jp/photo/pc/sakurayama-hodo1.jpg","https://yakei.jp/japan/spot.php?i=sakurayama-hodo",35.54905238029149,35.54635441970849,139.5746877802915,139.5719898197085
ヨツバコ,"https://ext.yakei.jp/photo/pc/yotsubako1.jpg","https://yakei.jp/japan/spot.php?i=yotsubako",35.55504468029149,35.5523467197085,139.5805878802915,139.5778899197085
早渕かなりあ公園,"https://ext.yakei.jp/photo/pc/kanaria1.jpg","https://yakei.jp/japan/spot.php?i=kanaria",35.5523562802915,35.5496583197085,139.6031154802915,139.6004175197085
中川八幡山公園,"https://ext.yakei.jp/photo/pc/nakagawa1.jpg","https://yakei.jp/japan/spot.php?i=nakagawa",35.5558065802915,35.5531086197085,139.5712650802915,139.5685671197085
吾妻山公園,"https://ext.yakei.jp/photo/pc/azumayama1.jpg","https://yakei.jp/japan/spot.php?i=azumayama",35.5508566802915,35.5481587197085,139.5785044802915,139.5758065197085
東山田公園,"https://ext.yakei.jp/photo/pc/higashiyamada1.jpg","https://yakei.jp/japan/spot.php?i=higashiyamada",35.5642303802915,35.5615324197085,139.6038014802915,139.6011035197085
山田神社,"https://ext.yakei.jp/photo/pc/yamata1.jpg","https://yakei.jp/japan/spot.php?i=yamata",35.5563157802915,35.5536178197085,139.5991744802915,139.5964765197085
月出松公園,"https://ext.yakei.jp/photo/pc/tsukidematsu1.jpg","https://yakei.jp/japan/spot.php?i=tsukidematsu",35.5275717802915,35.5248738197085,139.5599427802915,139.5572448197085
川和市民の森,"https://ext.yakei.jp/photo/pc/kawawa-civic1.jpg","https://yakei.jp/japan/spot.php?i=kawawa-civic",35.53147868029149,35.5287807197085,139.5540219802915,139.5513240197085
池辺市民の森,"https://ext.yakei.jp/photo/pc/ikebe-civic1.jpg","https://yakei.jp/japan/spot.php?i=ikebe-civic",35.52767608029149,35.52497811970849,139.5648351802915,139.5621372197085
日吉公園,"https://ext.yakei.jp/photo/pc/hiyoshi1.jpg","https://yakei.jp/japan/spot.php?i=hiyoshi",35.5603620802915,35.55766411970851,139.6488180802915,139.6461201197085
日吉本町5丁目　鳥居,"https://ext.yakei.jp/photo/pc/hiyoshi-honcho1.jpg","https://yakei.jp/japan/spot.php?i=hiyoshi-honcho",35.55138498029149,35.5486870197085,139.6349622802915,139.6322643197086
大倉山公園,"https://ext.yakei.jp/photo/pc/ookurayama1.jpg","https://yakei.jp/japan/spot.php?i=ookurayama",35.5275108802915,35.5248129197085,139.6286808802915,139.6259829197085
新羽丘陵公園,"https://ext.yakei.jp/photo/pc/nippa1.jpg","https://yakei.jp/japan/spot.php?i=nippa",35.5254292802915,35.52273131970851,139.6091376802915,139.6064397197085
太尾見晴らしの丘公園,"https://ext.yakei.jp/photo/pc/futoo1.jpg","https://yakei.jp/japan/spot.php?i=futoo",35.5334902802915,35.5307923197085,139.6234544802915,139.6207565197085
高田天満宮,"https://ext.yakei.jp/photo/pc/takatatenma1.jpg","https://yakei.jp/japan/spot.php?i=takatatenma",35.5561069802915,35.5534090197085,139.6214869802915,139.6187890197085
高田,"https://ext.yakei.jp/photo/pc/takada1.jpg","https://yakei.jp/japan/spot.php?i=takada",35.5624466,35.5550692,139.6261257,139.6128392
新吉田第三公園,"https://ext.yakei.jp/photo/pc/shinyoshida1.jpg","https://yakei.jp/japan/spot.php?i=shinyoshida",35.54312898029151,35.54043101970851,139.6202037802915,139.6175058197085
正覚院,"https://ext.yakei.jp/photo/pc/shogakuin1.jpg","https://yakei.jp/japan/spot.php?i=shogakuin",35.5105002802915,35.5078023197085,139.6230473802915,139.6203494197085
菊名三丁目公園,"https://ext.yakei.jp/photo/pc/kikuna1.jpg","https://yakei.jp/japan/spot.php?i=kikuna",35.5081065802915,35.5054086197085,139.6391275802915,139.6364296197085
高田東,"https://ext.yakei.jp/photo/pc/takada_east1.jpg","https://yakei.jp/japan/spot.php?i=takada_east",35.555991,35.544087,139.6282075,139.6185352
高田第5公園,"https://ext.yakei.jp/photo/pc/takata-five1.jpg","https://yakei.jp/japan/spot.php?i=takata-five",35.5528151802915,35.5501172197085,139.6262430802915,139.6235451197085
師岡町梅の丘公園,"https://ext.yakei.jp/photo/pc/morooka1.jpg","https://yakei.jp/japan/spot.php?i=morooka",35.52456108029149,35.52186311970849,139.6431581802915,139.6404602197085
鳥山町,"https://ext.yakei.jp/photo/pc/toriyama1.jpg","https://yakei.jp/japan/spot.php?i=toriyama",35.5140825,35.4978713,139.6182856,139.596134
獅子ケ谷市民の森,"https://ext.yakei.jp/photo/pc/shishigaya1.jpg","https://yakei.jp/japan/spot.php?i=shishigaya",35.52359628029149,35.5208983197085,139.6421678802915,139.6394699197085
川崎マリエン,"https://ext.yakei.jp/photo/pc/marien1.jpg","https://yakei.jp/japan/spot.php?i=marien",35.4978036802915,35.4951057197085,139.7645667802915,139.7618688197085
東扇島東公園,"https://ext.yakei.jp/photo/pc/ougi_east1.jpg","https://yakei.jp/japan/spot.php?i=ougi_east",35.5062349802915,35.5035370197085,139.7736575802915,139.7709596197085
東扇島西公園,"https://ext.yakei.jp/photo/pc/ougi_west1.jpg","https://yakei.jp/japan/spot.php?i=ougi_west",35.48899978029149,35.4863018197085,139.7441511802915,139.7414532197085
千鳥町,"https://ext.yakei.jp/photo/pc/chidoricho1.jpg","https://yakei.jp/japan/spot.php?i=chidoricho",35.4188321,35.4021097,139.6661455,139.6390952
千鳥橋,"https://ext.yakei.jp/photo/pc/chidori_bridge1.jpg","https://yakei.jp/japan/spot.php?i=chidori_bridge",35.47523898029151,35.47254101970851,139.6403531802915,139.6376552197085
千鳥運河前,"https://ext.yakei.jp/photo/pc/chidori_canal1.jpg","https://yakei.jp/japan/spot.php?i=chidori_canal",35.52797768029149,35.52527971970849,139.7585186802915,139.7558207197085
水江町水江運河,"https://ext.yakei.jp/photo/pc/mizue_canal1.jpg","https://yakei.jp/japan/spot.php?i=mizue_canal",35.5243274,35.50616300000001,139.7569124,139.7248976
水江町公園,"https://ext.yakei.jp/photo/pc/mizue_park1.jpg","https://yakei.jp/japan/spot.php?i=mizue_park",35.5058705802915,35.5031726197085,139.7438046802915,139.7411067197085
浮島町 東燃ゼネラル石油前,"https://ext.yakei.jp/photo/pc/ukishima_tonen1.jpg","https://yakei.jp/japan/spot.php?i=ukishima_tonen",35.5291254802915,35.52642751970851,139.7752631802915,139.7725652197085
浮島町　JX日鉱日石前,"https://ext.yakei.jp/photo/pc/ukishima_jx1.jpg","https://yakei.jp/japan/spot.php?i=ukishima_jx",35.5385041,35.4901412,139.8362665,139.7592528
末広町駅貨物ヤード前,"https://ext.yakei.jp/photo/pc/suehirocho1.jpg","https://yakei.jp/japan/spot.php?i=suehirocho",35.5928206,35.3126054,139.7254434,139.4647863
ちどり公園,"https://ext.yakei.jp/photo/pc/chidori1.jpg","https://yakei.jp/japan/spot.php?i=chidori",35.51218058029149,35.5094826197085,139.7603810802915,139.7576831197085
扇橋,"https://ext.yakei.jp/photo/pc/ougi_baridge1.jpg","https://yakei.jp/japan/spot.php?i=ougi_baridge",35.36395408029149,35.36125611970849,139.5651916802915,139.5624937197085
扇町,"https://ext.yakei.jp/photo/pc/ougimachi1.jpg","https://yakei.jp/japan/spot.php?i=ougimachi",35.442179,35.4380214,139.6402678,139.6362815
大川緑地,"https://ext.yakei.jp/photo/pc/ookawa_ryokuchi1.jpg","https://yakei.jp/japan/spot.php?i=ookawa_ryokuchi",35.3417916802915,35.3390937197085,139.6217609802915,139.6190630197085
大川橋,"https://ext.yakei.jp/photo/pc/ookawa_bridge1.jpg","https://yakei.jp/japan/spot.php?i=ookawa_bridge",35.4992736802915,35.4965757197085,139.7111163802915,139.7084184197085
汐留橋,"https://ext.yakei.jp/photo/pc/shiodome_bridge1.jpg","https://yakei.jp/japan/spot.php?i=shiodome_bridge",35.6577080802915,35.6550101197085,139.7596782802915,139.7569803197085
夢見ヶ崎動物公園,"https://ext.yakei.jp/photo/pc/zoopark1.jpg","https://yakei.jp/japan/spot.php?i=zoopark",35.55066788029149,35.5479699197085,139.6669601802915,139.6642622197085
夢見ヶ崎公園,"https://ext.yakei.jp/photo/pc/ryogenji1.jpg","https://yakei.jp/japan/spot.php?i=ryogenji",35.55066788029149,35.5479699197085,139.6669601802915,139.6642622197085
多摩川見晴らし公園,"https://ext.yakei.jp/photo/pc/tamagawa1.jpg","https://yakei.jp/japan/spot.php?i=tamagawa",35.5392536802915,35.5365557197085,139.7006787802915,139.6979808197085
グランツリー武蔵小杉　屋上庭園,"https://ext.yakei.jp/photo/pc/grandtree1.jpg","https://yakei.jp/japan/spot.php?i=grandtree",35.5751753802915,35.5724774197085,139.6617024802915,139.6590045197085
井田伊勢台公園,"https://ext.yakei.jp/photo/pc/idaisedai1.jpg","https://yakei.jp/japan/spot.php?i=idaisedai",35.5649294802915,35.5622315197085,139.6389004802915,139.6362025197085
鷺沼北公園,"https://ext.yakei.jp/photo/pc/saginuma1.jpg","https://yakei.jp/japan/spot.php?i=saginuma",35.5851032802915,35.5824053197085,139.5700645802915,139.5673666197085
神木本町緑地,"https://ext.yakei.jp/photo/pc/shinboku1.jpg","https://yakei.jp/japan/spot.php?i=shinboku",35.6064518802915,35.6037539197085,139.5796624802915,139.5769645197085
五所塚,"https://ext.yakei.jp/photo/pc/goshoduka1.jpg","https://yakei.jp/japan/spot.php?i=goshoduka",35.60370998029151,35.60101201970851,139.5109063802915,139.5082084197085
久末城法谷公園,"https://ext.yakei.jp/photo/pc/hisasue1.jpg","https://yakei.jp/japan/spot.php?i=hisasue",35.5657700802915,35.5630721197085,139.6274416802915,139.6247437197085
久地不動緑道,"https://ext.yakei.jp/photo/pc/kujifudo1.jpg","https://yakei.jp/japan/spot.php?i=kujifudo",35.6076819802915,35.6049840197085,139.6048367802915,139.6021388197085
子母口公園,"https://ext.yakei.jp/photo/pc/shibokuchi1.jpg","https://yakei.jp/japan/spot.php?i=shibokuchi",35.5738856802915,35.5711877197085,139.6298541802915,139.6271562197085
高津さんぽみち,"https://ext.yakei.jp/photo/pc/takatsusanpo1.jpg","https://yakei.jp/japan/spot.php?i=takatsusanpo",35.4915849802915,35.4888870197085,139.5591819802915,139.5564840197085
千年緑地保全地区,"https://ext.yakei.jp/photo/pc/chitose_ryokuchi1.jpg","https://yakei.jp/japan/spot.php?i=chitose_ryokuchi",35.54290538029149,35.54020741970849,139.4822872802915,139.4795893197085
新作八幡宮,"https://ext.yakei.jp/photo/pc/shinsaku1.jpg","https://yakei.jp/japan/spot.php?i=shinsaku",35.58681808029149,35.58412011970849,139.6194645802915,139.6167666197085
生田配水池,"https://ext.yakei.jp/photo/pc/ikuta_haisuichi1.jpg","https://yakei.jp/japan/spot.php?i=ikuta_haisuichi",35.6220805802915,35.6193826197085,139.5419362802915,139.5392383197085
生田配水池　展望デッキ,"https://ext.yakei.jp/photo/pc/ikuta_deck1.jpg","https://yakei.jp/japan/spot.php?i=ikuta_deck",35.62099088029149,35.61829291970849,139.5416045802915,139.5389066197085
ふじやま遺跡公園,"https://ext.yakei.jp/photo/pc/fujiyamaiseki1.jpg","https://yakei.jp/japan/spot.php?i=fujiyamaiseki",35.6094498802915,35.6067519197085,139.5821606802915,139.5794627197085
長尾宮前公園,"https://ext.yakei.jp/photo/pc/nagaomiyamae1.jpg","https://yakei.jp/japan/spot.php?i=nagaomiyamae",35.60823798029149,35.60554001970849,139.5787489802915,139.5760510197085
長尾,"https://ext.yakei.jp/photo/pc/nagao1.jpg","https://yakei.jp/japan/spot.php?i=nagao",35.3671452,35.3567987,139.5301394,139.5229671
Z坂,"https://ext.yakei.jp/photo/pc/zsaka1.jpg","https://yakei.jp/japan/spot.php?i=zsaka",35.40689108029149,35.40419311970849,139.5966757802915,139.5939778197085
東名高速陸橋,"https://ext.yakei.jp/photo/pc/tomei1.jpg","https://yakei.jp/japan/spot.php?i=tomei",35.5647603802915,35.5620624197085,139.5589983802915,139.5563004197085
東生田緑地,"https://ext.yakei.jp/photo/pc/ikuta1.jpg","https://yakei.jp/japan/spot.php?i=ikuta",35.61928698029149,35.61658901970849,139.5540946802915,139.5513967197085
枡形山,"https://ext.yakei.jp/photo/pc/masugata1.jpg","https://yakei.jp/japan/spot.php?i=masugata",35.6124888802915,35.6097909197085,139.5622784802915,139.5595805197085
菅馬場,"https://ext.yakei.jp/photo/pc/sugebanba1.jpg","https://yakei.jp/japan/spot.php?i=sugebanba",35.6330738,35.6169482,139.5454972,139.5263811
古沢こもれびの杜緑地,"https://ext.yakei.jp/photo/pc/komorebi1.jpg","https://yakei.jp/japan/spot.php?i=komorebi",35.6068326,35.6005708,139.5026057,139.4910849
五力田見晴らし公園,"https://ext.yakei.jp/photo/pc/gorikida1.jpg","https://yakei.jp/japan/spot.php?i=gorikida",35.4656798802915,35.4629819197085,139.6100408802915,139.6073429197085
向原,"https://ext.yakei.jp/photo/pc/mukaibara1.jpg","https://yakei.jp/japan/spot.php?i=mukaibara",35.53657938029149,35.53388141970849,139.5850384802915,139.5823405197085
万福寺さとやま公園,"https://ext.yakei.jp/photo/pc/satoyama1.jpg","https://yakei.jp/japan/spot.php?i=satoyama",35.60967928029149,35.6069813197085,139.5055747802915,139.5028768197085
王禅寺見晴し公園,"https://ext.yakei.jp/photo/pc/ouzenji1.jpg","https://yakei.jp/japan/spot.php?i=ouzenji",35.60101648029149,35.5983185197085,139.5218648802915,139.5191669197085
弘法松公園,"https://ext.yakei.jp/photo/pc/koubou1.jpg","https://yakei.jp/japan/spot.php?i=koubou",35.6037790802915,35.6010811197085,139.5164109802915,139.5137130197085
鶴川台　尾根緑地（東側）,"https://ext.yakei.jp/photo/pc/tsurukawa_east1.jpg","https://yakei.jp/japan/spot.php?i=tsurukawa_east",35.5978275,35.5848727,139.4802307,139.4579545
鶴川台　尾根緑地（西側）,"https://ext.yakei.jp/photo/pc/tsurukawa_west1.jpg","https://yakei.jp/japan/spot.php?i=tsurukawa_west",35.5978275,35.5848727,139.4802307,139.4579545
京王電鉄 若葉台車両基地,"https://ext.yakei.jp/photo/pc/wakabadai-fac1.jpg","https://yakei.jp/japan/spot.php?i=wakabadai-fac",35.62378518029149,35.62108721970849,139.4684474802915,139.4657495197085
湘南平,"https://ext.yakei.jp/photo/pc/syonan1.jpg","https://yakei.jp/japan/spot.php?i=syonan",35.32137438029149,35.3186764197085,139.3103858802915,139.3076879197085
日向岡,"https://ext.yakei.jp/photo/pc/hinataoka1.jpg","https://yakei.jp/japan/spot.php?i=hinataoka",35.3442788,35.3364896,139.3036587,139.2959136
殿山,"https://ext.yakei.jp/photo/pc/tonoyama1.jpg","https://yakei.jp/japan/spot.php?i=tonoyama",35.5097435802915,35.5070456197085,139.6542147802915,139.6515168197085
藤沢市役所本庁舎　展望デッキ,"https://ext.yakei.jp/photo/pc/fujisawa1.jpg","https://yakei.jp/japan/spot.php?i=fujisawa",35.3401247802915,35.3374268197085,139.4922454802915,139.4895475197085
江の島シーキャンドル,"https://ext.yakei.jp/photo/pc/enoshima1.jpg","https://yakei.jp/japan/spot.php?i=enoshima",35.30109068029149,35.2983927197085,139.4797739802915,139.4770760197085
マイアミビーチ広場,"https://ext.yakei.jp/photo/pc/maiami1.jpg","https://yakei.jp/japan/spot.php?i=maiami",25.8728059,25.7476771,-80.110192,-80.170091
みどりの広場,"https://ext.yakei.jp/photo/pc/midorinohiroba1.jpg","https://yakei.jp/japan/spot.php?i=midorinohiroba",35.4140130802915,35.4113151197085,139.5173215802915,139.5146236197085
湘南テラスモール,"https://ext.yakei.jp/photo/pc/terracemall1.jpg","https://yakei.jp/japan/spot.php?i=terracemall",35.33966478029149,35.33696681970849,139.4476500802915,139.4449521197085
湘南江の島駅 　ルーフテラス,"https://ext.yakei.jp/photo/pc/syonan-enoshima-st1.jpg","https://yakei.jp/japan/spot.php?i=syonan-enoshima-st",35.3131301802915,35.3104322197085,139.4890584802915,139.4863605197085
富士見坂,"https://ext.yakei.jp/photo/pc/katasefujimi1.jpg","https://yakei.jp/japan/spot.php?i=katasefujimi",35.5055853802915,35.5028874197085,139.6321332302915,139.6294352697085
伊勢山公園　江の島が見える見晴台,"https://ext.yakei.jp/photo/pc/iseyama-enoshima1.jpg","https://yakei.jp/japan/spot.php?i=iseyama-enoshima",35.3498913802915,35.3471934197085,139.4756742802915,139.4729763197085
伊勢山公園　かざはや広場,"https://ext.yakei.jp/photo/pc/iseyama-kazahaya1.jpg","https://yakei.jp/japan/spot.php?i=iseyama-kazahaya",35.3502044802915,35.3475065197085,139.4753084802915,139.4726105197086
西富,"https://ext.yakei.jp/photo/pc/nishitomi1.jpg","https://yakei.jp/japan/spot.php?i=nishitomi",35.3588924802915,35.3561945197085,139.4916191802915,139.4889212197085
大船なんてん公園,"https://ext.yakei.jp/photo/pc/nanten1.jpg","https://yakei.jp/japan/spot.php?i=nanten",35.3430169802915,35.3403190197085,139.5466256802915,139.5439277197085
松根台公園,"https://ext.yakei.jp/photo/pc/matsunedai1.jpg","https://yakei.jp/japan/spot.php?i=matsunedai",35.49403158029149,35.49133361970849,139.6616040802915,139.6589061197085
披露山公園,"https://ext.yakei.jp/photo/pc/hirouyama1.jpg","https://yakei.jp/japan/spot.php?i=hirouyama",35.29807098029149,35.2953730197085,139.5662418802915,139.5635439197085
大崎公園,"https://ext.yakei.jp/photo/pc/zushi_oosaki1.jpg","https://yakei.jp/japan/spot.php?i=zushi_oosaki",35.37768888029149,35.37499091970849,139.6095855802915,139.6068876197085
なごみの丘公園,"https://ext.yakei.jp/photo/pc/nagomi1.jpg","https://yakei.jp/japan/spot.php?i=nagomi",35.2957401802915,35.2930422197085,139.5942470802915,139.5915491197085
湘南国際村,"https://ext.yakei.jp/photo/pc/kokusai1.jpg","https://yakei.jp/japan/spot.php?i=kokusai",35.2613245,35.2466856,139.6276552,139.6033707
鷹取山　展望広場,"https://ext.yakei.jp/photo/pc/takatori1.jpg","https://yakei.jp/japan/spot.php?i=takatori",35.30787478029149,35.30517681970849,139.6140561802915,139.6113582197085
鷹取山　展望台,"https://ext.yakei.jp/photo/pc/takatori_tenbo1.jpg","https://yakei.jp/japan/spot.php?i=takatori_tenbo",35.30787478029149,35.30517681970849,139.6140561802915,139.6113582197085
塚山公園,"https://ext.yakei.jp/photo/pc/tsukayama1.jpg","https://yakei.jp/japan/spot.php?i=tsukayama",35.2814346802915,35.2787367197085,139.6428375802915,139.6401396197085
大楠山展望台,"https://ext.yakei.jp/photo/pc/ookusu1.jpg","https://yakei.jp/japan/spot.php?i=ookusu",35.25154198029149,35.2488440197085,139.6290853802915,139.6263874197085
横須賀中央公園,"https://ext.yakei.jp/photo/pc/yokosukachuou1.jpg","https://yakei.jp/japan/spot.php?i=yokosukachuou",35.2768269802915,35.2741290197085,139.6751926802915,139.6724947197085
衣笠山公園,"https://ext.yakei.jp/photo/pc/kinugasayama1.jpg","https://yakei.jp/japan/spot.php?i=kinugasayama",35.25193898029149,35.24924101970849,139.6605265802915,139.6578286197085
森崎小学校裏,"https://ext.yakei.jp/photo/pc/morisaki1.jpg","https://yakei.jp/japan/spot.php?i=morisaki",35.2462799802915,35.24358201970851,139.6802649802915,139.6775670197085
くりはま花の国,"https://ext.yakei.jp/photo/pc/kurihama1.jpg","https://yakei.jp/japan/spot.php?i=kurihama",35.21861018029149,35.2159122197085,139.7048927802915,139.7021948197085
しろさか歩道橋,"https://ext.yakei.jp/photo/pc/shirosaka1.jpg","https://yakei.jp/japan/spot.php?i=shirosaka",35.5490602802915,35.5463623197085,139.5746866802915,139.5719887197085
八景の棚,"https://ext.yakei.jp/photo/pc/hakenotana1.jpg","https://yakei.jp/japan/spot.php?i=hakenotana",35.5234634802915,35.5207655197085,139.3789118802915,139.3762139197085
三段の滝展望広場,"https://ext.yakei.jp/photo/pc/sandan_fall1.jpg","https://yakei.jp/japan/spot.php?i=sandan_fall",35.5180519802915,35.5153540197085,139.3811477802915,139.3784498197085
津久井湖城山公園　展望デッキ,"https://ext.yakei.jp/photo/pc/tsukuiko_deck1.jpg","https://yakei.jp/japan/spot.php?i=tsukuiko_deck",35.5833155802915,35.58061761970851,139.2832801802915,139.2805822197085
城山若葉台,"https://ext.yakei.jp/photo/pc/wakabadai1.jpg","https://yakei.jp/japan/spot.php?i=wakabadai",35.5975864802915,35.5948885197085,139.2947429802915,139.2920450197085
金刀比羅宮,"https://ext.yakei.jp/photo/pc/kotohiragu1.jpg","https://yakei.jp/japan/spot.php?i=kotohiragu",35.4723717802915,35.4696738197085,139.6263228802915,139.6236249197085
相模野C.C.,"https://ext.yakei.jp/photo/pc/sagamino1.jpg","https://yakei.jp/japan/spot.php?i=sagamino",35.56022118029149,35.5575232197085,139.3039612802915,139.3012633197085
地頭山古墳,"https://ext.yakei.jp/photo/pc/jito1.jpg","https://yakei.jp/japan/spot.php?i=jito",35.42938738029149,35.4266894197085,139.3537240802915,139.3510261197085
ぼうさいの丘,"https://ext.yakei.jp/photo/pc/bousai1.jpg","https://yakei.jp/japan/spot.php?i=bousai",35.4725563802915,35.4698584197085,139.6193225802915,139.6166246197085
内陸工業団地,"https://ext.yakei.jp/photo/pc/nairiku1.jpg","https://yakei.jp/japan/spot.php?i=nairiku",35.51249698029151,35.50979901970851,139.3580569802915,139.3553590197085
厚木パノラマタワー,"https://ext.yakei.jp/photo/pc/atsugi1.jpg","https://yakei.jp/japan/spot.php?i=atsugi",35.45311168029149,35.45041371970849,139.3710753802915,139.3683774197085
鳶尾山観光展望台,"https://ext.yakei.jp/photo/pc/tobio1.jpg","https://yakei.jp/japan/spot.php?i=tobio",35.5004872802915,35.4977893197085,139.3298895802915,139.3271916197085
座間公園,"https://ext.yakei.jp/photo/pc/zama1.jpg","https://yakei.jp/japan/spot.php?i=zama",35.4932135802915,35.4905156197085,139.3949360802915,139.3922381197085
大山阿夫利神社,"https://ext.yakei.jp/photo/pc/afuri1.jpg","https://yakei.jp/japan/spot.php?i=afuri",35.4332325802915,35.4305346197085,139.2395896802915,139.2368917197085
三之宮,"https://ext.yakei.jp/photo/pc/sannomiya1.jpg","https://yakei.jp/japan/spot.php?i=sannomiya",35.52971428029149,35.52701631970849,139.5282759802915,139.5255780197085
相模国三之宮 比々多神社,"https://ext.yakei.jp/photo/pc/hibita1.jpg","https://yakei.jp/japan/spot.php?i=hibita",35.40260638029149,35.3999084197085,139.2853672802915,139.2826693197085
塔ノ越公園,"https://ext.yakei.jp/photo/pc/tounokoshi1.jpg","https://yakei.jp/japan/spot.php?i=tounokoshi",35.6019462802915,35.5992483197085,139.5252935802915,139.5225956197085
八菅山展望台,"https://ext.yakei.jp/photo/pc/hasuge1.jpg","https://yakei.jp/japan/spot.php?i=hasuge",35.5163617802915,35.5136638197085,139.3214221802915,139.3187242197085
馬込公園,"https://ext.yakei.jp/photo/pc/umagome1.jpg","https://yakei.jp/japan/spot.php?i=umagome",35.59004578029151,35.58734781970851,139.7045817802915,139.7018838197085
杉久保第一児童公園,"https://ext.yakei.jp/photo/pc/sugikubo1.jpg","https://yakei.jp/japan/spot.php?i=sugikubo",35.4254219802915,35.4227240197085,139.4012049802915,139.3985070197085
菜の花台（ヤビツ峠）,"https://ext.yakei.jp/photo/pc/nanohanadai1.jpg","https://yakei.jp/japan/spot.php?i=nanohanadai",35.4113717802915,35.4086738197085,139.2099548802915,139.2072569197085
浅間神社,"https://ext.yakei.jp/photo/pc/asama_temple1.jpg","https://yakei.jp/japan/spot.php?i=asama_temple",35.46681598029149,35.4641180197085,139.6120706802915,139.6093727197085
岳ノ台峠,"https://ext.yakei.jp/photo/pc/takenodai1.jpg","https://yakei.jp/japan/spot.php?i=takenodai",35.4352247,35.4170402,139.2293807,139.1973659
弘法山公園,"https://ext.yakei.jp/photo/pc/koubouyama1.jpg","https://yakei.jp/japan/spot.php?i=koubouyama",35.3737211802915,35.3710232197085,139.2443478802915,139.2416499197085
弘法山公園　権現山,"https://ext.yakei.jp/photo/pc/gongenyama1.jpg","https://yakei.jp/japan/spot.php?i=gongenyama",35.3322214802915,35.3295235197085,139.6187610802915,139.6160631197085
震生湖,"https://ext.yakei.jp/photo/pc/shinseiko1.jpg","https://yakei.jp/japan/spot.php?i=shinseiko",35.3735189802915,35.3708210197085,139.1997939802915,139.1970960197085
震生湖ゴルフ練習場付近,"https://ext.yakei.jp/photo/pc/shinseiko_gc1.jpg","https://yakei.jp/japan/spot.php?i=shinseiko_gc",35.4337043802915,35.4310064197085,139.5069446802915,139.5042467197085
秦野戸川公園,"https://ext.yakei.jp/photo/pc/togawa1.jpg","https://yakei.jp/japan/spot.php?i=togawa",35.40424968029149,35.40155171970849,139.1747622802915,139.1720643197085
チェックメイトC.C.,"https://ext.yakei.jp/photo/pc/checkmate1.jpg","https://yakei.jp/japan/spot.php?i=checkmate",35.36327978029149,35.36058181970849,139.1407226802915,139.1380247197085
西平畑公園,"https://ext.yakei.jp/photo/pc/nishihirahata1.jpg","https://yakei.jp/japan/spot.php?i=nishihirahata",35.3534928802915,35.35079491970851,139.1390136802915,139.1363157197085
篠窪,"https://ext.yakei.jp/photo/pc/shinokubo1.jpg","https://yakei.jp/japan/spot.php?i=shinokubo",35.3597264,35.3427913,139.1776563,139.1590868
富士見塚見晴休憩場,"https://ext.yakei.jp/photo/pc/fujimizuka1.jpg","https://yakei.jp/japan/spot.php?i=fujimizuka",35.3486101802915,35.3459122197085,139.1658432802915,139.1631453197085
ミナカ小田原　屋上庭園,"https://ext.yakei.jp/photo/pc/minaka1.jpg","https://yakei.jp/japan/spot.php?i=minaka",35.25610398029149,35.25340601970849,139.1569798802915,139.1542819197085
小田原城,"https://ext.yakei.jp/photo/pc/odawaracastle1.jpg","https://yakei.jp/japan/spot.php?i=odawaracastle",35.25229828029149,35.2496003197085,139.1548625802915,139.1521646197085
曽我別所,"https://ext.yakei.jp/photo/pc/soga1.jpg","https://yakei.jp/japan/spot.php?i=soga",35.39600488029149,35.3933069197085,139.5811761802915,139.5784782197085
曽我別所　農道,"https://ext.yakei.jp/photo/pc/soga-road1.jpg","https://yakei.jp/japan/spot.php?i=soga-road",35.30288598029149,35.30018801970849,139.1943499802915,139.1916520197085
見晴台,"https://ext.yakei.jp/photo/pc/miharashidai-soga1.jpg","https://yakei.jp/japan/spot.php?i=miharashidai-soga",35.4268837802915,35.4241858197085,139.6607138802915,139.6580159197085
国上農道之碑,"https://ext.yakei.jp/photo/pc/kunigami1.jpg","https://yakei.jp/japan/spot.php?i=kunigami",35.3290222802915,35.3263243197085,139.5936314802915,139.5909335197085
中河原配水池,"https://ext.yakei.jp/photo/pc/nakagawara1.jpg","https://yakei.jp/japan/spot.php?i=nakagawara",35.44716138029151,35.44446341970851,139.6245582802915,139.6218603197085
歩道橋 マツダ ターンパイク箱根,"https://ext.yakei.jp/photo/pc/hakone1.jpg","https://yakei.jp/japan/spot.php?i=hakone",35.2436676802915,35.2409697197085,139.1418952802915,139.1391973197085
湘南ビュー展望台 箱根ターンパイク,"https://ext.yakei.jp/photo/pc/syonanview1.jpg","https://yakei.jp/japan/spot.php?i=syonanview",35.21522748029151,35.21252951970851,139.1124002802915,139.1097023197085
御所ノ入駐車場 箱根ターンパイク,"https://ext.yakei.jp/photo/pc/goshonoiri1.jpg","https://yakei.jp/japan/spot.php?i=goshonoiri",35.5928206,35.3126054,139.7254434,139.4647863
笠懸山,"https://ext.yakei.jp/photo/pc/ishigaki1.jpg","https://yakei.jp/japan/spot.php?i=ishigaki",36.40467468029149,36.4019767197085,139.2772638802915,139.2745659197085
石垣山城,"https://ext.yakei.jp/photo/pc/ichiyajyo1.jpg","https://yakei.jp/japan/spot.php?i=ichiyajyo",35.51370858029149,35.51101061970849,139.5954729802915,139.5927750197085
おだわら諏訪の原公園,"https://ext.yakei.jp/photo/pc/odawarasuwa1.jpg","https://yakei.jp/japan/spot.php?i=odawarasuwa",35.2844030802915,35.2817051197085,139.1354746802915,139.1327767197085
久野霊園,"https://ext.yakei.jp/photo/pc/hisano1.jpg","https://yakei.jp/japan/spot.php?i=hisano",35.2600629802915,35.2573650197085,139.1092144802915,139.1065165197085
南足柄小田原道路,"https://ext.yakei.jp/photo/pc/ashigara1.jpg","https://yakei.jp/japan/spot.php?i=ashigara",35.4326415,35.2420241,139.3653149,139.1221414
足柄万葉公園,"https://ext.yakei.jp/photo/pc/ashigara_manyo1.jpg","https://yakei.jp/japan/spot.php?i=ashigara_manyo",35.3246059802915,35.3219080197085,139.0181501802915,139.0154522197085
南足柄市運動公園,"https://ext.yakei.jp/photo/pc/minamiashigara1.jpg","https://yakei.jp/japan/spot.php?i=minamiashigara",35.3432628802915,35.34056491970851,139.0979616802915,139.0952637197085
範茂史跡公園,"https://ext.yakei.jp/photo/pc/norishigeshiseki1.jpg","https://yakei.jp/japan/spot.php?i=norishigeshiseki",35.3272693802915,35.32457141970851,139.1072636802915,139.1045657197085
丸山公園,"https://ext.yakei.jp/photo/pc/maruyama1.jpg","https://yakei.jp/japan/spot.php?i=maruyama",35.4521139802915,35.4494160197085,139.5234722802915,139.5207743197085
大野山乳牛育成牧場,"https://ext.yakei.jp/photo/pc/ooyama1.jpg","https://yakei.jp/japan/spot.php?i=ooyama",35.38512448029149,35.3824265197085,139.0520634802915,139.0493655197085
山北町　東名高速横,"https://ext.yakei.jp/photo/pc/yamakita1.jpg","https://yakei.jp/japan/spot.php?i=yamakita",35.4454433802915,35.4427454197085,139.6418989802915,139.6392010197085
箱根駒ヶ岳ロープウエイ,"https://ext.yakei.jp/photo/pc/hakone-komagatake1.jpg","https://yakei.jp/japan/spot.php?i=hakone-komagatake",35.21455968029149,35.2118617197085,139.0115507802915,139.0088528197086
ゆめ公園 (湯河原総合運動公園),"https://ext.yakei.jp/photo/pc/yume_park1.jpg","https://yakei.jp/japan/spot.php?i=yume_park",35.16843248029149,35.16573451970849,139.1212286802915,139.1185307197085
星ヶ山公園　さつきの郷,"https://ext.yakei.jp/photo/pc/hoshigayama1.jpg","https://yakei.jp/japan/spot.php?i=hoshigayama",35.1786341802915,35.1759362197085,139.1167645802915,139.1140666197085
