restaurant_id,name,picture,detail_url,latitude,longitude
1,バー ノーブル,https://tblg.k-img.com/restaurant/images/Rvw/63211/320x320_square_63211797.jpg,https://tabelog.com/kanagawa/A1401/A140104/14001349/,35.4454437,139.633298
2,RISTORANTE REGA,https://tblg.k-img.com/restaurant/images/Rvw/31809/320x320_square_31809067.jpg,https://tabelog.com/kanagawa/A1401/A140105/14012330/,35.4377196,139.6419728
3,リオス ボングスタイオ,https://tblg.k-img.com/restaurant/images/Rvw/30221/320x320_square_30221147.jpg,https://tabelog.com/kanagawa/A1401/A140105/14055323/,35.4413019,139.6496653
4,大滝,https://tblg.k-img.com/restaurant/images/Rvw/9413/320x320_square_9413037.jpg,https://tabelog.com/kanagawa/A1401/A140104/14014394/,35.4483396,139.6380168
5,トラットリア ダ・テレーサ,https://tblg.k-img.com/restaurant/images/Rvw/9579/320x320_square_9579799.jpg,https://tabelog.com/kanagawa/A1401/A140207/14042586/,35.511789,139.542005
6,地葉,https://tblg.k-img.com/restaurant/images/Rvw/135409/320x320_square_135409911.jpg,https://tabelog.com/kanagawa/A1401/A140104/14070995/,35.4473296,139.6343812
7,オステリア　パーチェ,https://tblg.k-img.com/restaurant/images/Rvw/37311/320x320_square_37311344.jpg,https://tabelog.com/kanagawa/A1401/A140201/14030876/,35.5624819,139.5575988
8,Ripaille,https://tblg.k-img.com/restaurant/images/Rvw/29392/320x320_square_29392798.jpg,https://tabelog.com/kanagawa/A1401/A140104/14005204/,35.4484433,139.6344284
9,OSTERIA il FUOCO,https://tblg.k-img.com/restaurant/images/Rvw/129689/320x320_square_129689994.jpg,https://tabelog.com/kanagawa/A1401/A140102/14051993/,35.463266,139.61503
10,Le Salon de Legumes,https://tblg.k-img.com/restaurant/images/Rvw/112581/320x320_square_112581275.jpg,https://tabelog.com/kanagawa/A1401/A140104/14045182/,35.4504668,139.6382594
11,レオーネ・マルチアーノ,https://tblg.k-img.com/restaurant/images/Rvw/72388/320x320_square_72388243.jpg,https://tabelog.com/kanagawa/A1401/A140103/14045408/,35.4585661,139.6297703
12,カサ・デ・フジモリ,https://tblg.k-img.com/restaurant/images/Rvw/69005/320x320_square_69005111.jpg,https://tabelog.com/kanagawa/A1401/A140104/14002131/,35.4460173,139.6390995
13,SHIMOMURA,https://tblg.k-img.com/restaurant/images/Rvw/71024/320x320_square_71024043.jpg,https://tabelog.com/kanagawa/A1401/A140105/14030204/,35.4375113,139.6412792
14,鶏料理・焼きとり　纜,https://tblg.k-img.com/restaurant/images/Rvw/98640/320x320_square_98640940.jpg,https://tabelog.com/kanagawa/A1401/A140205/14000610/,35.4743448,139.6218646
15,カフェトスカ,https://tblg.k-img.com/restaurant/images/Rvw/145687/320x320_square_145687667.jpg,https://tabelog.com/kanagawa/A1401/A140103/14000636/,35.4568994,139.6353961
16,スカンディヤ,https://tblg.k-img.com/restaurant/images/Rvw/87866/320x320_square_87866234.jpg,https://tabelog.com/kanagawa/A1401/A140104/14000445/,35.4478556,139.6441917
17,ブッフェダイニング オーシャンテラス,https://tblg.k-img.com/restaurant/images/Rvw/106272/320x320_square_106272911.jpg,https://tabelog.com/kanagawa/A1401/A140103/14000371/,35.4577816,139.6374958
18,ビーフキッチン 横浜店,https://tblg.k-img.com/restaurant/images/Rvw/125382/320x320_square_125382822.jpg,https://tabelog.com/kanagawa/A1401/A140101/14031061/,35.467922,139.623081
19,チャコールグリル グリーン 馬車道,https://tblg.k-img.com/restaurant/images/Rvw/24856/320x320_square_24856345.jpg,https://tabelog.com/kanagawa/A1401/A140104/14042726/,35.4491367,139.6354282
20,da TAKASHIMA,https://tblg.k-img.com/restaurant/images/Rvw/46575/320x320_square_46575279.jpg,https://tabelog.com/kanagawa/A1401/A140101/14013723/,35.4625595,139.6225432
21,フレスコ,https://tblg.k-img.com/restaurant/images/Rvw/101135/320x320_square_101135793.jpg,https://tabelog.com/kanagawa/A1401/A140203/14001983/,35.53727235,139.5901364
22,アマルフィイ ノベッロ,https://tblg.k-img.com/restaurant/images/Rvw/17700/320x320_square_17700493.jpg,https://tabelog.com/kanagawa/A1401/A140206/14011820/,35.5075821,139.6170261
23,ハノイ,https://tblg.k-img.com/restaurant/images/Rvw/57986/320x320_square_57986484.jpg,https://tabelog.com/kanagawa/A1401/A140212/14004772/,35.481021,139.63148
24,スカンディヤガーデン,https://tblg.k-img.com/restaurant/images/Rvw/135066/320x320_square_135066563.jpg,https://tabelog.com/kanagawa/A1401/A140104/14001317/,35.4478556,139.6441917
25,和ダイニング　一如,https://tblg.k-img.com/restaurant/images/Rvw/49510/320x320_square_49510713.jpg,https://tabelog.com/kanagawa/A1401/A140102/14002713/,35.4626175,139.6162733
26,ロティスリー アルティザン,https://tblg.k-img.com/restaurant/images/Rvw/29335/320x320_square_29335065.jpg,https://tabelog.com/kanagawa/A1401/A140104/14053920/,35.4487461,139.6351145
27,Wines Kitchen Rigatto,https://tblg.k-img.com/restaurant/images/Rvw/32967/320x320_square_32967325.jpg,https://tabelog.com/kanagawa/A1401/A140102/14043894/,35.4458632,139.6283838
28,ラ ヴェラ,https://tblg.k-img.com/restaurant/images/Rvw/107262/320x320_square_107262871.jpg,https://tabelog.com/kanagawa/A1401/A140103/14000626/,35.4573795,139.6374378
29,リストランテ・リアル,https://tblg.k-img.com/restaurant/images/Rvw/86402/320x320_square_86402276.jpg,https://tabelog.com/kanagawa/A1401/A140101/14001999/,35.4623675,139.6224179
30,アクア オリビン,https://tblg.k-img.com/restaurant/images/Rvw/26489/320x320_square_26489321.jpg,https://tabelog.com/kanagawa/A1401/A140104/14000154/,35.4482727,139.6434108
31,焼肉 べこ亭 たまプラーザ本店,https://tblg.k-img.com/restaurant/images/Rvw/3146/320x320_square_3146089.jpg,https://tabelog.com/kanagawa/A1401/A140201/14012025/,35.5838014,139.5638155
32,マンジャーレ 伊勢山,https://tblg.k-img.com/restaurant/images/Rvw/88704/320x320_square_88704651.jpg,https://tabelog.com/kanagawa/A1401/A140102/14036364/,35.4513794,139.6264164
33,レストラン アルティザン（restaurant Artisan）,https://tblg.k-img.com/restaurant/images/Rvw/81738/320x320_square_81738258.jpg,https://tabelog.com/kanagawa/A1401/A140104/14070514/,35.4449632,139.6423669
34,ル・メッサージュ,https://tblg.k-img.com/restaurant/images/Rvw/3092/320x320_square_3092402.jpg,https://tabelog.com/kanagawa/A1401/A140306/14030304/,35.4235189,139.6011585
35,ル バー ラヴァン サンカンドゥ アザブ トウキョウ 関内店,https://tblg.k-img.com/restaurant/images/Rvw/139836/320x320_square_139836702.jpg,https://tabelog.com/kanagawa/A1401/A140104/14057024/,35.4469819,139.6400509
36,BiOsteria Komakine,https://tblg.k-img.com/restaurant/images/Rvw/32958/320x320_square_32958826.jpg,https://tabelog.com/kanagawa/A1401/A140306/14011292/,35.4300429,139.60957
37,肉山 横浜,https://tblg.k-img.com/restaurant/images/Rvw/92267/320x320_square_92267776.jpg,https://tabelog.com/kanagawa/A1401/A140105/14068671/,35.4408026,139.64975
38,ピルグリム・ナインティーンス・クラブ,https://tblg.k-img.com/restaurant/images/Rvw/24830/320x320_square_24830919.jpg,https://tabelog.com/kanagawa/A1401/A140104/14000694/,35.4486814,139.6361687
39,IL PINOLO SKY TERRACE 横浜,https://tblg.k-img.com/restaurant/images/Rvw/97939/320x320_square_97939890.jpg,https://tabelog.com/kanagawa/A1401/A140101/14003084/,35.4656313,139.625749
40,オービカ モッツァレラバー 横浜店,https://tblg.k-img.com/restaurant/images/Rvw/30337/320x320_square_30337166.jpg,https://tabelog.com/kanagawa/A1401/A140101/14055393/,35.4650642,139.6204845
41,RIO GRANDE GRILL 横浜ベイクォーター,https://tblg.k-img.com/restaurant/images/Rvw/73377/320x320_square_73377593.jpg,https://tabelog.com/kanagawa/A1401/A140101/14054425/,35.4661808,139.6273379
42,炭火焼イタリアン 海串 ブラーチェ,https://tblg.k-img.com/restaurant/images/Rvw/18462/320x320_square_18462443.jpg,https://tabelog.com/kanagawa/A1401/A140101/14037770/,35.4670839,139.6188124
43,ギリシャ料理&バー OLYMPIA,https://tblg.k-img.com/restaurant/images/Rvw/37529/320x320_square_37529233.jpg,https://tabelog.com/kanagawa/A1401/A140104/14004726/,35.446782,139.638827
44,KANDY,https://tblg.k-img.com/restaurant/images/Rvw/123752/320x320_square_123752465.jpg,https://tabelog.com/kanagawa/A1401/A140105/14033142/,35.4394211,139.6478821
45,大徳壽,https://tblg.k-img.com/restaurant/images/Rvw/105957/320x320_square_105957753.jpg,https://tabelog.com/kanagawa/A1401/A140104/14001870/,35.4438022,139.6342231
46,FORESTARIA,https://tblg.k-img.com/restaurant/images/Rvw/73751/320x320_square_73751614.jpg,https://tabelog.com/kanagawa/A1401/A140307/14066546/,35.4085011,139.5938914
47,レ・サンス,https://tblg.k-img.com/restaurant/images/Rvw/124974/320x320_square_124974403.jpg,https://tabelog.com/kanagawa/A1401/A140201/14001948/,35.5734744,139.5555279
48,橙家 横浜みなとみらい東急スクエア店,https://tblg.k-img.com/restaurant/images/Rvw/89027/320x320_square_89027363.jpg,https://tabelog.com/kanagawa/A1401/A140103/14001683/,35.456631,139.634593
49,goffo,https://tblg.k-img.com/restaurant/images/Rvw/59206/320x320_square_59206156.jpg,https://tabelog.com/kanagawa/A1401/A140101/14063516/,35.465175,139.6132639
50,hanasaku,https://tblg.k-img.com/restaurant/images/Rvw/31186/320x320_square_31186484.jpg,https://tabelog.com/kanagawa/A1401/A140102/14056127/,35.4496042,139.6295995
51,オステリア イタリアーナ コバ,https://tblg.k-img.com/restaurant/images/Rvw/100606/320x320_square_100606574.jpg,https://tabelog.com/kanagawa/A1401/A140205/14069038/,35.5154359,139.6317968
52,ジンジャーズビーチ,https://tblg.k-img.com/restaurant/images/Rvw/109117/320x320_square_109117976.jpg,https://tabelog.com/kanagawa/A1401/A140212/14014714/,35.4677464,139.6265506
53,シェフズ・ブイ 横浜ランドマークタワー店,https://tblg.k-img.com/restaurant/images/Rvw/58258/320x320_square_58258087.jpg,https://tabelog.com/kanagawa/A1401/A140103/14004938/,35.454363,139.631516
54,匠家33,https://tblg.k-img.com/restaurant/images/Rvw/25864/320x320_square_25864417.jpg,https://tabelog.com/kanagawa/A1401/A140104/14051741/,35.4451616,139.6360482
55,クッチーナピノッキオ,https://tblg.k-img.com/restaurant/images/Rvw/24813/320x320_square_24813969.jpg,https://tabelog.com/kanagawa/A1401/A140203/14037484/,35.543675,139.575283
56,パッパーレ・ヴィーノ,https://tblg.k-img.com/restaurant/images/Rvw/31292/320x320_square_31292544.jpg,https://tabelog.com/kanagawa/A1401/A140101/14049011/,35.4652725,139.6232146
57,オッティモ・シーフード・ガーデン 横浜店,https://tblg.k-img.com/restaurant/images/Rvw/133960/320x320_square_133960186.jpg,https://tabelog.com/kanagawa/A1401/A140101/14012967/,35.4652241,139.6227365
58,チャコールグリル グリーン 石川町,https://tblg.k-img.com/restaurant/images/Rvw/24864/320x320_square_24864161.jpg,https://tabelog.com/kanagawa/A1401/A140105/14029049/,35.4387099,139.6444737
59,リストランテ・アッティモ,https://tblg.k-img.com/restaurant/images/Rvw/81549/320x320_square_81549392.jpg,https://tabelog.com/kanagawa/A1401/A140103/14003828/,35.4595129,139.6364263
60,慶福楼 本店 市場通り,https://tblg.k-img.com/restaurant/images/Rvw/55218/320x320_square_55218157.jpg,https://tabelog.com/kanagawa/A1401/A140105/14030707/,35.44277,139.646346
61,ダンゼロ,https://tblg.k-img.com/restaurant/images/Rvw/70957/320x320_square_70957762.jpg,https://tabelog.com/kanagawa/A1401/A140103/14021015/,35.4599904,139.6359936
62,サンクアロマ,https://tblg.k-img.com/restaurant/images/Rvw/14159/320x320_square_14159202.jpg,https://tabelog.com/kanagawa/A1401/A140201/14002274/,35.578485,139.565541
63,鉄板ダイニング 哲,https://tblg.k-img.com/restaurant/images/Rvw/20398/320x320_square_20398741.jpg,https://tabelog.com/kanagawa/A1401/A140104/14037065/,35.446782,139.639461
64,bistro GHIOTTO,https://tblg.k-img.com/restaurant/images/Rvw/81341/320x320_square_81341699.jpg,https://tabelog.com/kanagawa/A1401/A140204/14021430/,35.5528702,139.6454013
65,炭火焼きステーキ&ハンバーグ アンカーグラウンド 馬車道店,https://tblg.k-img.com/restaurant/images/Rvw/97476/320x320_square_97476232.jpg,https://tabelog.com/kanagawa/A1401/A140103/14053407/,35.4513126,139.6376463
66,鉄板焼　ぼんの,https://tblg.k-img.com/restaurant/images/Rvw/58920/320x320_square_58920476.jpg,https://tabelog.com/kanagawa/A1401/A140102/14001859/,35.450949,139.62934
67,熟成和牛焼肉エイジング・ビーフ 横浜店,https://tblg.k-img.com/restaurant/images/Rvw/85491/320x320_square_85491700.jpg,https://tabelog.com/kanagawa/A1401/A140212/14073774/,35.4692573,139.6243402
68,水信フルーツパーラー,https://tblg.k-img.com/restaurant/images/Rvw/134071/320x320_square_134071430.jpg,https://tabelog.com/kanagawa/A1401/A140104/14079039/,35.4509653,139.6359248
69,イタリアンバル AMIGO,https://tblg.k-img.com/restaurant/images/Rvw/69307/320x320_square_69307522.jpg,https://tabelog.com/kanagawa/A1401/A140104/14067088/,35.4473585,139.6364223
70,シルク,https://tblg.k-img.com/restaurant/images/Rvw/44742/320x320_square_44742715.jpg,https://tabelog.com/kanagawa/A1401/A140104/14006715/,35.4452243,139.6444474
71,熟成和牛ステーキグリルド エイジング・ビーフ 横浜店,https://tblg.k-img.com/restaurant/images/Rvw/62741/320x320_square_62741446.jpg,https://tabelog.com/kanagawa/A1401/A140101/14052655/,35.4679328,139.6230528
72,和食と炭火焼 三代目 うな衛門 桜木町店,https://tblg.k-img.com/restaurant/images/Rvw/51683/320x320_square_51683100.jpg,https://tabelog.com/kanagawa/A1401/A140102/14057390/,35.4495518,139.6292338
73,ヴェール パール ナオミ オオガキ,https://tblg.k-img.com/restaurant/images/Rvw/62410/320x320_square_62410858.jpg,https://tabelog.com/kanagawa/A1401/A140104/14064445/,35.4487679,139.6397891
74,横浜鳥ぎん みなとみらい店,https://tblg.k-img.com/restaurant/images/Rvw/5593/320x320_square_5593123.jpg,https://tabelog.com/kanagawa/A1401/A140102/14001225/,35.450671,139.6327583
75,焼肉 どうらく 横浜西口本店,https://tblg.k-img.com/restaurant/images/Rvw/16188/320x320_square_16188750.jpg,https://tabelog.com/kanagawa/A1401/A140101/14031021/,35.4637692,139.6184856
76,フレンチ酒場 ボンマルシェ,https://tblg.k-img.com/restaurant/images/Rvw/119778/320x320_square_119778489.jpg,https://tabelog.com/kanagawa/A1401/A140104/14050085/,35.4460409,139.6362562
77,ラ・リラッサ,https://tblg.k-img.com/restaurant/images/Rvw/117305/320x320_square_117305739.jpg,https://tabelog.com/kanagawa/A1401/A140310/14048387/,35.3610343,139.6288426
78,QUAYS pacific grill,https://tblg.k-img.com/restaurant/images/Rvw/137670/320x320_square_137670420.jpg,https://tabelog.com/kanagawa/A1401/A140104/14077068/,35.4558495,139.6413458
79,アクイロット,https://tblg.k-img.com/restaurant/images/Rvw/125602/320x320_square_125602687.jpg,https://tabelog.com/kanagawa/A1401/A140204/14067822/,35.5545736,139.6455882
80,地葉はなれ,https://tblg.k-img.com/restaurant/images/Rvw/135594/320x320_square_135594170.jpg,https://tabelog.com/kanagawa/A1401/A140101/14074964/,35.4692598,139.6242902
81,戸塚崎陽軒 イルサッジオ,https://tblg.k-img.com/restaurant/images/Rvw/50358/320x320_square_50358133.jpg,https://tabelog.com/kanagawa/A1401/A140305/14000973/,35.3743498,139.502753
82,キッチンボンノ 桜木町,https://tblg.k-img.com/restaurant/images/Rvw/58803/320x320_square_58803169.jpg,https://tabelog.com/kanagawa/A1401/A140102/14051443/,35.4505244,139.6294056
83,ラ・タッパ フィッサ,https://tblg.k-img.com/restaurant/images/Rvw/32618/320x320_square_32618154.jpg,https://tabelog.com/kanagawa/A1401/A140105/14035140/,35.4393805,139.6470974
84,ラ・メゾン センター北店,https://tblg.k-img.com/restaurant/images/Rvw/52118/320x320_square_52118012.jpg,https://tabelog.com/kanagawa/A1401/A140203/14063342/,35.5547764,139.5795871
85,和食と炭火焼 三代目 うな衛門 横浜西口店,https://tblg.k-img.com/restaurant/images/Rvw/72347/320x320_square_72347537.jpg,https://tabelog.com/kanagawa/A1401/A140102/14067933/,35.4630096,139.6178965
86,AMI,https://tblg.k-img.com/restaurant/images/Rvw/73003/320x320_square_73003993.jpg,https://tabelog.com/kanagawa/A1401/A140105/14053615/,35.438103,139.6436659
87,イタリアーノ イワイ,https://tblg.k-img.com/restaurant/images/Rvw/145513/320x320_square_145513776.jpg,https://tabelog.com/kanagawa/A1401/A140203/14031975/,35.5439044,139.5709917
88,カリフォルニアラウンジ 矢向店,https://tblg.k-img.com/restaurant/images/Rvw/55737/320x320_square_55737707.jpg,https://tabelog.com/kanagawa/A1401/A140210/14051922/,35.540932,139.681551
89,ヒジテツ 伊勢佐木町店,https://tblg.k-img.com/restaurant/images/Rvw/9041/320x320_square_9041653.jpg,https://tabelog.com/kanagawa/A1401/A140104/14012245/,35.439744,139.630666
90,夜な夜な,https://tblg.k-img.com/restaurant/images/Rvw/143439/320x320_square_143439941.jpg,https://tabelog.com/kanagawa/A1401/A140306/14056200/,35.4316621,139.6029264
91,Y.S,https://tblg.k-img.com/restaurant/images/Rvw/27742/320x320_square_27742489.jpg,https://tabelog.com/kanagawa/A1401/A140102/14052662/,35.4540062,139.6389327
92,Bar Bar Bar,https://tblg.k-img.com/restaurant/images/Rvw/98030/320x320_square_98030893.jpg,https://tabelog.com/kanagawa/A1401/A140104/14000527/,35.4460098,139.6390736
93,本格スペイン料理＆ステーキハウス　CASA DEL RIO,https://tblg.k-img.com/restaurant/images/Rvw/121135/320x320_square_121135378.jpg,https://tabelog.com/kanagawa/A1401/A140102/14069843/,35.446268,139.6295082
94,炭火焼鳥　榊,https://tblg.k-img.com/restaurant/images/Rvw/42825/320x320_square_42825061.jpg,https://tabelog.com/kanagawa/A1401/A140102/14060507/,35.4486822,139.6310647
95,Restaurant EISUKE,https://tblg.k-img.com/restaurant/images/Rvw/77835/320x320_square_77835255.jpg,https://tabelog.com/kanagawa/A1401/A140105/14069689/,35.4388381,139.6446612
96,〆蕎麦ぼん,https://tblg.k-img.com/restaurant/images/Rvw/108598/320x320_square_108598650.jpg,https://tabelog.com/kanagawa/A1401/A140104/14073047/,35.4418098,139.6285098
97,ワインビストロ　Dai　たまプラーザ,https://tblg.k-img.com/restaurant/images/Rvw/122394/320x320_square_122394701.jpg,https://tabelog.com/kanagawa/A1401/A140201/14046124/,35.5783478,139.5557601
98,フレンチ ビストロ lemidi 桜木町 みなとみらい,https://tblg.k-img.com/restaurant/images/Rvw/58658/320x320_square_58658425.jpg,https://tabelog.com/kanagawa/A1401/A140102/14045681/,35.4509433,139.6294347
99,関内バル 333,https://tblg.k-img.com/restaurant/images/Rvw/88668/320x320_square_88668021.jpg,https://tabelog.com/kanagawa/A1401/A140104/14054081/,35.4457161,139.636996
100,焼肉問屋 横浜醍醐,https://tblg.k-img.com/restaurant/images/Rvw/20004/320x320_square_20004650.jpg,https://tabelog.com/kanagawa/A1401/A140101/14013330/,35.468475,139.623119
101,ドウラク コリーダ ランドマーク店,https://tblg.k-img.com/restaurant/images/Rvw/44552/320x320_square_44552080.jpg,https://tabelog.com/kanagawa/A1401/A140104/14060546/,35.4551534,139.6317899
102,野菜レストランさいとう,https://tblg.k-img.com/restaurant/images/Rvw/49154/320x320_square_49154680.jpg,https://tabelog.com/kanagawa/A1401/A140205/14007920/,35.5118769,139.6323716
103,オレンジブランチ,https://tblg.k-img.com/restaurant/images/Rvw/103681/320x320_square_103681178.jpg,https://tabelog.com/kanagawa/A1401/A140102/14049402/,35.4530276,139.6284905
104,キチジョウダイニング,https://tblg.k-img.com/restaurant/images/Rvw/35826/320x320_square_35826822.jpg,https://tabelog.com/kanagawa/A1401/A140104/14008136/,35.4450721,139.6298244
105,ＳＴ　エスティ,https://tblg.k-img.com/restaurant/images/Rvw/81435/320x320_square_81435037.jpg,https://tabelog.com/kanagawa/A1401/A140105/14061775/,35.4388178,139.6497196
106,A Plus,https://tblg.k-img.com/restaurant/images/Rvw/104684/320x320_square_104684103.jpg,https://tabelog.com/kanagawa/A1401/A140202/14061424/,35.463483,139.615971
107,クルーズ・クルーズYOKOHAMA,https://tblg.k-img.com/restaurant/images/Rvw/47080/320x320_square_47080065.jpg,https://tabelog.com/kanagawa/A1401/A140101/14003355/,35.4645208,139.6246958
108,焼肉ぽんが 横浜店,https://tblg.k-img.com/restaurant/images/Rvw/121185/320x320_square_121185522.jpg,https://tabelog.com/kanagawa/A1401/A140101/14076912/,35.4667985,139.6167811
109,半平,https://tblg.k-img.com/restaurant/images/Rvw/121621/320x320_square_121621619.jpg,https://tabelog.com/kanagawa/A1401/A140201/14036557/,35.5800928,139.5586927
110,レストラン　ブー 妙蓮寺,https://tblg.k-img.com/restaurant/images/Rvw/109900/320x320_square_109900021.jpg,https://tabelog.com/kanagawa/A1401/A140205/14045811/,35.4955713,139.632786
111,ブラッスリーピガール,https://tblg.k-img.com/restaurant/images/Rvw/134996/320x320_square_134996850.jpg,https://tabelog.com/kanagawa/A1401/A140102/14053056/,35.4485648,139.6310632
112,関内本店 月,https://tblg.k-img.com/restaurant/images/Rvw/78594/320x320_square_78594544.jpg,https://tabelog.com/kanagawa/A1401/A140104/14002032/,35.4468491,139.6347368
113,GINZA 春夏秋豚 横浜店,https://tblg.k-img.com/restaurant/images/Rvw/108810/320x320_square_108810395.jpg,https://tabelog.com/kanagawa/A1401/A140101/14051948/,35.4683076,139.6227619
114,レストラン ビマビ,https://tblg.k-img.com/restaurant/images/Rvw/131637/320x320_square_131637825.jpg,https://tabelog.com/kanagawa/A1401/A140204/14055956/,35.5350616,139.6176337
115,焼肉 基,https://tblg.k-img.com/restaurant/images/Rvw/64655/320x320_square_64655360.jpg,https://tabelog.com/kanagawa/A1401/A140104/14066181/,35.4428886,139.630346
116,横浜 反町 DA HORI,https://tblg.k-img.com/restaurant/images/Rvw/105985/320x320_square_105985996.jpg,https://tabelog.com/kanagawa/A1401/A140205/14074222/,35.4752066,139.6257651
117,COLONIAL BEACH 横浜ハンマーヘッド,https://tblg.k-img.com/restaurant/images/Rvw/118486/320x320_square_118486938.jpg,https://tabelog.com/kanagawa/A1401/A140104/14077027/,35.4557687,139.6416142
118,Byrd's Pizza & Ribs,https://tblg.k-img.com/restaurant/images/Rvw/92076/320x320_square_92076429.jpg,https://tabelog.com/kanagawa/A1401/A140203/14070375/,35.5527274,139.5783626
119,炭と料理とワイン AVANZARE,https://tblg.k-img.com/restaurant/images/Rvw/107771/320x320_square_107771965.jpg,https://tabelog.com/kanagawa/A1401/A140203/14073361/,35.5549806,139.5805877
120,オムナチェッロ,https://tblg.k-img.com/restaurant/images/Rvw/116937/320x320_square_116937915.jpg,https://tabelog.com/kanagawa/A1401/A140210/14062894/,35.5109055,139.6731327
121,スペイン料理＆ワイン パエリア専門店　ミゲルフアニ 横浜店,https://tblg.k-img.com/restaurant/images/Rvw/146896/320x320_square_146896509.jpg,https://tabelog.com/kanagawa/A1401/A140104/14062319/,35.4547696,139.6422203
122,ベイサイド,https://tblg.k-img.com/restaurant/images/Rvw/136234/320x320_square_136234779.jpg,https://tabelog.com/kanagawa/A1401/A140102/14000159/,35.3797657,139.6462201
123,ステッラ・ディ・マーレ,https://tblg.k-img.com/restaurant/images/Rvw/139857/320x320_square_139857146.jpg,https://tabelog.com/kanagawa/A1401/A140104/14003044/,35.4475918,139.6346453
124,YAKINIKU 和牛ラボ 横浜店,https://tblg.k-img.com/restaurant/images/Rvw/139704/320x320_square_139704846.jpg,https://tabelog.com/kanagawa/A1401/A140101/14081034/,35.4692573,139.6243402
125,ヨコハマ グランド インターコンチネンタルホテル,https://tblg.k-img.com/restaurant/images/Rvw/45957/320x320_square_45957260.jpg,https://tabelog.com/kanagawa/A1401/A140103/14015638/,35.4575951,139.6372159
126,ピッツェリア・エ・バール・ラ・ボラッチャ,https://tblg.k-img.com/restaurant/images/Rvw/58209/320x320_square_58209476.jpg,https://tabelog.com/kanagawa/A1401/A140201/14064127/,35.5790642,139.5552702
127,澄仙,https://tblg.k-img.com/restaurant/images/Rvw/34786/320x320_square_34786881.jpg,https://tabelog.com/kanagawa/A1401/A140206/14013110/,35.5098111,139.6147376
128,やさい家めい ルミネ横浜店,https://tblg.k-img.com/restaurant/images/Rvw/131005/320x320_square_131005096.jpg,https://tabelog.com/kanagawa/A1401/A140101/14029714/,35.465263,139.622845
129,ラタトゥイユ,https://tblg.k-img.com/restaurant/images/Rvw/121851/320x320_square_121851723.jpg,https://tabelog.com/kanagawa/A1401/A140104/14002668/,35.446449,139.636998
130,winedining YOSHIHAMA,https://tblg.k-img.com/restaurant/images/Rvw/139551/320x320_square_139551068.jpg,https://tabelog.com/kanagawa/A1401/A140206/14004084/,35.5099064,139.6158948
131,季節の旬彩イタリアン ナビガンテ,https://tblg.k-img.com/restaurant/images/Rvw/85157/320x320_square_85157735.jpg,https://tabelog.com/kanagawa/A1401/A140105/14058613/,35.4378072,139.6454319
132,グランドゥーカ 京急百貨店,https://tblg.k-img.com/restaurant/images/Rvw/93543/320x320_square_93543524.jpg,https://tabelog.com/kanagawa/A1401/A140307/14004764/,35.4092782,139.5965056
133,DOLCE,https://tblg.k-img.com/restaurant/images/Rvw/38445/320x320_square_38445962.jpg,https://tabelog.com/kanagawa/A1401/A140207/14006598/,35.4457091,139.63
134,1-1&ザ ルーフトップ,https://tblg.k-img.com/restaurant/images/Rvw/90548/320x320_square_90548387.jpg,https://tabelog.com/kanagawa/A1401/A140104/14072063/,35.4483305,139.6433162
135,USHIHACHI あざみ野,https://tblg.k-img.com/restaurant/images/Rvw/122065/320x320_square_122065205.jpg,https://tabelog.com/kanagawa/A1401/A140201/14070185/,35.5690782,139.5536144
136,CRAFT BEER DINING &9,https://tblg.k-img.com/restaurant/images/Rvw/116317/320x320_square_116317043.jpg,https://tabelog.com/kanagawa/A1401/A140104/14067078/,35.4449561,139.6415711
137,イタリアン レストラン リトル キャット,https://tblg.k-img.com/restaurant/images/Rvw/58584/320x320_square_58584103.jpg,https://tabelog.com/kanagawa/A1401/A140101/14006553/,35.4692575,139.6195847
138,レストラン エソラ,https://tblg.k-img.com/restaurant/images/Rvw/86716/320x320_square_86716459.jpg,https://tabelog.com/kanagawa/A1401/A140203/14035797/,35.534422,139.590681
139,クラシック 横浜,https://tblg.k-img.com/restaurant/images/Rvw/59004/320x320_square_59004727.jpg,https://tabelog.com/kanagawa/A1401/A140101/14011503/,35.4693528,139.6236727
140,オサカナバル IL MARE 横浜西口駅前店,https://tblg.k-img.com/restaurant/images/Rvw/133540/320x320_square_133540592.jpg,https://tabelog.com/kanagawa/A1401/A140101/14065341/,35.467466,139.621193
141,スペイン酒場 HOLA,https://tblg.k-img.com/restaurant/images/Rvw/90976/320x320_square_90976166.jpg,https://tabelog.com/kanagawa/A1401/A140104/14052530/,35.4464737,139.6374492
142,キッチン&バル コンパス,https://tblg.k-img.com/restaurant/images/Rvw/108614/320x320_square_108614420.jpg,https://tabelog.com/kanagawa/A1401/A140104/14062768/,35.4434998,139.6342437
143,究極野菜のイタリアン ポズダイニング,https://tblg.k-img.com/restaurant/images/Rvw/18070/320x320_square_18070402.jpg,https://tabelog.com/kanagawa/A1401/A140104/14006683/,35.4458813,139.6329516
144,鶏和酎,https://tblg.k-img.com/restaurant/images/Rvw/35744/320x320_square_35744276.jpg,https://tabelog.com/kanagawa/A1401/A140203/14009795/,35.5521109,139.5766743
145,ショットバー　アクアリューム,https://tblg.k-img.com/restaurant/images/Rvw/25241/320x320_square_25241010.jpg,https://tabelog.com/kanagawa/A1401/A140104/14000355/,35.4463093,139.6372719
146,寿司久,https://tblg.k-img.com/restaurant/images/Rvw/8350/320x320_square_8350858.jpg,https://tabelog.com/kanagawa/A1401/A140202/14010142/,35.4321301,139.6024165
147,インコントロ,https://tblg.k-img.com/restaurant/images/Rvw/103288/320x320_square_103288312.jpg,https://tabelog.com/kanagawa/A1401/A140104/14035422/,35.4408889,139.6316623
148,一禅,https://tblg.k-img.com/restaurant/images/Rvw/86388/320x320_square_86388295.jpg,https://tabelog.com/kanagawa/A1401/A140203/14011585/,35.5419261,139.5750966
149,BISTRO HIRO’ｓ ,https://tblg.k-img.com/restaurant/images/Rvw/109945/320x320_square_109945354.jpg,https://tabelog.com/kanagawa/A1401/A140104/14074220/,35.4475339,139.6356266
150,鉄板焼　一如,https://tblg.k-img.com/restaurant/images/Rvw/14783/320x320_square_14783015.jpg,https://tabelog.com/kanagawa/A1401/A140101/14047770/,35.464844,139.614735
151,LEAFⅡ,https://tblg.k-img.com/restaurant/images/Rvw/99897/320x320_square_99897955.jpg,https://tabelog.com/kanagawa/A1401/A140104/14073797/,35.4484225,139.6380615
152,熔岩石焼・旬料理 ｐｒｏｔａｇｏ,https://tblg.k-img.com/restaurant/images/Rvw/48450/320x320_square_48450521.jpg,https://tabelog.com/kanagawa/A1401/A140106/14056505/,35.4285513,139.6463332
153,焼鳥　月,https://tblg.k-img.com/restaurant/images/Rvw/107697/320x320_square_107697531.jpg,https://tabelog.com/kanagawa/A1401/A140310/14041456/,35.3697903,139.6339157
154,Cheese Meets Meat YOKOHAMA,https://tblg.k-img.com/restaurant/images/Rvw/117088/320x320_square_117088125.jpg,https://tabelog.com/kanagawa/A1401/A140101/14068354/,35.4671156,139.6187369
155,宮地亭,https://tblg.k-img.com/restaurant/images/Rvw/120846/320x320_square_120846184.jpg,https://tabelog.com/kanagawa/A1401/A140104/14025528/,35.4483927,139.6357933
156,ナビオス横浜,https://tblg.k-img.com/restaurant/images/Rvw/64305/320x320_square_64305665.jpg,https://tabelog.com/kanagawa/A1401/A140104/14048724/,35.4527031,139.6391161
157,尾っぽや,https://tblg.k-img.com/restaurant/images/Rvw/94819/320x320_square_94819091.jpg,https://tabelog.com/kanagawa/A1401/A140102/14007940/,35.463049,139.617197
158,トラットリア ボスコ,https://tblg.k-img.com/restaurant/images/Rvw/128070/320x320_square_128070834.jpg,https://tabelog.com/kanagawa/A1401/A140304/14000910/,35.451056,139.527108
159,匠家 本店,https://tblg.k-img.com/restaurant/images/Rvw/2391/320x320_square_2391815.jpg,https://tabelog.com/kanagawa/A1401/A140104/14013336/,35.4451616,139.6360482
160,イタリアンレストラン ピーノ,https://tblg.k-img.com/restaurant/images/Rvw/67533/320x320_square_67533347.jpg,https://tabelog.com/kanagawa/A1401/A140210/14053780/,35.5097452,139.681112
161,薬膳ハリハリ鍋ごんじゅ,https://tblg.k-img.com/restaurant/images/Rvw/125837/320x320_square_125837340.jpg,https://tabelog.com/kanagawa/A1401/A140104/14029375/,35.4479642,139.6342768
162,焼肉 鐵,https://tblg.k-img.com/restaurant/images/Rvw/38626/320x320_square_38626559.jpg,https://tabelog.com/kanagawa/A1401/A140206/14057911/,35.502565,139.6187991
163,響 横浜スカイビル店,https://tblg.k-img.com/restaurant/images/Rvw/59734/320x320_square_59734322.jpg,https://tabelog.com/kanagawa/A1401/A140101/14064919/,35.4645908,139.6245679
164,焼肉トラジ 鶴屋町店,https://tblg.k-img.com/restaurant/images/Rvw/88247/320x320_square_88247067.jpg,https://tabelog.com/kanagawa/A1401/A140101/14012119/,35.4683266,139.6229955
165,アクイラ・ウォランス,https://tblg.k-img.com/restaurant/images/Rvw/112700/320x320_square_112700794.jpg,https://tabelog.com/kanagawa/A1401/A140104/14050246/,35.4435125,139.6419923
166,日本酒 ト ワイン 岡野,https://tblg.k-img.com/restaurant/images/Rvw/106281/320x320_square_106281446.jpg,https://tabelog.com/kanagawa/A1401/A140102/14040071/,35.4632025,139.6150873
167,8PLACE The Kitchen＆Bar 大倉山,https://tblg.k-img.com/restaurant/images/Rvw/105041/320x320_square_105041276.jpg,https://tabelog.com/kanagawa/A1401/A140204/14074902/,35.5219768,139.6284275
168,Gatti 横浜西口店,https://tblg.k-img.com/restaurant/images/Rvw/139399/320x320_square_139399211.jpg,https://tabelog.com/kanagawa/A1401/A140101/14051289/,35.463225,139.617577
169,Kanakoya,https://tblg.k-img.com/restaurant/images/Rvw/31063/320x320_square_31063395.jpg,https://tabelog.com/kanagawa/A1401/A140102/14035732/,35.4451417,139.6266501
170,お魚 Dining わんだ,https://tblg.k-img.com/restaurant/images/Rvw/57949/320x320_square_57949941.jpg,https://tabelog.com/kanagawa/A1401/A140104/14015399/,35.4482323,139.6353185
171,カラオケ パセラ 横浜関内店,https://tblg.k-img.com/restaurant/images/Rvw/142756/320x320_square_142756402.jpg,https://tabelog.com/kanagawa/A1401/A140104/14035815/,35.4435585,139.6325541
172,ハート＆ソウル,https://tblg.k-img.com/restaurant/images/Rvw/95893/320x320_square_95893621.jpg,https://tabelog.com/kanagawa/A1401/A140104/14036766/,35.4448814,139.635849
173,CUCINA TAKEMURA,https://tblg.k-img.com/restaurant/images/Rvw/102700/320x320_square_102700596.jpg,https://tabelog.com/kanagawa/A1401/A140102/14052167/,35.447965,139.635711
174,弥平 新子安店,https://tblg.k-img.com/restaurant/images/Rvw/61977/320x320_square_61977346.jpg,https://tabelog.com/kanagawa/A1401/A140211/14035388/,35.48735,139.656464
175,一鳥 関内店,https://tblg.k-img.com/restaurant/images/Rvw/139526/320x320_square_139526946.jpg,https://tabelog.com/kanagawa/A1401/A140104/14058583/,35.4437554,139.6343603
176,あぶり屋 上大岡店,https://tblg.k-img.com/restaurant/images/Rvw/126257/320x320_square_126257174.jpg,https://tabelog.com/kanagawa/A1401/A140307/14008668/,35.4083946,139.594658
177,URIDURI,https://tblg.k-img.com/restaurant/images/Rvw/49929/320x320_square_49929241.jpg,https://tabelog.com/kanagawa/A1401/A140102/14052421/,35.4478238,139.634794
178,清流満月,https://tblg.k-img.com/restaurant/images/Rvw/76830/320x320_square_76830249.jpg,https://tabelog.com/kanagawa/A1401/A140102/14068950/,35.447399,139.6294982
179,UKKIE'Sバル,https://tblg.k-img.com/restaurant/images/Rvw/40033/320x320_square_40033131.jpg,https://tabelog.com/kanagawa/A1401/A140104/14006905/,35.4432229,139.6314018
180,マークス ガストロノミー&ワイン,https://tblg.k-img.com/restaurant/images/Rvw/109134/320x320_square_109134448.jpg,https://tabelog.com/kanagawa/A1401/A140105/14062611/,35.440737,139.650328
181,横浜紅葉坂日本酒 ふじひら,https://tblg.k-img.com/restaurant/images/Rvw/86421/320x320_square_86421745.jpg,https://tabelog.com/kanagawa/A1401/A140102/14071623/,35.4515495,139.6286129
182,海なぎ,https://tblg.k-img.com/restaurant/images/Rvw/119183/320x320_square_119183536.jpg,https://tabelog.com/kanagawa/A1401/A140104/14068683/,35.4455691,139.6371993
183,オステリア カーロ ザンパータ,https://tblg.k-img.com/restaurant/images/Rvw/124650/320x320_square_124650532.jpg,https://tabelog.com/kanagawa/A1401/A140204/14063775/,35.5374281,139.631232
184,Hokkaido Gourmet Dining 北海道 横浜スカイビル店,https://tblg.k-img.com/restaurant/images/Rvw/98742/320x320_square_98742827.jpg,https://tabelog.com/kanagawa/A1401/A140101/14032438/,35.4645916,139.6245605
185,カステリーナ,https://tblg.k-img.com/restaurant/images/Rvw/119342/320x320_square_119342402.jpg,https://tabelog.com/kanagawa/A1401/A140101/14076411/,35.4667985,139.6167811
186,一軒家イタリアン 3丁目 Rigatto,https://tblg.k-img.com/restaurant/images/Rvw/99776/320x320_square_99776004.jpg,https://tabelog.com/kanagawa/A1401/A140102/14073867/,35.448246,139.6278932
187,CAMPARI,https://tblg.k-img.com/restaurant/images/Rvw/120913/320x320_square_120913317.jpg,https://tabelog.com/kanagawa/A1401/A140104/14075116/,35.4465629,139.6387976
188,串亭 横浜みなとみらい,https://tblg.k-img.com/restaurant/images/Rvw/133223/320x320_square_133223652.jpg,https://tabelog.com/kanagawa/A1401/A140101/14051495/,35.4547984,139.6308692
189,パパバジィ,https://tblg.k-img.com/restaurant/images/Rvw/108619/320x320_square_108619004.jpg,https://tabelog.com/kanagawa/A1401/A140305/14075239/,35.3968069,139.5310721
190,Bistrot Grand Village,https://tblg.k-img.com/restaurant/images/Rvw/105211/320x320_square_105211716.jpg,https://tabelog.com/kanagawa/A1401/A140106/14074379/,35.4281857,139.6462753
191,安波,https://tblg.k-img.com/restaurant/images/Rvw/126950/320x320_square_126950719.jpg,https://tabelog.com/kanagawa/A1401/A140205/14078706/,35.4857987,139.6269326
192,オステリア サーレ エ ペペ,https://tblg.k-img.com/restaurant/images/Rvw/100976/320x320_square_100976921.jpg,https://tabelog.com/kanagawa/A1401/A140104/14073226/,35.4475577,139.6403428
193,ビストロ ヴァン ヴァン,https://tblg.k-img.com/restaurant/images/Rvw/29352/320x320_square_29352096.jpg,https://tabelog.com/kanagawa/A1401/A140206/14050158/,35.5097195,139.6148098
194,食彩房 桃の花,https://tblg.k-img.com/restaurant/images/Rvw/34153/320x320_square_34153561.jpg,https://tabelog.com/kanagawa/A1401/A140302/14053281/,35.4764057,139.5483138
195,がちまや～,https://tblg.k-img.com/restaurant/images/Rvw/32808/320x320_square_32808566.jpg,https://tabelog.com/kanagawa/A1401/A140305/14055481/,35.442594,139.63442
196,メルチェ カフェアンドレストラン,https://tblg.k-img.com/restaurant/images/Rvw/145915/320x320_square_145915130.jpg,https://tabelog.com/kanagawa/A1401/A140201/14081874/,35.5753808,139.5572859
197,恵手得亭,https://tblg.k-img.com/restaurant/images/Rvw/84827/320x320_square_84827710.jpg,https://tabelog.com/kanagawa/A1401/A140104/14054481/,35.446558,139.639067
198,エタージュ,https://tblg.k-img.com/restaurant/images/Rvw/146758/320x320_square_146758544.jpg,https://tabelog.com/kanagawa/A1401/A140102/14050414/,35.4477624,139.6269196
199,えいりぃ亭,https://tblg.k-img.com/restaurant/images/Rvw/57137/320x320_square_57137009.jpg,https://tabelog.com/kanagawa/A1401/A140203/14061140/,35.5560019,139.5782681
200,VALIOSO,https://tblg.k-img.com/restaurant/images/Rvw/107301/320x320_square_107301013.jpg,https://tabelog.com/kanagawa/A1401/A140204/14060832/,35.5352031,139.6325815
201,すし海,https://tblg.k-img.com/restaurant/images/Rvw/89516/320x320_square_89516540.jpg,https://tabelog.com/kanagawa/A1401/A140302/14070393/,35.4783305,139.5656465
202,焼肉DINING BULLS,https://tblg.k-img.com/restaurant/images/Rvw/62946/320x320_square_62946492.jpg,https://tabelog.com/kanagawa/A1401/A140102/14064432/,35.447688,139.630478
203,焼肉 AJITO 総本店,https://tblg.k-img.com/restaurant/images/Rvw/130187/320x320_square_130187028.jpg,https://tabelog.com/kanagawa/A1401/A140101/14078935/,35.4690389,139.6220565
204,PANWOK,https://tblg.k-img.com/restaurant/images/Rvw/102164/320x320_square_102164893.jpg,https://tabelog.com/kanagawa/A1401/A140101/14003373/,35.4648968,139.6175753
205,マルコヴィッチコネクション,https://tblg.k-img.com/restaurant/images/Rvw/122117/320x320_square_122117958.jpg,https://tabelog.com/kanagawa/A1401/A140101/14076913/,35.4667579,139.6168086
206,Grill＆Oyster Rico 牡蠣と魚,https://tblg.k-img.com/restaurant/images/Rvw/126871/320x320_square_126871099.jpg,https://tabelog.com/kanagawa/A1401/A140202/14052093/,35.5423304,139.5153054
207,ミゲルフアニ 三井アウトレットパーク 横浜ベイサイド店,https://tblg.k-img.com/restaurant/images/Rvw/146896/320x320_square_146896843.jpg,https://tabelog.com/kanagawa/A1401/A140310/14078928/,35.3796302,139.6474488
208,500kcal Truffle Farm,https://tblg.k-img.com/restaurant/images/Rvw/124889/320x320_square_124889364.jpg,https://tabelog.com/kanagawa/A1401/A140104/14077201/,35.4561395,139.6416697
209,あぐーしゃぶしゃぶ 青,https://tblg.k-img.com/restaurant/images/Rvw/83792/320x320_square_83792084.jpg,https://tabelog.com/kanagawa/A1401/A140104/14066281/,35.4478917,139.6390921
210,海底撈火鍋 横浜駅前店,https://tblg.k-img.com/restaurant/images/Rvw/143619/320x320_square_143619941.jpg,https://tabelog.com/kanagawa/A1401/A140101/14081707/,35.4674321,139.6211825
211,ユニバーサルダイニング ONE,https://tblg.k-img.com/restaurant/images/Rvw/136857/320x320_square_136857913.jpg,https://tabelog.com/kanagawa/A1401/A140104/14080443/,35.4503614,139.6342277
212,貝と炭火と日本酒 撓 横浜鶴屋町店,https://tblg.k-img.com/restaurant/images/Rvw/108510/320x320_square_108510245.jpg,https://tabelog.com/kanagawa/A1401/A140101/14035886/,35.468525,139.623213
213,桜木町de焼肉DOURAKU,https://tblg.k-img.com/restaurant/images/Rvw/120223/320x320_square_120223742.jpg,https://tabelog.com/kanagawa/A1401/A140102/14077341/,35.4507583,139.6325174
214,焼鳥ヤタガラス 横浜,https://tblg.k-img.com/restaurant/images/Rvw/140938/320x320_square_140938744.jpg,https://tabelog.com/kanagawa/A1401/A140101/14080786/,35.4690608,139.6223017
215,本格手打ち蕎麦・酒・蕎麦割烹 壱 クラシック,https://tblg.k-img.com/restaurant/images/Rvw/139342/320x320_square_139342951.jpg,https://tabelog.com/kanagawa/A1401/A140104/14079838/,35.4479185,139.6349821
216,ドゥジェーム ラ セーヌ,https://tblg.k-img.com/restaurant/images/Rvw/106457/320x320_square_106457659.jpg,https://tabelog.com/kanagawa/A1401/A140105/14072856/,35.438412,139.6457483
217,オステリア オーラン,https://tblg.k-img.com/restaurant/images/Rvw/135706/320x320_square_135706845.jpg,https://tabelog.com/kanagawa/A1401/A140303/14071799/,35.4656472,139.5024508
218,KICHIRI 横浜,https://tblg.k-img.com/restaurant/images/Rvw/77096/320x320_square_77096325.jpg,https://tabelog.com/kanagawa/A1401/A140101/14030994/,35.4678984,139.6231177
219,牛兵衛 草庵 そごう横浜店,https://tblg.k-img.com/restaurant/images/Rvw/90583/320x320_square_90583345.jpg,https://tabelog.com/kanagawa/A1401/A140101/14058924/,35.4655381,139.6255138
220,東天紅 横浜桜木町ワシントンホテル店,https://tblg.k-img.com/restaurant/images/Rvw/27081/320x320_square_27081567.jpg,https://tabelog.com/kanagawa/A1401/A140104/14006043/,35.450812,139.632698
221,good spoon pizzeria&cheese 横浜モアーズ店,https://tblg.k-img.com/restaurant/images/Rvw/127509/320x320_square_127509257.jpg,https://tabelog.com/kanagawa/A1401/A140101/14078364/,35.4673033,139.6221437
222,キクチ,https://tblg.k-img.com/restaurant/images/Rvw/54985/320x320_square_54985902.jpg,https://tabelog.com/kanagawa/A1401/A140106/14001930/,35.4302849,139.6627568
223,bar SLOW,https://tblg.k-img.com/restaurant/images/Rvw/67564/320x320_square_67564692.jpg,https://tabelog.com/kanagawa/A1401/A140105/14031385/,35.4437688,139.6430273
224,スーパーノヴァ,https://tblg.k-img.com/restaurant/images/Rvw/45763/320x320_square_45763582.jpg,https://tabelog.com/kanagawa/A1401/A140104/14036431/,35.4475856,139.6367251
225,KITCHEN MANE,https://tblg.k-img.com/restaurant/images/Rvw/116391/320x320_square_116391182.jpg,https://tabelog.com/kanagawa/A1401/A140104/14076659/,35.45189,139.6381783
226,WAGO,https://tblg.k-img.com/restaurant/images/Rvw/137948/320x320_square_137948264.jpg,https://tabelog.com/kanagawa/A1401/A140212/14073516/,35.4693103,139.6243868
227,完全個室居酒屋 ふらり 新横浜店,https://tblg.k-img.com/restaurant/images/Rvw/127304/320x320_square_127304991.jpg,https://tabelog.com/kanagawa/A1401/A140206/14061572/,35.50947,139.616026
228,あいぐん　寛ぎ刻・旬味厨房,https://tblg.k-img.com/restaurant/images/Rvw/21718/320x320_square_21718299.jpg,https://tabelog.com/kanagawa/A1401/A140308/14045862/,35.3948692,139.610728
229,満月いぶき 横浜鶴屋町,https://tblg.k-img.com/restaurant/images/Rvw/133118/320x320_square_133118460.jpg,https://tabelog.com/kanagawa/A1401/A140101/14079647/,35.4688414,139.623115
230,フェスタ カリーナ,https://tblg.k-img.com/restaurant/images/Rvw/17755/320x320_square_17755320.jpg,https://tabelog.com/kanagawa/A1401/A140104/14024135/,35.4501704,139.6378963
231,シュリンプサンセット,https://tblg.k-img.com/restaurant/images/Rvw/82868/320x320_square_82868055.jpg,https://tabelog.com/kanagawa/A1401/A140104/14070281/,35.4437379,139.6323681
232,UMAMI日本酒弐番館,https://tblg.k-img.com/restaurant/images/Rvw/141846/320x320_square_141846787.jpg,https://tabelog.com/kanagawa/A1401/A140101/14059394/,35.4688103,139.6207816
233,LA GRACE,https://tblg.k-img.com/restaurant/images/Rvw/44148/320x320_square_44148948.jpg,https://tabelog.com/kanagawa/A1401/A140305/14008134/,35.4043386,139.5368369
234,bal404,https://tblg.k-img.com/restaurant/images/Rvw/132375/320x320_square_132375610.jpg,https://tabelog.com/kanagawa/A1401/A140205/14067390/,35.4898885,139.6275948
235,やきとり直,https://tblg.k-img.com/restaurant/images/Rvw/133843/320x320_square_133843262.jpg,https://tabelog.com/kanagawa/A1401/A140104/14079826/,35.4469894,139.6383818
236,キッチンフライペン,https://tblg.k-img.com/restaurant/images/Rvw/138362/320x320_square_138362299.jpg,https://tabelog.com/kanagawa/A1401/A140104/14026598/,35.4465959,139.6371032
237,新横浜 居酒屋 すずの邸 和食と完全個室,https://tblg.k-img.com/restaurant/images/Rvw/128046/320x320_square_128046368.jpg,https://tabelog.com/kanagawa/A1401/A140206/14059977/,35.5094451,139.6160641
238,すし酒場 ベニーアンドブル,https://tblg.k-img.com/restaurant/images/Rvw/131210/320x320_square_131210478.jpg,https://tabelog.com/kanagawa/A1401/A140203/14061141/,35.5367218,139.5891139
239,仲町台焼肉 一喜FARM,https://tblg.k-img.com/restaurant/images/Rvw/125179/320x320_square_125179184.jpg,https://tabelog.com/kanagawa/A1401/A140203/14078263/,35.534548,139.589137
240,野毛スタンディングバーAMANDA,https://tblg.k-img.com/restaurant/images/Rvw/65645/320x320_square_65645835.jpg,https://tabelog.com/kanagawa/A1401/A140102/14066677/,35.446826,139.6284539
241,Bistro & Wine Faein,https://tblg.k-img.com/restaurant/images/Rvw/130946/320x320_square_130946313.jpg,https://tabelog.com/kanagawa/A1401/A140106/14064994/,35.431587,139.649722
242,鮮や一夜 横浜相鉄口店,https://tblg.k-img.com/restaurant/images/Rvw/73757/320x320_square_73757689.jpg,https://tabelog.com/kanagawa/A1401/A140101/14053766/,35.4639949,139.6167729
243,Cafe & Bar Lotta TSUTAYA BOOKSTORE 弥生台店,https://tblg.k-img.com/restaurant/images/Rvw/134689/320x320_square_134689810.jpg,https://tabelog.com/kanagawa/A1401/A140304/14080071/,35.4286522,139.5071526
244,個室居酒屋 もつ鍋博多屋 横浜駅前店,https://tblg.k-img.com/restaurant/images/Rvw/96466/320x320_square_96466928.jpg,https://tabelog.com/kanagawa/A1401/A140101/14073336/,35.4688492,139.6214509
245,肉バルICHIE 横浜西口,https://tblg.k-img.com/restaurant/images/Rvw/124756/320x320_square_124756487.jpg,https://tabelog.com/kanagawa/A1401/A140102/14064960/,35.4640313,139.6163775
246,うらしま,https://tblg.k-img.com/restaurant/images/Rvw/44201/320x320_square_44201781.jpg,https://tabelog.com/kanagawa/A1401/A140104/14008520/,35.48224965,139.6428885
247,焼肉うしぞの,https://tblg.k-img.com/restaurant/images/Rvw/119546/320x320_square_119546693.jpg,https://tabelog.com/kanagawa/A1401/A140210/14077436/,35.509235,139.6755891
248,レストラン アール,https://tblg.k-img.com/restaurant/images/Rvw/127540/320x320_square_127540520.jpg,https://tabelog.com/kanagawa/A1401/A140304/14069552/,35.4436892,139.5254663
249,RAI’SBAR,https://tblg.k-img.com/restaurant/images/Rvw/16221/320x320_square_16221368.jpg,https://tabelog.com/kanagawa/A1401/A140101/14001989/,35.4692614,139.6237909
250,バーハレラニ,https://tblg.k-img.com/restaurant/images/Rvw/23799/320x320_square_23799775.jpg,https://tabelog.com/kanagawa/A1401/A140212/14003031/,35.4690992,139.6306159
251,ビストロノミー・ラトリエ1959・ヨコハマ,https://tblg.k-img.com/restaurant/images/Rvw/52571/320x320_square_52571216.jpg,https://tabelog.com/kanagawa/A1401/A140104/14054755/,35.4455383,139.6326254
252,肉×ワイン ビストロ・イタリアン ユナイテッド,https://tblg.k-img.com/restaurant/images/Rvw/143278/320x320_square_143278156.jpg,https://tabelog.com/kanagawa/A1401/A140305/14079501/,35.3987141,139.5316464
253,炭火焼鶏 酉乃,https://tblg.k-img.com/restaurant/images/Rvw/64063/320x320_square_64063290.jpg,https://tabelog.com/kanagawa/A1401/A140306/14066502/,35.4274333,139.60675
254,濱正,https://tblg.k-img.com/restaurant/images/Rvw/76401/320x320_square_76401478.jpg,https://tabelog.com/kanagawa/A1401/A140205/14069019/,35.4764456,139.6270893
255,Chez Mamie,https://tblg.k-img.com/restaurant/images/Rvw/114705/320x320_square_114705989.jpg,https://tabelog.com/kanagawa/A1401/A140205/14076667/,35.498415,139.6324287
256,裏横 肉バル ボースン,https://tblg.k-img.com/restaurant/images/Rvw/81948/320x320_square_81948525.jpg,https://tabelog.com/kanagawa/A1401/A140101/14070298/,35.4628833,139.6224621
257,Zona,https://tblg.k-img.com/restaurant/images/Rvw/15478/320x320_square_15478058.jpg,https://tabelog.com/kanagawa/A1401/A140203/14006936/,35.4867702,139.6070235
258,エスカイヤクラブ 横浜,https://tblg.k-img.com/restaurant/images/Rvw/11849/320x320_square_11849414.jpg,https://tabelog.com/kanagawa/A1401/A140101/14031813/,35.4674321,139.6211825
259,Bar&Dining ReX,https://tblg.k-img.com/restaurant/images/Rvw/135185/320x320_square_135185831.jpg,https://tabelog.com/kanagawa/A1401/A140306/14033329/,35.42596,139.603471
260,エスカルゼ,https://tblg.k-img.com/restaurant/images/Rvw/27874/320x320_square_27874712.jpg,https://tabelog.com/kanagawa/A1401/A140104/14054494/,35.4448875,139.6358616
261,鮨 蒼井,https://tblg.k-img.com/restaurant/images/Rvw/144388/320x320_square_144388366.jpg,https://tabelog.com/kanagawa/A1401/A140202/14068357/,35.5407075,139.519523
262,和創作 いろは,https://tblg.k-img.com/restaurant/images/Rvw/135995/320x320_square_135995892.jpg,https://tabelog.com/kanagawa/A1401/A140104/14077818/,35.4467697,139.6388264
263,横浜テラス 横浜西口駅前店,https://tblg.k-img.com/restaurant/images/Rvw/133851/320x320_square_133851261.jpg,https://tabelog.com/kanagawa/A1401/A140101/14079403/,35.4657546,139.6194854
264,魚屋酒場フィッシャー,https://tblg.k-img.com/restaurant/images/Rvw/119066/320x320_square_119066888.jpg,https://tabelog.com/kanagawa/A1401/A140210/14077090/,35.507324,139.6784358
265,焼鳥 一二三,https://tblg.k-img.com/restaurant/images/Rvw/137547/320x320_square_137547263.jpg,https://tabelog.com/kanagawa/A1401/A140106/14080580/,35.4320459,139.6492793
266,洋 若蔵,https://tblg.k-img.com/restaurant/images/Rvw/104854/320x320_square_104854404.jpg,https://tabelog.com/kanagawa/A1401/A140101/14073590/,35.4627709,139.6223202
267,グリルアンドシーテーブル アキト みなとみらい店,https://tblg.k-img.com/restaurant/images/Rvw/87645/320x320_square_87645713.jpg,https://tabelog.com/kanagawa/A1401/A140102/14067644/,35.4536619,139.6330227
268,ポコ ア ポコ,https://tblg.k-img.com/restaurant/images/Rvw/126201/320x320_square_126201502.jpg,https://tabelog.com/kanagawa/A1401/A140303/14073574/,35.4660444,139.5300741
269,オールドデイズクラブ,https://tblg.k-img.com/restaurant/images/Rvw/66838/320x320_square_66838911.jpg,https://tabelog.com/kanagawa/A1401/A140105/14067500/,35.44137,139.6541035
270,千年の宴 新横浜駅前店,https://tblg.k-img.com/restaurant/images/Rvw/49961/320x320_square_49961725.jpg,https://tabelog.com/kanagawa/A1401/A140206/14029002/,35.5086032,139.6183173
271,全席個室 楽蔵うたげ 関内駅前店,https://tblg.k-img.com/restaurant/images/Rvw/67364/320x320_square_67364286.jpg,https://tabelog.com/kanagawa/A1401/A140104/14046847/,35.4455306,139.6349259
272,呑みきち 日吉店,https://tblg.k-img.com/restaurant/images/Rvw/16090/320x320_square_16090349.jpg,https://tabelog.com/kanagawa/A1401/A140204/14008948/,35.5539737,139.6447817
273,完全個室居酒屋 京こまち 新横浜店,https://tblg.k-img.com/restaurant/images/Rvw/128187/320x320_square_128187142.jpg,https://tabelog.com/kanagawa/A1401/A140206/14065099/,35.5091839,139.6155568
274,Piano Dining ももんち,https://tblg.k-img.com/restaurant/images/Rvw/59228/320x320_square_59228137.jpg,https://tabelog.com/kanagawa/A1401/A140102/14065668/,35.444122,139.626696
275,三代目 野鳥,https://tblg.k-img.com/restaurant/images/Rvw/137624/320x320_square_137624500.jpg,https://tabelog.com/kanagawa/A1401/A140104/14080000/,35.4483167,139.635125
276,旬彩料理 十三夜,https://tblg.k-img.com/restaurant/images/Rvw/132635/320x320_square_132635965.jpg,https://tabelog.com/kanagawa/A1401/A140104/14073113/,35.4502266,139.6385228
277,osteria kota,https://tblg.k-img.com/restaurant/images/Rvw/121810/320x320_square_121810106.jpg,https://tabelog.com/kanagawa/A1401/A140104/14076587/,35.4463515,139.6382182
278,PERCH,https://tblg.k-img.com/restaurant/images/Rvw/146471/320x320_square_146471984.jpg,https://tabelog.com/kanagawa/A1401/A140102/14081156/,35.4619634,139.6170497
279,全席個室 楽蔵うたげ 新横浜店,https://tblg.k-img.com/restaurant/images/Rvw/85880/320x320_square_85880601.jpg,https://tabelog.com/kanagawa/A1401/A140206/14059102/,35.5083379,139.6151076
280,東戸塚 全席個室居酒屋 藁焼き直七,https://tblg.k-img.com/restaurant/images/Rvw/108674/320x320_square_108674088.jpg,https://tabelog.com/kanagawa/A1401/A140305/14075543/,35.4311044,139.5571118
281,完全個室プライベートダイニング 彩 新横浜店,https://tblg.k-img.com/restaurant/images/Rvw/113890/320x320_square_113890048.jpg,https://tabelog.com/kanagawa/A1401/A140206/14065091/,35.50919,139.6155442
,,,,#REF!,#REF!
